event_id,year_num,dest_office_id,dest_section_id,dest_norm_kyoku,dest_kyoku_group,dest_ka,dest_ka_group,dest_pos_norm,dest_occupation,dest_pos_rank,origin_office_id,distance_cat,origin_matched_workers,origin_max_prior_hiring,chosen,prewar_flow_count,log_prewar_flow_count,prewar_tie,same_section,same_department,log_origin_matched_workers,log_origin_prior_hiring,same_section_feasible,chosen_same_section
evt_106,1944,1489,1489_grp_179,教育局,education,庶務課,179,雇,yato,1,1130,same_department,2,2,0,0,0,0,0,1,1.0986122886681098,1.0986122886681098,0,0
evt_106,1944,1489,1489_grp_179,教育局,education,庶務課,179,雇,yato,1,1147,different_department,2,3,0,0,0,0,0,0,1.0986122886681098,1.3862943611198906,0,0
evt_106,1944,1489,1489_grp_179,教育局,education,庶務課,179,雇,yato,1,1190,different_department,10,20,0,0,0,0,0,0,2.3978952727983707,3.044522437723423,0,0
evt_106,1944,1489,1489_grp_179,教育局,education,庶務課,179,雇,yato,1,1225,different_department,1,1,0,0,0,0,0,0,0.6931471805599453,0.6931471805599453,0,0
evt_106,1944,1489,1489_grp_179,教育局,education,庶務課,179,雇,yato,1,1449,same_department,11,20,0,0,0,0,0,1,2.4849066497880004,3.044522437723423,0,0
evt_106,1944,1489,1489_grp_179,教育局,education,庶務課,179,雇,yato,1,1478,different_department,7,5,0,0,0,0,0,0,2.0794415416798357,1.791759469228055,0,0
evt_106,1944,1489,1489_grp_179,教育局,education,庶務課,179,雇,yato,1,1555,different_department,14,11,0,0,0,0,0,0,2.70805020110221,2.4849066497880004,0,0
evt_106,1944,1489,1489_grp_179,教育局,education,庶務課,179,雇,yato,1,1566,different_department,1,3,0,0,0,0,0,0,0.6931471805599453,1.3862943611198906,0,0
evt_106,1944,1489,1489_grp_179,教育局,education,庶務課,179,雇,yato,1,1642,different_department,4,15,0,0,0,0,0,0,1.6094379124341003,2.772588722239781,0,0
evt_106,1944,1489,1489_grp_179,教育局,education,庶務課,179,雇,yato,1,1697,different_department,2,2,0,0,0,0,0,0,1.0986122886681098,1.0986122886681098,0,0
evt_106,1944,1489,1489_grp_179,教育局,education,庶務課,179,雇,yato,1,1752,different_department,7,11,0,0,0,0,0,0,2.0794415416798357,2.4849066497880004,0,0
evt_106,1944,1489,1489_grp_179,教育局,education,庶務課,179,雇,yato,1,1896,different_department,5,1,0,0,0,0,0,0,1.791759469228055,0.6931471805599453,0,0
evt_106,1944,1489,1489_grp_179,教育局,education,庶務課,179,雇,yato,1,1906,different_department,1,15,0,0,0,0,0,0,0.6931471805599453,2.772588722239781,0,0
evt_106,1944,1489,1489_grp_179,教育局,education,庶務課,179,雇,yato,1,1972,different_department,1,13,0,0,0,0,0,0,0.6931471805599453,2.6390573296152584,0,0
evt_106,1944,1489,1489_grp_179,教育局,education,庶務課,179,雇,yato,1,1989,different_department,1,41,0,0,0,0,0,0,0.6931471805599453,3.7376696182833684,0,0
evt_106,1944,1489,1489_grp_179,教育局,education,庶務課,179,雇,yato,1,2051,different_department,3,1,0,0,0,0,0,0,1.3862943611198906,0.6931471805599453,0,0
evt_106,1944,1489,1489_grp_179,教育局,education,庶務課,179,雇,yato,1,2056,different_department,6,15,0,0,0,0,0,0,1.9459101490553132,2.772588722239781,0,0
evt_106,1944,1489,1489_grp_179,教育局,education,庶務課,179,雇,yato,1,2071,different_department,1,16,0,0,0,0,0,0,0.6931471805599453,2.833213344056216,0,0
evt_106,1944,1489,1489_grp_179,教育局,education,庶務課,179,雇,yato,1,2109,different_department,5,6,0,0,0,0,0,0,1.791759469228055,1.9459101490553132,0,0
evt_106,1944,1489,1489_grp_179,教育局,education,庶務課,179,雇,yato,1,2118,different_department,2,16,0,0,0,0,0,0,1.0986122886681098,2.833213344056216,0,0
evt_106,1944,1489,1489_grp_179,教育局,education,庶務課,179,雇,yato,1,2123,different_department,2,1,0,0,0,0,0,0,1.0986122886681098,0.6931471805599453,0,0
evt_106,1944,1489,1489_grp_179,教育局,education,庶務課,179,雇,yato,1,2125,different_department,5,7,0,0,0,0,0,0,1.791759469228055,2.0794415416798357,0,0
evt_106,1944,1489,1489_grp_179,教育局,education,庶務課,179,雇,yato,1,2138,different_department,3,5,0,0,0,0,0,0,1.3862943611198906,1.791759469228055,0,0
evt_106,1944,1489,1489_grp_179,教育局,education,庶務課,179,雇,yato,1,2143,different_department,4,10,0,0,0,0,0,0,1.6094379124341003,2.3978952727983707,0,0
evt_106,1944,1489,1489_grp_179,教育局,education,庶務課,179,雇,yato,1,2158,different_department,3,1,0,0,0,0,0,0,1.3862943611198906,0.6931471805599453,0,0
evt_106,1944,1489,1489_grp_179,教育局,education,庶務課,179,雇,yato,1,2159,different_department,2,4,0,0,0,0,0,0,1.0986122886681098,1.6094379124341003,0,0
evt_106,1944,1489,1489_grp_179,教育局,education,庶務課,179,雇,yato,1,2213,different_department,7,7,0,0,0,0,0,0,2.0794415416798357,2.0794415416798357,0,0
evt_106,1944,1489,1489_grp_179,教育局,education,庶務課,179,雇,yato,1,5869,different_department,3,28,0,0,0,0,0,0,1.3862943611198906,3.367295829986474,0,0
evt_106,1944,1489,1489_grp_179,教育局,education,庶務課,179,雇,yato,1,6328,different_department,5,26,0,0,0,0,0,0,1.791759469228055,3.295836866004329,0,0
evt_106,1944,1489,1489_grp_179,教育局,education,庶務課,179,雇,yato,1,6415,different_department,1,1,0,0,0,0,0,0,0.6931471805599453,0.6931471805599453,0,0
evt_106,1944,1489,1489_grp_179,教育局,education,庶務課,179,雇,yato,1,6501,different_department,1,2,0,0,0,0,0,0,0.6931471805599453,1.0986122886681098,0,0
evt_106,1944,1489,1489_grp_179,教育局,education,庶務課,179,雇,yato,1,6641,different_department,1,1,0,0,0,0,0,0,0.6931471805599453,0.6931471805599453,0,0
evt_106,1944,1489,1489_grp_179,教育局,education,庶務課,179,雇,yato,1,6701,same_department,1,12,0,0,0,0,0,1,0.6931471805599453,2.5649493574615367,0,0
evt_106,1944,1489,1489_grp_179,教育局,education,庶務課,179,雇,yato,1,6843,different_department,12,4,0,0,0,0,0,0,2.5649493574615367,1.6094379124341003,0,0
evt_106,1944,1489,1489_grp_179,教育局,education,庶務課,179,雇,yato,1,6844,different_department,1,6,0,0,0,0,0,0,0.6931471805599453,1.9459101490553132,0,0
evt_106,1944,1489,1489_grp_179,教育局,education,庶務課,179,雇,yato,1,6845,different_department,2,16,0,0,0,0,0,0,1.0986122886681098,2.833213344056216,0,0
evt_106,1944,1489,1489_grp_179,教育局,education,庶務課,179,雇,yato,1,6953,different_department,19,25,0,0,0,0,0,0,2.995732273553991,3.258096538021482,0,0
evt_106,1944,1489,1489_grp_179,教育局,education,庶務課,179,雇,yato,1,7506,same_department,2,93,0,0,0,0,0,1,1.0986122886681098,4.543294782270004,0,0
evt_106,1944,1489,1489_grp_179,教育局,education,庶務課,179,雇,yato,1,7525,different_department,4,5,0,0,0,0,0,0,1.6094379124341003,1.791759469228055,0,0
evt_106,1944,1489,1489_grp_179,教育局,education,庶務課,179,雇,yato,1,7782,different_department,5,32,0,0,0,0,0,0,1.791759469228055,3.4965075614664802,0,0
evt_106,1944,1489,1489_grp_179,教育局,education,庶務課,179,雇,yato,1,8164,different_department,7,9,0,0,0,0,0,0,2.0794415416798357,2.302585092994046,0,0
evt_106,1944,1489,1489_grp_179,教育局,education,庶務課,179,雇,yato,1,8321,different_department,4,7,0,0,0,0,0,0,1.6094379124341003,2.0794415416798357,0,0
evt_106,1944,1489,1489_grp_179,教育局,education,庶務課,179,雇,yato,1,8358,different_department,15,81,0,0,0,0,0,0,2.772588722239781,4.406719247264253,0,0
evt_106,1944,1489,1489_grp_179,教育局,education,庶務課,179,雇,yato,1,8490,different_department,11,37,0,0,0,0,0,0,2.4849066497880004,3.6375861597263857,0,0
evt_106,1944,1489,1489_grp_179,教育局,education,庶務課,179,雇,yato,1,8594,different_department,7,16,0,0,0,0,0,0,2.0794415416798357,2.833213344056216,0,0
evt_106,1944,1489,1489_grp_179,教育局,education,庶務課,179,雇,yato,1,8757,different_department,4,7,0,0,0,0,0,0,1.6094379124341003,2.0794415416798357,0,0
evt_106,1944,1489,1489_grp_179,教育局,education,庶務課,179,雇,yato,1,8882,different_department,1,28,0,0,0,0,0,0,0.6931471805599453,3.367295829986474,0,0
evt_106,1944,1489,1489_grp_179,教育局,education,庶務課,179,雇,yato,1,8899,different_department,4,9,0,0,0,0,0,0,1.6094379124341003,2.302585092994046,0,0
evt_106,1944,1489,1489_grp_179,教育局,education,庶務課,179,雇,yato,1,8905,same_department,19,14,1,0,0,0,0,1,2.995732273553991,2.70805020110221,0,0
evt_106,1944,1489,1489_grp_179,教育局,education,庶務課,179,雇,yato,1,8946,different_department,1,29,0,0,0,0,0,0,0.6931471805599453,3.4011973816621555,0,0
evt_106,1944,1489,1489_grp_179,教育局,education,庶務課,179,雇,yato,1,8994,same_department,13,28,0,0,0,0,0,1,2.6390573296152584,3.367295829986474,0,0
evt_106,1944,1489,1489_grp_179,教育局,education,庶務課,179,雇,yato,1,8996,different_department,2,2,0,0,0,0,0,0,1.0986122886681098,1.0986122886681098,0,0
evt_109,1944,1492,1492_grp_825,交通局,transport,教習所,825,所長,non_engineer,2,2071,same_department,1,16,1,0,0,0,0,1,0.6931471805599453,2.833213344056216,0,0
evt_109,1944,1492,1492_grp_825,交通局,transport,教習所,825,所長,non_engineer,2,8358,same_department,4,81,0,0,0,0,0,1,1.6094379124341003,4.406719247264253,0,0
evt_113,1944,1529,1529_grp_24,計晝局,NA,企画課,24,Unknown,non_engineer,2,1449,same_section,5,20,0,0,0,0,1,0,1.791759469228055,3.044522437723423,1,1
evt_113,1944,1529,1529_grp_24,計晝局,NA,企画課,24,Unknown,non_engineer,2,1531,same_section,2,1,1,0,0,0,1,0,1.0986122886681098,0.6931471805599453,1,1
evt_113,1944,1529,1529_grp_24,計晝局,NA,企画課,24,Unknown,non_engineer,2,8905,same_section,6,14,0,0,0,0,1,0,1.9459101490553132,2.70805020110221,1,1
evt_131,1944,1552,1552_grp_4,交通局,transport,交通局経理課,4,Unknown,non_engineer,2,1130,different_department,7,2,0,0,0,0,0,0,2.0794415416798357,1.0986122886681098,1,1
evt_131,1944,1552,1552_grp_4,交通局,transport,交通局経理課,4,Unknown,non_engineer,2,1147,same_department,1,3,0,0,0,0,0,1,0.6931471805599453,1.3862943611198906,1,1
evt_131,1944,1552,1552_grp_4,交通局,transport,交通局経理課,4,Unknown,non_engineer,2,1190,same_department,3,20,0,0,0,0,0,1,1.3862943611198906,3.044522437723423,1,1
evt_131,1944,1552,1552_grp_4,交通局,transport,交通局経理課,4,Unknown,non_engineer,2,1193,same_department,7,4,1,0,0,0,0,1,2.0794415416798357,1.6094379124341003,1,1
evt_131,1944,1552,1552_grp_4,交通局,transport,交通局経理課,4,Unknown,non_engineer,2,1225,different_department,1,1,0,0,0,0,0,0,0.6931471805599453,0.6931471805599453,1,1
evt_131,1944,1552,1552_grp_4,交通局,transport,交通局経理課,4,Unknown,non_engineer,2,1233,same_department,5,7,0,0,0,0,0,1,1.791759469228055,2.0794415416798357,1,1
evt_131,1944,1552,1552_grp_4,交通局,transport,交通局経理課,4,Unknown,non_engineer,2,1317,different_department,5,10,0,0,0,0,0,0,1.791759469228055,2.3978952727983707,1,1
evt_131,1944,1552,1552_grp_4,交通局,transport,交通局経理課,4,Unknown,non_engineer,2,1335,different_department,1,25,0,0,0,0,0,0,0.6931471805599453,3.258096538021482,1,1
evt_131,1944,1552,1552_grp_4,交通局,transport,交通局経理課,4,Unknown,non_engineer,2,1402,different_department,8,2,0,0,0,0,0,0,2.1972245773362196,1.0986122886681098,1,1
evt_131,1944,1552,1552_grp_4,交通局,transport,交通局経理課,4,Unknown,non_engineer,2,1449,different_department,11,20,0,0,0,0,0,0,2.4849066497880004,3.044522437723423,1,1
evt_131,1944,1552,1552_grp_4,交通局,transport,交通局経理課,4,Unknown,non_engineer,2,1478,different_department,4,5,0,0,0,0,0,0,1.6094379124341003,1.791759469228055,1,1
evt_131,1944,1552,1552_grp_4,交通局,transport,交通局経理課,4,Unknown,non_engineer,2,1486,different_department,1,2,0,0,0,0,0,0,0.6931471805599453,1.0986122886681098,1,1
evt_131,1944,1552,1552_grp_4,交通局,transport,交通局経理課,4,Unknown,non_engineer,2,1490,different_department,1,1,0,0,0,0,0,0,0.6931471805599453,0.6931471805599453,1,1
evt_131,1944,1552,1552_grp_4,交通局,transport,交通局経理課,4,Unknown,non_engineer,2,1501,different_department,1,9,0,0,0,0,0,0,0.6931471805599453,2.302585092994046,1,1
evt_131,1944,1552,1552_grp_4,交通局,transport,交通局経理課,4,Unknown,non_engineer,2,1531,different_department,2,1,0,0,0,0,0,0,1.0986122886681098,0.6931471805599453,1,1
evt_131,1944,1552,1552_grp_4,交通局,transport,交通局経理課,4,Unknown,non_engineer,2,1538,same_department,1,4,0,0,0,0,0,1,0.6931471805599453,1.6094379124341003,1,1
evt_131,1944,1552,1552_grp_4,交通局,transport,交通局経理課,4,Unknown,non_engineer,2,1555,same_section,3,11,1,0,0,0,1,0,1.3862943611198906,2.4849066497880004,1,1
evt_131,1944,1552,1552_grp_4,交通局,transport,交通局経理課,4,Unknown,non_engineer,2,1642,different_department,1,15,0,0,0,0,0,0,0.6931471805599453,2.772588722239781,1,1
evt_131,1944,1552,1552_grp_4,交通局,transport,交通局経理課,4,Unknown,non_engineer,2,1676,different_department,3,16,0,0,0,0,0,0,1.3862943611198906,2.833213344056216,1,1
evt_131,1944,1552,1552_grp_4,交通局,transport,交通局経理課,4,Unknown,non_engineer,2,1697,different_department,1,2,0,0,0,0,0,0,0.6931471805599453,1.0986122886681098,1,1
evt_131,1944,1552,1552_grp_4,交通局,transport,交通局経理課,4,Unknown,non_engineer,2,1752,different_department,5,11,0,0,0,0,0,0,1.791759469228055,2.4849066497880004,1,1
evt_131,1944,1552,1552_grp_4,交通局,transport,交通局経理課,4,Unknown,non_engineer,2,1761,different_department,2,1,0,0,0,0,0,0,1.0986122886681098,0.6931471805599453,1,1
evt_131,1944,1552,1552_grp_4,交通局,transport,交通局経理課,4,Unknown,non_engineer,2,1787,different_department,2,5,0,0,0,0,0,0,1.0986122886681098,1.791759469228055,1,1
evt_131,1944,1552,1552_grp_4,交通局,transport,交通局経理課,4,Unknown,non_engineer,2,1794,different_department,7,7,0,0,0,0,0,0,2.0794415416798357,2.0794415416798357,1,1
evt_131,1944,1552,1552_grp_4,交通局,transport,交通局経理課,4,Unknown,non_engineer,2,1896,different_department,3,1,0,0,0,0,0,0,1.3862943611198906,0.6931471805599453,1,1
evt_131,1944,1552,1552_grp_4,交通局,transport,交通局経理課,4,Unknown,non_engineer,2,1906,different_department,1,15,0,0,0,0,0,0,0.6931471805599453,2.772588722239781,1,1
evt_131,1944,1552,1552_grp_4,交通局,transport,交通局経理課,4,Unknown,non_engineer,2,1919,same_section,2,1,1,0,0,0,1,0,1.0986122886681098,0.6931471805599453,1,1
evt_131,1944,1552,1552_grp_4,交通局,transport,交通局経理課,4,Unknown,non_engineer,2,1989,different_department,1,41,0,0,0,0,0,0,0.6931471805599453,3.7376696182833684,1,1
evt_131,1944,1552,1552_grp_4,交通局,transport,交通局経理課,4,Unknown,non_engineer,2,2003,different_department,1,25,0,0,0,0,0,0,0.6931471805599453,3.258096538021482,1,1
evt_131,1944,1552,1552_grp_4,交通局,transport,交通局経理課,4,Unknown,non_engineer,2,2033,different_department,4,1,0,0,0,0,0,0,1.6094379124341003,0.6931471805599453,1,1
evt_131,1944,1552,1552_grp_4,交通局,transport,交通局経理課,4,Unknown,non_engineer,2,2056,same_department,4,15,0,0,0,0,0,1,1.6094379124341003,2.772588722239781,1,1
evt_131,1944,1552,1552_grp_4,交通局,transport,交通局経理課,4,Unknown,non_engineer,2,2071,same_department,8,16,1,0,0,0,0,1,2.1972245773362196,2.833213344056216,1,1
evt_131,1944,1552,1552_grp_4,交通局,transport,交通局経理課,4,Unknown,non_engineer,2,2072,different_department,3,1,0,0,0,0,0,0,1.3862943611198906,0.6931471805599453,1,1
evt_131,1944,1552,1552_grp_4,交通局,transport,交通局経理課,4,Unknown,non_engineer,2,2109,different_department,4,6,0,0,0,0,0,0,1.6094379124341003,1.9459101490553132,1,1
evt_131,1944,1552,1552_grp_4,交通局,transport,交通局経理課,4,Unknown,non_engineer,2,2123,same_department,2,1,0,0,0,0,0,1,1.0986122886681098,0.6931471805599453,1,1
evt_131,1944,1552,1552_grp_4,交通局,transport,交通局経理課,4,Unknown,non_engineer,2,2125,different_department,4,7,0,0,0,0,0,0,1.6094379124341003,2.0794415416798357,1,1
evt_131,1944,1552,1552_grp_4,交通局,transport,交通局経理課,4,Unknown,non_engineer,2,2138,different_department,6,5,0,0,0,0,0,0,1.9459101490553132,1.791759469228055,1,1
evt_131,1944,1552,1552_grp_4,交通局,transport,交通局経理課,4,Unknown,non_engineer,2,2143,same_department,1,10,0,0,0,0,0,1,0.6931471805599453,2.3978952727983707,1,1
evt_131,1944,1552,1552_grp_4,交通局,transport,交通局経理課,4,Unknown,non_engineer,2,2158,different_department,1,1,0,0,0,0,0,0,0.6931471805599453,0.6931471805599453,1,1
evt_131,1944,1552,1552_grp_4,交通局,transport,交通局経理課,4,Unknown,non_engineer,2,2174,different_department,5,4,0,0,0,0,0,0,1.791759469228055,1.6094379124341003,1,1
evt_131,1944,1552,1552_grp_4,交通局,transport,交通局経理課,4,Unknown,non_engineer,2,2183,same_department,7,42,0,0,0,0,0,1,2.0794415416798357,3.7612001156935624,1,1
evt_131,1944,1552,1552_grp_4,交通局,transport,交通局経理課,4,Unknown,non_engineer,2,2213,different_department,1,7,0,0,0,0,0,0,0.6931471805599453,2.0794415416798357,1,1
evt_131,1944,1552,1552_grp_4,交通局,transport,交通局経理課,4,Unknown,non_engineer,2,2221,same_department,2,1,0,0,0,0,0,1,1.0986122886681098,0.6931471805599453,1,1
evt_131,1944,1552,1552_grp_4,交通局,transport,交通局経理課,4,Unknown,non_engineer,2,5764,different_department,3,17,0,0,0,0,0,0,1.3862943611198906,2.8903717578961645,1,1
evt_131,1944,1552,1552_grp_4,交通局,transport,交通局経理課,4,Unknown,non_engineer,2,5869,same_department,1,28,0,0,0,0,0,1,0.6931471805599453,3.367295829986474,1,1
evt_131,1944,1552,1552_grp_4,交通局,transport,交通局経理課,4,Unknown,non_engineer,2,5908,different_department,2,27,0,0,0,0,0,0,1.0986122886681098,3.332204510175204,1,1
evt_131,1944,1552,1552_grp_4,交通局,transport,交通局経理課,4,Unknown,non_engineer,2,6184,different_department,2,24,0,0,0,0,0,0,1.0986122886681098,3.2188758248682006,1,1
evt_131,1944,1552,1552_grp_4,交通局,transport,交通局経理課,4,Unknown,non_engineer,2,6233,different_department,1,23,0,0,0,0,0,0,0.6931471805599453,3.1780538303479458,1,1
evt_131,1944,1552,1552_grp_4,交通局,transport,交通局経理課,4,Unknown,non_engineer,2,6328,different_department,1,26,0,0,0,0,0,0,0.6931471805599453,3.295836866004329,1,1
evt_131,1944,1552,1552_grp_4,交通局,transport,交通局経理課,4,Unknown,non_engineer,2,6337,different_department,4,5,0,0,0,0,0,0,1.6094379124341003,1.791759469228055,1,1
evt_131,1944,1552,1552_grp_4,交通局,transport,交通局経理課,4,Unknown,non_engineer,2,6701,different_department,17,12,0,0,0,0,0,0,2.8903717578961645,2.5649493574615367,1,1
evt_131,1944,1552,1552_grp_4,交通局,transport,交通局経理課,4,Unknown,non_engineer,2,6791,different_department,2,23,0,0,0,0,0,0,1.0986122886681098,3.1780538303479458,1,1
evt_131,1944,1552,1552_grp_4,交通局,transport,交通局経理課,4,Unknown,non_engineer,2,6946,different_department,3,58,0,0,0,0,0,0,1.3862943611198906,4.07753744390572,1,1
evt_131,1944,1552,1552_grp_4,交通局,transport,交通局経理課,4,Unknown,non_engineer,2,6953,different_department,4,25,0,0,0,0,0,0,1.6094379124341003,3.258096538021482,1,1
evt_131,1944,1552,1552_grp_4,交通局,transport,交通局経理課,4,Unknown,non_engineer,2,7029,different_department,2,26,0,0,0,0,0,0,1.0986122886681098,3.295836866004329,1,1
evt_131,1944,1552,1552_grp_4,交通局,transport,交通局経理課,4,Unknown,non_engineer,2,7051,same_department,2,9,0,0,0,0,0,1,1.0986122886681098,2.302585092994046,1,1
evt_131,1944,1552,1552_grp_4,交通局,transport,交通局経理課,4,Unknown,non_engineer,2,7191,different_department,1,19,0,0,0,0,0,0,0.6931471805599453,2.995732273553991,1,1
evt_131,1944,1552,1552_grp_4,交通局,transport,交通局経理課,4,Unknown,non_engineer,2,7235,different_department,1,23,0,0,0,0,0,0,0.6931471805599453,3.1780538303479458,1,1
evt_131,1944,1552,1552_grp_4,交通局,transport,交通局経理課,4,Unknown,non_engineer,2,7461,different_department,1,20,0,0,0,0,0,0,0.6931471805599453,3.044522437723423,1,1
evt_131,1944,1552,1552_grp_4,交通局,transport,交通局経理課,4,Unknown,non_engineer,2,7484,different_department,2,29,0,0,0,0,0,0,1.0986122886681098,3.4011973816621555,1,1
evt_131,1944,1552,1552_grp_4,交通局,transport,交通局経理課,4,Unknown,non_engineer,2,7492,different_department,1,26,0,0,0,0,0,0,0.6931471805599453,3.295836866004329,1,1
evt_131,1944,1552,1552_grp_4,交通局,transport,交通局経理課,4,Unknown,non_engineer,2,7506,different_department,7,93,0,0,0,0,0,0,2.0794415416798357,4.543294782270004,1,1
evt_131,1944,1552,1552_grp_4,交通局,transport,交通局経理課,4,Unknown,non_engineer,2,7525,same_department,4,5,0,0,0,0,0,1,1.6094379124341003,1.791759469228055,1,1
evt_131,1944,1552,1552_grp_4,交通局,transport,交通局経理課,4,Unknown,non_engineer,2,7748,different_department,4,38,0,0,0,0,0,0,1.6094379124341003,3.6635616461296463,1,1
evt_131,1944,1552,1552_grp_4,交通局,transport,交通局経理課,4,Unknown,non_engineer,2,7836,same_department,1,2,0,0,0,0,0,1,0.6931471805599453,1.0986122886681098,1,1
evt_131,1944,1552,1552_grp_4,交通局,transport,交通局経理課,4,Unknown,non_engineer,2,7910,different_department,2,30,0,0,0,0,0,0,1.0986122886681098,3.4339872044851463,1,1
evt_131,1944,1552,1552_grp_4,交通局,transport,交通局経理課,4,Unknown,non_engineer,2,8164,different_department,2,42,0,0,0,0,0,0,1.0986122886681098,3.7612001156935624,1,1
evt_131,1944,1552,1552_grp_4,交通局,transport,交通局経理課,4,Unknown,non_engineer,2,8358,different_department,1,9,0,0,0,0,0,0,0.6931471805599453,2.302585092994046,1,1
evt_131,1944,1552,1552_grp_4,交通局,transport,交通局経理課,4,Unknown,non_engineer,2,8426,different_department,1,3,0,0,0,0,0,0,0.6931471805599453,1.3862943611198906,1,1
evt_131,1944,1552,1552_grp_4,交通局,transport,交通局経理課,4,Unknown,non_engineer,2,8514,different_department,1,2,0,0,0,0,0,0,0.6931471805599453,1.0986122886681098,1,1
evt_131,1944,1552,1552_grp_4,交通局,transport,交通局経理課,4,Unknown,non_engineer,2,8594,same_department,1,16,0,0,0,0,0,1,0.6931471805599453,2.833213344056216,1,1
evt_131,1944,1552,1552_grp_4,交通局,transport,交通局経理課,4,Unknown,non_engineer,2,8664,different_department,2,8,0,0,0,0,0,0,1.0986122886681098,2.1972245773362196,1,1
evt_131,1944,1552,1552_grp_4,交通局,transport,交通局経理課,4,Unknown,non_engineer,2,8882,different_department,1,28,0,0,0,0,0,0,0.6931471805599453,3.367295829986474,1,1
evt_131,1944,1552,1552_grp_4,交通局,transport,交通局経理課,4,Unknown,non_engineer,2,8905,different_department,6,14,0,0,0,0,0,0,1.9459101490553132,2.70805020110221,1,1
evt_14,1944,1182,1182_grp_24,計晝局,NA,企画課,24,Unknown,non_engineer,2,1449,same_section,5,20,1,0,0,0,1,0,1.791759469228055,3.044522437723423,1,1
evt_14,1944,1182,1182_grp_24,計晝局,NA,企画課,24,Unknown,non_engineer,2,1531,same_section,2,1,0,0,0,0,1,0,1.0986122886681098,0.6931471805599453,1,1
evt_14,1944,1182,1182_grp_24,計晝局,NA,企画課,24,Unknown,non_engineer,2,8905,same_section,6,14,0,0,0,0,1,0,1.9459101490553132,2.70805020110221,1,1
evt_159,1944,1629,1629_grp_1038,交通局,transport,運輸課,1038,Unknown,non_engineer,2,1130,different_department,7,2,0,0,0,0,0,0,2.0794415416798357,1.0986122886681098,0,0
evt_159,1944,1629,1629_grp_1038,交通局,transport,運輸課,1038,Unknown,non_engineer,2,1147,same_department,1,3,0,0,0,0,0,1,0.6931471805599453,1.3862943611198906,0,0
evt_159,1944,1629,1629_grp_1038,交通局,transport,運輸課,1038,Unknown,non_engineer,2,1190,same_department,3,20,0,0,0,0,0,1,1.3862943611198906,3.044522437723423,0,0
evt_159,1944,1629,1629_grp_1038,交通局,transport,運輸課,1038,Unknown,non_engineer,2,1193,same_department,7,4,0,0,0,0,0,1,2.0794415416798357,1.6094379124341003,0,0
evt_159,1944,1629,1629_grp_1038,交通局,transport,運輸課,1038,Unknown,non_engineer,2,1225,different_department,1,1,0,0,0,0,0,0,0.6931471805599453,0.6931471805599453,0,0
evt_159,1944,1629,1629_grp_1038,交通局,transport,運輸課,1038,Unknown,non_engineer,2,1233,same_department,5,7,0,0,0,0,0,1,1.791759469228055,2.0794415416798357,0,0
evt_159,1944,1629,1629_grp_1038,交通局,transport,運輸課,1038,Unknown,non_engineer,2,1317,different_department,5,10,0,0,0,0,0,0,1.791759469228055,2.3978952727983707,0,0
evt_159,1944,1629,1629_grp_1038,交通局,transport,運輸課,1038,Unknown,non_engineer,2,1335,different_department,1,25,0,0,0,0,0,0,0.6931471805599453,3.258096538021482,0,0
evt_159,1944,1629,1629_grp_1038,交通局,transport,運輸課,1038,Unknown,non_engineer,2,1402,different_department,8,2,0,0,0,0,0,0,2.1972245773362196,1.0986122886681098,0,0
evt_159,1944,1629,1629_grp_1038,交通局,transport,運輸課,1038,Unknown,non_engineer,2,1449,different_department,11,20,0,0,0,0,0,0,2.4849066497880004,3.044522437723423,0,0
evt_159,1944,1629,1629_grp_1038,交通局,transport,運輸課,1038,Unknown,non_engineer,2,1478,different_department,4,5,0,0,0,0,0,0,1.6094379124341003,1.791759469228055,0,0
evt_159,1944,1629,1629_grp_1038,交通局,transport,運輸課,1038,Unknown,non_engineer,2,1486,different_department,1,2,0,0,0,0,0,0,0.6931471805599453,1.0986122886681098,0,0
evt_159,1944,1629,1629_grp_1038,交通局,transport,運輸課,1038,Unknown,non_engineer,2,1490,different_department,1,1,0,0,0,0,0,0,0.6931471805599453,0.6931471805599453,0,0
evt_159,1944,1629,1629_grp_1038,交通局,transport,運輸課,1038,Unknown,non_engineer,2,1501,different_department,1,9,0,0,0,0,0,0,0.6931471805599453,2.302585092994046,0,0
evt_159,1944,1629,1629_grp_1038,交通局,transport,運輸課,1038,Unknown,non_engineer,2,1531,different_department,2,1,0,0,0,0,0,0,1.0986122886681098,0.6931471805599453,0,0
evt_159,1944,1629,1629_grp_1038,交通局,transport,運輸課,1038,Unknown,non_engineer,2,1538,same_department,1,4,0,0,0,0,0,1,0.6931471805599453,1.6094379124341003,0,0
evt_159,1944,1629,1629_grp_1038,交通局,transport,運輸課,1038,Unknown,non_engineer,2,1555,same_department,3,11,0,0,0,0,0,1,1.3862943611198906,2.4849066497880004,0,0
evt_159,1944,1629,1629_grp_1038,交通局,transport,運輸課,1038,Unknown,non_engineer,2,1642,different_department,1,15,0,0,0,0,0,0,0.6931471805599453,2.772588722239781,0,0
evt_159,1944,1629,1629_grp_1038,交通局,transport,運輸課,1038,Unknown,non_engineer,2,1676,different_department,3,16,0,0,0,0,0,0,1.3862943611198906,2.833213344056216,0,0
evt_159,1944,1629,1629_grp_1038,交通局,transport,運輸課,1038,Unknown,non_engineer,2,1697,different_department,1,2,0,0,0,0,0,0,0.6931471805599453,1.0986122886681098,0,0
evt_159,1944,1629,1629_grp_1038,交通局,transport,運輸課,1038,Unknown,non_engineer,2,1752,different_department,5,11,0,0,0,0,0,0,1.791759469228055,2.4849066497880004,0,0
evt_159,1944,1629,1629_grp_1038,交通局,transport,運輸課,1038,Unknown,non_engineer,2,1761,different_department,2,1,0,0,0,0,0,0,1.0986122886681098,0.6931471805599453,0,0
evt_159,1944,1629,1629_grp_1038,交通局,transport,運輸課,1038,Unknown,non_engineer,2,1787,different_department,2,5,0,0,0,0,0,0,1.0986122886681098,1.791759469228055,0,0
evt_159,1944,1629,1629_grp_1038,交通局,transport,運輸課,1038,Unknown,non_engineer,2,1794,different_department,7,7,0,0,0,0,0,0,2.0794415416798357,2.0794415416798357,0,0
evt_159,1944,1629,1629_grp_1038,交通局,transport,運輸課,1038,Unknown,non_engineer,2,1896,different_department,3,1,0,0,0,0,0,0,1.3862943611198906,0.6931471805599453,0,0
evt_159,1944,1629,1629_grp_1038,交通局,transport,運輸課,1038,Unknown,non_engineer,2,1906,different_department,1,15,0,0,0,0,0,0,0.6931471805599453,2.772588722239781,0,0
evt_159,1944,1629,1629_grp_1038,交通局,transport,運輸課,1038,Unknown,non_engineer,2,1919,same_department,2,1,0,0,0,0,0,1,1.0986122886681098,0.6931471805599453,0,0
evt_159,1944,1629,1629_grp_1038,交通局,transport,運輸課,1038,Unknown,non_engineer,2,1989,different_department,1,41,0,0,0,0,0,0,0.6931471805599453,3.7376696182833684,0,0
evt_159,1944,1629,1629_grp_1038,交通局,transport,運輸課,1038,Unknown,non_engineer,2,2003,different_department,1,25,0,0,0,0,0,0,0.6931471805599453,3.258096538021482,0,0
evt_159,1944,1629,1629_grp_1038,交通局,transport,運輸課,1038,Unknown,non_engineer,2,2033,different_department,4,1,0,0,0,0,0,0,1.6094379124341003,0.6931471805599453,0,0
evt_159,1944,1629,1629_grp_1038,交通局,transport,運輸課,1038,Unknown,non_engineer,2,2056,same_department,4,15,0,0,0,0,0,1,1.6094379124341003,2.772588722239781,0,0
evt_159,1944,1629,1629_grp_1038,交通局,transport,運輸課,1038,Unknown,non_engineer,2,2071,same_department,8,16,1,0,0,0,0,1,2.1972245773362196,2.833213344056216,0,0
evt_159,1944,1629,1629_grp_1038,交通局,transport,運輸課,1038,Unknown,non_engineer,2,2072,different_department,3,1,0,0,0,0,0,0,1.3862943611198906,0.6931471805599453,0,0
evt_159,1944,1629,1629_grp_1038,交通局,transport,運輸課,1038,Unknown,non_engineer,2,2109,different_department,4,6,0,0,0,0,0,0,1.6094379124341003,1.9459101490553132,0,0
evt_159,1944,1629,1629_grp_1038,交通局,transport,運輸課,1038,Unknown,non_engineer,2,2123,same_department,2,1,0,0,0,0,0,1,1.0986122886681098,0.6931471805599453,0,0
evt_159,1944,1629,1629_grp_1038,交通局,transport,運輸課,1038,Unknown,non_engineer,2,2125,different_department,4,7,0,0,0,0,0,0,1.6094379124341003,2.0794415416798357,0,0
evt_159,1944,1629,1629_grp_1038,交通局,transport,運輸課,1038,Unknown,non_engineer,2,2138,different_department,6,5,0,0,0,0,0,0,1.9459101490553132,1.791759469228055,0,0
evt_159,1944,1629,1629_grp_1038,交通局,transport,運輸課,1038,Unknown,non_engineer,2,2143,same_department,1,10,0,0,0,0,0,1,0.6931471805599453,2.3978952727983707,0,0
evt_159,1944,1629,1629_grp_1038,交通局,transport,運輸課,1038,Unknown,non_engineer,2,2158,different_department,1,1,0,0,0,0,0,0,0.6931471805599453,0.6931471805599453,0,0
evt_159,1944,1629,1629_grp_1038,交通局,transport,運輸課,1038,Unknown,non_engineer,2,2174,different_department,5,4,0,0,0,0,0,0,1.791759469228055,1.6094379124341003,0,0
evt_159,1944,1629,1629_grp_1038,交通局,transport,運輸課,1038,Unknown,non_engineer,2,2183,same_department,7,42,0,0,0,0,0,1,2.0794415416798357,3.7612001156935624,0,0
evt_159,1944,1629,1629_grp_1038,交通局,transport,運輸課,1038,Unknown,non_engineer,2,2213,different_department,1,7,0,0,0,0,0,0,0.6931471805599453,2.0794415416798357,0,0
evt_159,1944,1629,1629_grp_1038,交通局,transport,運輸課,1038,Unknown,non_engineer,2,2221,same_department,2,1,0,0,0,0,0,1,1.0986122886681098,0.6931471805599453,0,0
evt_159,1944,1629,1629_grp_1038,交通局,transport,運輸課,1038,Unknown,non_engineer,2,5764,different_department,3,17,0,0,0,0,0,0,1.3862943611198906,2.8903717578961645,0,0
evt_159,1944,1629,1629_grp_1038,交通局,transport,運輸課,1038,Unknown,non_engineer,2,5869,same_department,1,28,0,0,0,0,0,1,0.6931471805599453,3.367295829986474,0,0
evt_159,1944,1629,1629_grp_1038,交通局,transport,運輸課,1038,Unknown,non_engineer,2,5908,different_department,2,27,0,0,0,0,0,0,1.0986122886681098,3.332204510175204,0,0
evt_159,1944,1629,1629_grp_1038,交通局,transport,運輸課,1038,Unknown,non_engineer,2,6184,different_department,2,24,0,0,0,0,0,0,1.0986122886681098,3.2188758248682006,0,0
evt_159,1944,1629,1629_grp_1038,交通局,transport,運輸課,1038,Unknown,non_engineer,2,6233,different_department,1,23,0,0,0,0,0,0,0.6931471805599453,3.1780538303479458,0,0
evt_159,1944,1629,1629_grp_1038,交通局,transport,運輸課,1038,Unknown,non_engineer,2,6328,different_department,1,26,0,0,0,0,0,0,0.6931471805599453,3.295836866004329,0,0
evt_159,1944,1629,1629_grp_1038,交通局,transport,運輸課,1038,Unknown,non_engineer,2,6337,different_department,4,5,0,0,0,0,0,0,1.6094379124341003,1.791759469228055,0,0
evt_159,1944,1629,1629_grp_1038,交通局,transport,運輸課,1038,Unknown,non_engineer,2,6701,different_department,17,12,0,0,0,0,0,0,2.8903717578961645,2.5649493574615367,0,0
evt_159,1944,1629,1629_grp_1038,交通局,transport,運輸課,1038,Unknown,non_engineer,2,6791,different_department,2,23,0,0,0,0,0,0,1.0986122886681098,3.1780538303479458,0,0
evt_159,1944,1629,1629_grp_1038,交通局,transport,運輸課,1038,Unknown,non_engineer,2,6946,different_department,3,58,0,0,0,0,0,0,1.3862943611198906,4.07753744390572,0,0
evt_159,1944,1629,1629_grp_1038,交通局,transport,運輸課,1038,Unknown,non_engineer,2,6953,different_department,4,25,0,0,0,0,0,0,1.6094379124341003,3.258096538021482,0,0
evt_159,1944,1629,1629_grp_1038,交通局,transport,運輸課,1038,Unknown,non_engineer,2,7029,different_department,2,26,0,0,0,0,0,0,1.0986122886681098,3.295836866004329,0,0
evt_159,1944,1629,1629_grp_1038,交通局,transport,運輸課,1038,Unknown,non_engineer,2,7051,same_department,2,9,0,0,0,0,0,1,1.0986122886681098,2.302585092994046,0,0
evt_159,1944,1629,1629_grp_1038,交通局,transport,運輸課,1038,Unknown,non_engineer,2,7191,different_department,1,19,0,0,0,0,0,0,0.6931471805599453,2.995732273553991,0,0
evt_159,1944,1629,1629_grp_1038,交通局,transport,運輸課,1038,Unknown,non_engineer,2,7235,different_department,1,23,0,0,0,0,0,0,0.6931471805599453,3.1780538303479458,0,0
evt_159,1944,1629,1629_grp_1038,交通局,transport,運輸課,1038,Unknown,non_engineer,2,7461,different_department,1,20,0,0,0,0,0,0,0.6931471805599453,3.044522437723423,0,0
evt_159,1944,1629,1629_grp_1038,交通局,transport,運輸課,1038,Unknown,non_engineer,2,7484,different_department,2,29,0,0,0,0,0,0,1.0986122886681098,3.4011973816621555,0,0
evt_159,1944,1629,1629_grp_1038,交通局,transport,運輸課,1038,Unknown,non_engineer,2,7492,different_department,1,26,0,0,0,0,0,0,0.6931471805599453,3.295836866004329,0,0
evt_159,1944,1629,1629_grp_1038,交通局,transport,運輸課,1038,Unknown,non_engineer,2,7506,different_department,7,93,0,0,0,0,0,0,2.0794415416798357,4.543294782270004,0,0
evt_159,1944,1629,1629_grp_1038,交通局,transport,運輸課,1038,Unknown,non_engineer,2,7525,same_department,4,5,0,0,0,0,0,1,1.6094379124341003,1.791759469228055,0,0
evt_159,1944,1629,1629_grp_1038,交通局,transport,運輸課,1038,Unknown,non_engineer,2,7748,different_department,4,38,0,0,0,0,0,0,1.6094379124341003,3.6635616461296463,0,0
evt_159,1944,1629,1629_grp_1038,交通局,transport,運輸課,1038,Unknown,non_engineer,2,7836,same_department,1,2,0,0,0,0,0,1,0.6931471805599453,1.0986122886681098,0,0
evt_159,1944,1629,1629_grp_1038,交通局,transport,運輸課,1038,Unknown,non_engineer,2,7910,different_department,2,30,0,0,0,0,0,0,1.0986122886681098,3.4339872044851463,0,0
evt_159,1944,1629,1629_grp_1038,交通局,transport,運輸課,1038,Unknown,non_engineer,2,8164,different_department,2,42,0,0,0,0,0,0,1.0986122886681098,3.7612001156935624,0,0
evt_159,1944,1629,1629_grp_1038,交通局,transport,運輸課,1038,Unknown,non_engineer,2,8358,different_department,1,9,1,0,0,0,0,0,0.6931471805599453,2.302585092994046,0,0
evt_159,1944,1629,1629_grp_1038,交通局,transport,運輸課,1038,Unknown,non_engineer,2,8426,different_department,1,3,0,0,0,0,0,0,0.6931471805599453,1.3862943611198906,0,0
evt_159,1944,1629,1629_grp_1038,交通局,transport,運輸課,1038,Unknown,non_engineer,2,8514,different_department,1,2,0,0,0,0,0,0,0.6931471805599453,1.0986122886681098,0,0
evt_159,1944,1629,1629_grp_1038,交通局,transport,運輸課,1038,Unknown,non_engineer,2,8594,same_department,1,16,0,0,0,0,0,1,0.6931471805599453,2.833213344056216,0,0
evt_159,1944,1629,1629_grp_1038,交通局,transport,運輸課,1038,Unknown,non_engineer,2,8664,different_department,2,8,0,0,0,0,0,0,1.0986122886681098,2.1972245773362196,0,0
evt_159,1944,1629,1629_grp_1038,交通局,transport,運輸課,1038,Unknown,non_engineer,2,8882,different_department,1,28,0,0,0,0,0,0,0.6931471805599453,3.367295829986474,0,0
evt_159,1944,1629,1629_grp_1038,交通局,transport,運輸課,1038,Unknown,non_engineer,2,8905,different_department,6,14,0,0,0,0,0,0,1.9459101490553132,2.70805020110221,0,0
evt_165,1944,1684,1684_grp_131,水道局,water,淀橋出張所,131,雇,yato,1,1130,different_department,2,2,0,0,0,0,0,0,1.0986122886681098,1.0986122886681098,1,0
evt_165,1944,1684,1684_grp_131,水道局,water,淀橋出張所,131,雇,yato,1,1147,different_department,2,3,0,0,0,0,0,0,1.0986122886681098,1.3862943611198906,1,0
evt_165,1944,1684,1684_grp_131,水道局,water,淀橋出張所,131,雇,yato,1,1190,different_department,10,20,0,0,0,0,0,0,2.3978952727983707,3.044522437723423,1,0
evt_165,1944,1684,1684_grp_131,水道局,water,淀橋出張所,131,雇,yato,1,1449,different_department,11,20,0,0,0,0,0,0,2.4849066497880004,3.044522437723423,1,0
evt_165,1944,1684,1684_grp_131,水道局,water,淀橋出張所,131,雇,yato,1,1478,different_department,7,5,0,0,0,0,0,0,2.0794415416798357,1.791759469228055,1,0
evt_165,1944,1684,1684_grp_131,水道局,water,淀橋出張所,131,雇,yato,1,1555,different_department,14,11,0,0,0,0,0,0,2.70805020110221,2.4849066497880004,1,0
evt_165,1944,1684,1684_grp_131,水道局,water,淀橋出張所,131,雇,yato,1,1566,different_department,1,3,0,0,0,0,0,0,0.6931471805599453,1.3862943611198906,1,0
evt_165,1944,1684,1684_grp_131,水道局,water,淀橋出張所,131,雇,yato,1,1642,different_department,4,15,0,0,0,0,0,0,1.6094379124341003,2.772588722239781,1,0
evt_165,1944,1684,1684_grp_131,水道局,water,淀橋出張所,131,雇,yato,1,1697,different_department,2,2,0,0,0,0,0,0,1.0986122886681098,1.0986122886681098,1,0
evt_165,1944,1684,1684_grp_131,水道局,water,淀橋出張所,131,雇,yato,1,1752,different_department,7,11,0,0,0,0,0,0,2.0794415416798357,2.4849066497880004,1,0
evt_165,1944,1684,1684_grp_131,水道局,water,淀橋出張所,131,雇,yato,1,1896,different_department,5,1,0,0,0,0,0,0,1.791759469228055,0.6931471805599453,1,0
evt_165,1944,1684,1684_grp_131,水道局,water,淀橋出張所,131,雇,yato,1,1906,same_section,1,15,0,0,0,0,1,0,0.6931471805599453,2.772588722239781,1,0
evt_165,1944,1684,1684_grp_131,水道局,water,淀橋出張所,131,雇,yato,1,1972,different_department,1,13,0,0,0,0,0,0,0.6931471805599453,2.6390573296152584,1,0
evt_165,1944,1684,1684_grp_131,水道局,water,淀橋出張所,131,雇,yato,1,1989,different_department,1,41,0,0,0,0,0,0,0.6931471805599453,3.7376696182833684,1,0
evt_165,1944,1684,1684_grp_131,水道局,water,淀橋出張所,131,雇,yato,1,2051,different_department,3,1,0,0,0,0,0,0,1.3862943611198906,0.6931471805599453,1,0
evt_165,1944,1684,1684_grp_131,水道局,water,淀橋出張所,131,雇,yato,1,2056,different_department,6,15,0,0,0,0,0,0,1.9459101490553132,2.772588722239781,1,0
evt_165,1944,1684,1684_grp_131,水道局,water,淀橋出張所,131,雇,yato,1,2071,different_department,1,16,0,0,0,0,0,0,0.6931471805599453,2.833213344056216,1,0
evt_165,1944,1684,1684_grp_131,水道局,water,淀橋出張所,131,雇,yato,1,2109,different_department,5,6,0,0,0,0,0,0,1.791759469228055,1.9459101490553132,1,0
evt_165,1944,1684,1684_grp_131,水道局,water,淀橋出張所,131,雇,yato,1,2118,different_department,2,16,0,0,0,0,0,0,1.0986122886681098,2.833213344056216,1,0
evt_165,1944,1684,1684_grp_131,水道局,water,淀橋出張所,131,雇,yato,1,2123,different_department,2,1,0,0,0,0,0,0,1.0986122886681098,0.6931471805599453,1,0
evt_165,1944,1684,1684_grp_131,水道局,water,淀橋出張所,131,雇,yato,1,2125,different_department,5,7,0,0,0,0,0,0,1.791759469228055,2.0794415416798357,1,0
evt_165,1944,1684,1684_grp_131,水道局,water,淀橋出張所,131,雇,yato,1,2143,different_department,4,10,0,0,0,0,0,0,1.6094379124341003,2.3978952727983707,1,0
evt_165,1944,1684,1684_grp_131,水道局,water,淀橋出張所,131,雇,yato,1,2213,different_department,7,7,0,0,0,0,0,0,2.0794415416798357,2.0794415416798357,1,0
evt_165,1944,1684,1684_grp_131,水道局,water,淀橋出張所,131,雇,yato,1,5869,different_department,3,28,0,0,0,0,0,0,1.3862943611198906,3.367295829986474,1,0
evt_165,1944,1684,1684_grp_131,水道局,water,淀橋出張所,131,雇,yato,1,6328,different_department,5,26,0,0,0,0,0,0,1.791759469228055,3.295836866004329,1,0
evt_165,1944,1684,1684_grp_131,水道局,water,淀橋出張所,131,雇,yato,1,6415,same_department,1,1,0,0,0,0,0,1,0.6931471805599453,0.6931471805599453,1,0
evt_165,1944,1684,1684_grp_131,水道局,water,淀橋出張所,131,雇,yato,1,6501,different_department,1,2,0,0,0,0,0,0,0.6931471805599453,1.0986122886681098,1,0
evt_165,1944,1684,1684_grp_131,水道局,water,淀橋出張所,131,雇,yato,1,6701,different_department,1,12,0,0,0,0,0,0,0.6931471805599453,2.5649493574615367,1,0
evt_165,1944,1684,1684_grp_131,水道局,water,淀橋出張所,131,雇,yato,1,6843,different_department,12,4,0,0,0,0,0,0,2.5649493574615367,1.6094379124341003,1,0
evt_165,1944,1684,1684_grp_131,水道局,water,淀橋出張所,131,雇,yato,1,6844,different_department,1,6,0,0,0,0,0,0,0.6931471805599453,1.9459101490553132,1,0
evt_165,1944,1684,1684_grp_131,水道局,water,淀橋出張所,131,雇,yato,1,6845,different_department,2,16,0,0,0,0,0,0,1.0986122886681098,2.833213344056216,1,0
evt_165,1944,1684,1684_grp_131,水道局,water,淀橋出張所,131,雇,yato,1,6953,same_department,19,25,1,0,0,0,0,1,2.995732273553991,3.258096538021482,1,0
evt_165,1944,1684,1684_grp_131,水道局,water,淀橋出張所,131,雇,yato,1,7506,different_department,2,93,0,0,0,0,0,0,1.0986122886681098,4.543294782270004,1,0
evt_165,1944,1684,1684_grp_131,水道局,water,淀橋出張所,131,雇,yato,1,7525,different_department,4,5,0,0,0,0,0,0,1.6094379124341003,1.791759469228055,1,0
evt_165,1944,1684,1684_grp_131,水道局,water,淀橋出張所,131,雇,yato,1,7782,different_department,5,32,0,0,0,0,0,0,1.791759469228055,3.4965075614664802,1,0
evt_165,1944,1684,1684_grp_131,水道局,water,淀橋出張所,131,雇,yato,1,8164,different_department,7,9,0,0,0,0,0,0,2.0794415416798357,2.302585092994046,1,0
evt_165,1944,1684,1684_grp_131,水道局,water,淀橋出張所,131,雇,yato,1,8321,different_department,4,7,0,0,0,0,0,0,1.6094379124341003,2.0794415416798357,1,0
evt_165,1944,1684,1684_grp_131,水道局,water,淀橋出張所,131,雇,yato,1,8358,different_department,15,81,0,0,0,0,0,0,2.772588722239781,4.406719247264253,1,0
evt_165,1944,1684,1684_grp_131,水道局,water,淀橋出張所,131,雇,yato,1,8490,same_department,11,37,0,0,0,0,0,1,2.4849066497880004,3.6375861597263857,1,0
evt_165,1944,1684,1684_grp_131,水道局,water,淀橋出張所,131,雇,yato,1,8594,different_department,7,16,0,0,0,0,0,0,2.0794415416798357,2.833213344056216,1,0
evt_165,1944,1684,1684_grp_131,水道局,water,淀橋出張所,131,雇,yato,1,8757,different_department,4,7,0,0,0,0,0,0,1.6094379124341003,2.0794415416798357,1,0
evt_165,1944,1684,1684_grp_131,水道局,water,淀橋出張所,131,雇,yato,1,8882,different_department,1,28,0,0,0,0,0,0,0.6931471805599453,3.367295829986474,1,0
evt_165,1944,1684,1684_grp_131,水道局,water,淀橋出張所,131,雇,yato,1,8899,different_department,4,9,0,0,0,0,0,0,1.6094379124341003,2.302585092994046,1,0
evt_165,1944,1684,1684_grp_131,水道局,water,淀橋出張所,131,雇,yato,1,8905,different_department,19,14,0,0,0,0,0,0,2.995732273553991,2.70805020110221,1,0
evt_165,1944,1684,1684_grp_131,水道局,water,淀橋出張所,131,雇,yato,1,8946,different_department,1,29,0,0,0,0,0,0,0.6931471805599453,3.4011973816621555,1,0
evt_165,1944,1684,1684_grp_131,水道局,water,淀橋出張所,131,雇,yato,1,8994,different_department,13,28,0,0,0,0,0,0,2.6390573296152584,3.367295829986474,1,0
evt_165,1944,1684,1684_grp_131,水道局,water,淀橋出張所,131,雇,yato,1,8996,different_department,2,2,0,0,0,0,0,0,1.0986122886681098,1.0986122886681098,1,0
evt_183,1944,1748,1748_name_熱海第二健民修錬所,民生局,welfare,熱海第二健民修錬所,NA,雇,yato,1,1130,different_department,2,2,0,0,0,0,0,0,1.0986122886681098,1.0986122886681098,0,0
evt_183,1944,1748,1748_name_熱海第二健民修錬所,民生局,welfare,熱海第二健民修錬所,NA,雇,yato,1,1147,different_department,2,3,0,0,0,0,0,0,1.0986122886681098,1.3862943611198906,0,0
evt_183,1944,1748,1748_name_熱海第二健民修錬所,民生局,welfare,熱海第二健民修錬所,NA,雇,yato,1,1190,different_department,10,20,0,0,0,0,0,0,2.3978952727983707,3.044522437723423,0,0
evt_183,1944,1748,1748_name_熱海第二健民修錬所,民生局,welfare,熱海第二健民修錬所,NA,雇,yato,1,1225,different_department,1,1,0,0,0,0,0,0,0.6931471805599453,0.6931471805599453,0,0
evt_183,1944,1748,1748_name_熱海第二健民修錬所,民生局,welfare,熱海第二健民修錬所,NA,雇,yato,1,1449,different_department,11,20,1,0,0,0,0,0,2.4849066497880004,3.044522437723423,0,0
evt_183,1944,1748,1748_name_熱海第二健民修錬所,民生局,welfare,熱海第二健民修錬所,NA,雇,yato,1,1478,same_department,7,5,0,0,0,0,0,1,2.0794415416798357,1.791759469228055,0,0
evt_183,1944,1748,1748_name_熱海第二健民修錬所,民生局,welfare,熱海第二健民修錬所,NA,雇,yato,1,1555,different_department,14,11,0,0,0,0,0,0,2.70805020110221,2.4849066497880004,0,0
evt_183,1944,1748,1748_name_熱海第二健民修錬所,民生局,welfare,熱海第二健民修錬所,NA,雇,yato,1,1566,same_department,1,3,0,0,0,0,0,1,0.6931471805599453,1.3862943611198906,0,0
evt_183,1944,1748,1748_name_熱海第二健民修錬所,民生局,welfare,熱海第二健民修錬所,NA,雇,yato,1,1642,same_department,4,15,0,0,0,0,0,1,1.6094379124341003,2.772588722239781,0,0
evt_183,1944,1748,1748_name_熱海第二健民修錬所,民生局,welfare,熱海第二健民修錬所,NA,雇,yato,1,1697,same_department,2,2,0,0,0,0,0,1,1.0986122886681098,1.0986122886681098,0,0
evt_183,1944,1748,1748_name_熱海第二健民修錬所,民生局,welfare,熱海第二健民修錬所,NA,雇,yato,1,1752,different_department,7,11,0,0,0,0,0,0,2.0794415416798357,2.4849066497880004,0,0
evt_183,1944,1748,1748_name_熱海第二健民修錬所,民生局,welfare,熱海第二健民修錬所,NA,雇,yato,1,1896,same_department,5,1,1,0,0,0,0,1,1.791759469228055,0.6931471805599453,0,0
evt_183,1944,1748,1748_name_熱海第二健民修錬所,民生局,welfare,熱海第二健民修錬所,NA,雇,yato,1,1906,different_department,1,15,0,0,0,0,0,0,0.6931471805599453,2.772588722239781,0,0
evt_183,1944,1748,1748_name_熱海第二健民修錬所,民生局,welfare,熱海第二健民修錬所,NA,雇,yato,1,1972,different_department,1,13,0,0,0,0,0,0,0.6931471805599453,2.6390573296152584,0,0
evt_183,1944,1748,1748_name_熱海第二健民修錬所,民生局,welfare,熱海第二健民修錬所,NA,雇,yato,1,1989,different_department,1,41,0,0,0,0,0,0,0.6931471805599453,3.7376696182833684,0,0
evt_183,1944,1748,1748_name_熱海第二健民修錬所,民生局,welfare,熱海第二健民修錬所,NA,雇,yato,1,2051,different_department,3,1,0,0,0,0,0,0,1.3862943611198906,0.6931471805599453,0,0
evt_183,1944,1748,1748_name_熱海第二健民修錬所,民生局,welfare,熱海第二健民修錬所,NA,雇,yato,1,2056,different_department,6,15,0,0,0,0,0,0,1.9459101490553132,2.772588722239781,0,0
evt_183,1944,1748,1748_name_熱海第二健民修錬所,民生局,welfare,熱海第二健民修錬所,NA,雇,yato,1,2071,different_department,1,16,0,0,0,0,0,0,0.6931471805599453,2.833213344056216,0,0
evt_183,1944,1748,1748_name_熱海第二健民修錬所,民生局,welfare,熱海第二健民修錬所,NA,雇,yato,1,2109,different_department,5,6,0,0,0,0,0,0,1.791759469228055,1.9459101490553132,0,0
evt_183,1944,1748,1748_name_熱海第二健民修錬所,民生局,welfare,熱海第二健民修錬所,NA,雇,yato,1,2118,different_department,2,16,0,0,0,0,0,0,1.0986122886681098,2.833213344056216,0,0
evt_183,1944,1748,1748_name_熱海第二健民修錬所,民生局,welfare,熱海第二健民修錬所,NA,雇,yato,1,2123,different_department,2,1,0,0,0,0,0,0,1.0986122886681098,0.6931471805599453,0,0
evt_183,1944,1748,1748_name_熱海第二健民修錬所,民生局,welfare,熱海第二健民修錬所,NA,雇,yato,1,2125,same_department,5,7,0,0,0,0,0,1,1.791759469228055,2.0794415416798357,0,0
evt_183,1944,1748,1748_name_熱海第二健民修錬所,民生局,welfare,熱海第二健民修錬所,NA,雇,yato,1,2138,different_department,3,5,0,0,0,0,0,0,1.3862943611198906,1.791759469228055,0,0
evt_183,1944,1748,1748_name_熱海第二健民修錬所,民生局,welfare,熱海第二健民修錬所,NA,雇,yato,1,2143,different_department,4,10,0,0,0,0,0,0,1.6094379124341003,2.3978952727983707,0,0
evt_183,1944,1748,1748_name_熱海第二健民修錬所,民生局,welfare,熱海第二健民修錬所,NA,雇,yato,1,2158,different_department,3,1,0,0,0,0,0,0,1.3862943611198906,0.6931471805599453,0,0
evt_183,1944,1748,1748_name_熱海第二健民修錬所,民生局,welfare,熱海第二健民修錬所,NA,雇,yato,1,2159,different_department,2,4,0,0,0,0,0,0,1.0986122886681098,1.6094379124341003,0,0
evt_183,1944,1748,1748_name_熱海第二健民修錬所,民生局,welfare,熱海第二健民修錬所,NA,雇,yato,1,2213,same_department,7,7,0,0,0,0,0,1,2.0794415416798357,2.0794415416798357,0,0
evt_183,1944,1748,1748_name_熱海第二健民修錬所,民生局,welfare,熱海第二健民修錬所,NA,雇,yato,1,5869,different_department,3,28,0,0,0,0,0,0,1.3862943611198906,3.367295829986474,0,0
evt_183,1944,1748,1748_name_熱海第二健民修錬所,民生局,welfare,熱海第二健民修錬所,NA,雇,yato,1,6328,different_department,5,26,0,0,0,0,0,0,1.791759469228055,3.295836866004329,0,0
evt_183,1944,1748,1748_name_熱海第二健民修錬所,民生局,welfare,熱海第二健民修錬所,NA,雇,yato,1,6415,different_department,1,1,0,0,0,0,0,0,0.6931471805599453,0.6931471805599453,0,0
evt_183,1944,1748,1748_name_熱海第二健民修錬所,民生局,welfare,熱海第二健民修錬所,NA,雇,yato,1,6501,different_department,1,2,0,0,0,0,0,0,0.6931471805599453,1.0986122886681098,0,0
evt_183,1944,1748,1748_name_熱海第二健民修錬所,民生局,welfare,熱海第二健民修錬所,NA,雇,yato,1,6641,different_department,1,1,0,0,0,0,0,0,0.6931471805599453,0.6931471805599453,0,0
evt_183,1944,1748,1748_name_熱海第二健民修錬所,民生局,welfare,熱海第二健民修錬所,NA,雇,yato,1,6701,different_department,1,12,0,0,0,0,0,0,0.6931471805599453,2.5649493574615367,0,0
evt_183,1944,1748,1748_name_熱海第二健民修錬所,民生局,welfare,熱海第二健民修錬所,NA,雇,yato,1,6843,different_department,12,4,0,0,0,0,0,0,2.5649493574615367,1.6094379124341003,0,0
evt_183,1944,1748,1748_name_熱海第二健民修錬所,民生局,welfare,熱海第二健民修錬所,NA,雇,yato,1,6844,different_department,1,6,0,0,0,0,0,0,0.6931471805599453,1.9459101490553132,0,0
evt_183,1944,1748,1748_name_熱海第二健民修錬所,民生局,welfare,熱海第二健民修錬所,NA,雇,yato,1,6845,different_department,2,16,0,0,0,0,0,0,1.0986122886681098,2.833213344056216,0,0
evt_183,1944,1748,1748_name_熱海第二健民修錬所,民生局,welfare,熱海第二健民修錬所,NA,雇,yato,1,6953,different_department,19,25,0,0,0,0,0,0,2.995732273553991,3.258096538021482,0,0
evt_183,1944,1748,1748_name_熱海第二健民修錬所,民生局,welfare,熱海第二健民修錬所,NA,雇,yato,1,7506,different_department,2,93,1,0,0,0,0,0,1.0986122886681098,4.543294782270004,0,0
evt_183,1944,1748,1748_name_熱海第二健民修錬所,民生局,welfare,熱海第二健民修錬所,NA,雇,yato,1,7525,different_department,4,5,0,0,0,0,0,0,1.6094379124341003,1.791759469228055,0,0
evt_183,1944,1748,1748_name_熱海第二健民修錬所,民生局,welfare,熱海第二健民修錬所,NA,雇,yato,1,7782,different_department,5,32,0,0,0,0,0,0,1.791759469228055,3.4965075614664802,0,0
evt_183,1944,1748,1748_name_熱海第二健民修錬所,民生局,welfare,熱海第二健民修錬所,NA,雇,yato,1,8164,different_department,7,9,0,0,0,0,0,0,2.0794415416798357,2.302585092994046,0,0
evt_183,1944,1748,1748_name_熱海第二健民修錬所,民生局,welfare,熱海第二健民修錬所,NA,雇,yato,1,8321,different_department,4,7,0,0,0,0,0,0,1.6094379124341003,2.0794415416798357,0,0
evt_183,1944,1748,1748_name_熱海第二健民修錬所,民生局,welfare,熱海第二健民修錬所,NA,雇,yato,1,8358,different_department,15,81,0,0,0,0,0,0,2.772588722239781,4.406719247264253,0,0
evt_183,1944,1748,1748_name_熱海第二健民修錬所,民生局,welfare,熱海第二健民修錬所,NA,雇,yato,1,8490,different_department,11,37,0,0,0,0,0,0,2.4849066497880004,3.6375861597263857,0,0
evt_183,1944,1748,1748_name_熱海第二健民修錬所,民生局,welfare,熱海第二健民修錬所,NA,雇,yato,1,8594,different_department,7,16,0,0,0,0,0,0,2.0794415416798357,2.833213344056216,0,0
evt_183,1944,1748,1748_name_熱海第二健民修錬所,民生局,welfare,熱海第二健民修錬所,NA,雇,yato,1,8757,different_department,4,7,0,0,0,0,0,0,1.6094379124341003,2.0794415416798357,0,0
evt_183,1944,1748,1748_name_熱海第二健民修錬所,民生局,welfare,熱海第二健民修錬所,NA,雇,yato,1,8882,different_department,1,28,0,0,0,0,0,0,0.6931471805599453,3.367295829986474,0,0
evt_183,1944,1748,1748_name_熱海第二健民修錬所,民生局,welfare,熱海第二健民修錬所,NA,雇,yato,1,8899,different_department,4,9,0,0,0,0,0,0,1.6094379124341003,2.302585092994046,0,0
evt_183,1944,1748,1748_name_熱海第二健民修錬所,民生局,welfare,熱海第二健民修錬所,NA,雇,yato,1,8905,different_department,19,14,0,0,0,0,0,0,2.995732273553991,2.70805020110221,0,0
evt_183,1944,1748,1748_name_熱海第二健民修錬所,民生局,welfare,熱海第二健民修錬所,NA,雇,yato,1,8946,different_department,1,29,0,0,0,0,0,0,0.6931471805599453,3.4011973816621555,0,0
evt_183,1944,1748,1748_name_熱海第二健民修錬所,民生局,welfare,熱海第二健民修錬所,NA,雇,yato,1,8994,different_department,13,28,0,0,0,0,0,0,2.6390573296152584,3.367295829986474,0,0
evt_183,1944,1748,1748_name_熱海第二健民修錬所,民生局,welfare,熱海第二健民修錬所,NA,雇,yato,1,8996,different_department,2,2,0,0,0,0,0,0,1.0986122886681098,1.0986122886681098,0,0
evt_197,1944,1774,1774_name_王子小児保健所,民生局,welfare,王子小児保健所,NA,雇,yato,1,1130,different_department,2,2,0,0,0,0,0,0,1.0986122886681098,1.0986122886681098,0,0
evt_197,1944,1774,1774_name_王子小児保健所,民生局,welfare,王子小児保健所,NA,雇,yato,1,1147,different_department,2,3,0,0,0,0,0,0,1.0986122886681098,1.3862943611198906,0,0
evt_197,1944,1774,1774_name_王子小児保健所,民生局,welfare,王子小児保健所,NA,雇,yato,1,1190,different_department,10,20,0,0,0,0,0,0,2.3978952727983707,3.044522437723423,0,0
evt_197,1944,1774,1774_name_王子小児保健所,民生局,welfare,王子小児保健所,NA,雇,yato,1,1225,different_department,1,1,0,0,0,0,0,0,0.6931471805599453,0.6931471805599453,0,0
evt_197,1944,1774,1774_name_王子小児保健所,民生局,welfare,王子小児保健所,NA,雇,yato,1,1449,different_department,11,20,0,0,0,0,0,0,2.4849066497880004,3.044522437723423,0,0
evt_197,1944,1774,1774_name_王子小児保健所,民生局,welfare,王子小児保健所,NA,雇,yato,1,1478,same_department,7,5,0,0,0,0,0,1,2.0794415416798357,1.791759469228055,0,0
evt_197,1944,1774,1774_name_王子小児保健所,民生局,welfare,王子小児保健所,NA,雇,yato,1,1555,different_department,14,11,0,0,0,0,0,0,2.70805020110221,2.4849066497880004,0,0
evt_197,1944,1774,1774_name_王子小児保健所,民生局,welfare,王子小児保健所,NA,雇,yato,1,1566,same_department,1,3,0,0,0,0,0,1,0.6931471805599453,1.3862943611198906,0,0
evt_197,1944,1774,1774_name_王子小児保健所,民生局,welfare,王子小児保健所,NA,雇,yato,1,1642,same_department,4,15,1,0,0,0,0,1,1.6094379124341003,2.772588722239781,0,0
evt_197,1944,1774,1774_name_王子小児保健所,民生局,welfare,王子小児保健所,NA,雇,yato,1,1697,same_department,2,2,0,0,0,0,0,1,1.0986122886681098,1.0986122886681098,0,0
evt_197,1944,1774,1774_name_王子小児保健所,民生局,welfare,王子小児保健所,NA,雇,yato,1,1752,different_department,7,11,0,0,0,0,0,0,2.0794415416798357,2.4849066497880004,0,0
evt_197,1944,1774,1774_name_王子小児保健所,民生局,welfare,王子小児保健所,NA,雇,yato,1,1896,same_department,5,1,0,0,0,0,0,1,1.791759469228055,0.6931471805599453,0,0
evt_197,1944,1774,1774_name_王子小児保健所,民生局,welfare,王子小児保健所,NA,雇,yato,1,1906,different_department,1,15,0,0,0,0,0,0,0.6931471805599453,2.772588722239781,0,0
evt_197,1944,1774,1774_name_王子小児保健所,民生局,welfare,王子小児保健所,NA,雇,yato,1,1972,different_department,1,13,0,0,0,0,0,0,0.6931471805599453,2.6390573296152584,0,0
evt_197,1944,1774,1774_name_王子小児保健所,民生局,welfare,王子小児保健所,NA,雇,yato,1,1989,different_department,1,41,0,0,0,0,0,0,0.6931471805599453,3.7376696182833684,0,0
evt_197,1944,1774,1774_name_王子小児保健所,民生局,welfare,王子小児保健所,NA,雇,yato,1,2051,different_department,3,1,0,0,0,0,0,0,1.3862943611198906,0.6931471805599453,0,0
evt_197,1944,1774,1774_name_王子小児保健所,民生局,welfare,王子小児保健所,NA,雇,yato,1,2056,different_department,6,15,0,0,0,0,0,0,1.9459101490553132,2.772588722239781,0,0
evt_197,1944,1774,1774_name_王子小児保健所,民生局,welfare,王子小児保健所,NA,雇,yato,1,2071,different_department,1,16,0,0,0,0,0,0,0.6931471805599453,2.833213344056216,0,0
evt_197,1944,1774,1774_name_王子小児保健所,民生局,welfare,王子小児保健所,NA,雇,yato,1,2109,different_department,5,6,0,0,0,0,0,0,1.791759469228055,1.9459101490553132,0,0
evt_197,1944,1774,1774_name_王子小児保健所,民生局,welfare,王子小児保健所,NA,雇,yato,1,2118,different_department,2,16,0,0,0,0,0,0,1.0986122886681098,2.833213344056216,0,0
evt_197,1944,1774,1774_name_王子小児保健所,民生局,welfare,王子小児保健所,NA,雇,yato,1,2123,different_department,2,1,0,0,0,0,0,0,1.0986122886681098,0.6931471805599453,0,0
evt_197,1944,1774,1774_name_王子小児保健所,民生局,welfare,王子小児保健所,NA,雇,yato,1,2125,same_department,5,7,0,0,0,0,0,1,1.791759469228055,2.0794415416798357,0,0
evt_197,1944,1774,1774_name_王子小児保健所,民生局,welfare,王子小児保健所,NA,雇,yato,1,2138,different_department,3,5,0,0,0,0,0,0,1.3862943611198906,1.791759469228055,0,0
evt_197,1944,1774,1774_name_王子小児保健所,民生局,welfare,王子小児保健所,NA,雇,yato,1,2143,different_department,4,10,0,0,0,0,0,0,1.6094379124341003,2.3978952727983707,0,0
evt_197,1944,1774,1774_name_王子小児保健所,民生局,welfare,王子小児保健所,NA,雇,yato,1,2158,different_department,3,1,0,0,0,0,0,0,1.3862943611198906,0.6931471805599453,0,0
evt_197,1944,1774,1774_name_王子小児保健所,民生局,welfare,王子小児保健所,NA,雇,yato,1,2159,different_department,2,4,0,0,0,0,0,0,1.0986122886681098,1.6094379124341003,0,0
evt_197,1944,1774,1774_name_王子小児保健所,民生局,welfare,王子小児保健所,NA,雇,yato,1,2213,same_department,7,7,0,0,0,0,0,1,2.0794415416798357,2.0794415416798357,0,0
evt_197,1944,1774,1774_name_王子小児保健所,民生局,welfare,王子小児保健所,NA,雇,yato,1,5869,different_department,3,28,0,0,0,0,0,0,1.3862943611198906,3.367295829986474,0,0
evt_197,1944,1774,1774_name_王子小児保健所,民生局,welfare,王子小児保健所,NA,雇,yato,1,6328,different_department,5,26,0,0,0,0,0,0,1.791759469228055,3.295836866004329,0,0
evt_197,1944,1774,1774_name_王子小児保健所,民生局,welfare,王子小児保健所,NA,雇,yato,1,6415,different_department,1,1,0,0,0,0,0,0,0.6931471805599453,0.6931471805599453,0,0
evt_197,1944,1774,1774_name_王子小児保健所,民生局,welfare,王子小児保健所,NA,雇,yato,1,6501,different_department,1,2,0,0,0,0,0,0,0.6931471805599453,1.0986122886681098,0,0
evt_197,1944,1774,1774_name_王子小児保健所,民生局,welfare,王子小児保健所,NA,雇,yato,1,6641,different_department,1,1,0,0,0,0,0,0,0.6931471805599453,0.6931471805599453,0,0
evt_197,1944,1774,1774_name_王子小児保健所,民生局,welfare,王子小児保健所,NA,雇,yato,1,6701,different_department,1,12,0,0,0,0,0,0,0.6931471805599453,2.5649493574615367,0,0
evt_197,1944,1774,1774_name_王子小児保健所,民生局,welfare,王子小児保健所,NA,雇,yato,1,6843,different_department,12,4,0,0,0,0,0,0,2.5649493574615367,1.6094379124341003,0,0
evt_197,1944,1774,1774_name_王子小児保健所,民生局,welfare,王子小児保健所,NA,雇,yato,1,6844,different_department,1,6,0,0,0,0,0,0,0.6931471805599453,1.9459101490553132,0,0
evt_197,1944,1774,1774_name_王子小児保健所,民生局,welfare,王子小児保健所,NA,雇,yato,1,6845,different_department,2,16,0,0,0,0,0,0,1.0986122886681098,2.833213344056216,0,0
evt_197,1944,1774,1774_name_王子小児保健所,民生局,welfare,王子小児保健所,NA,雇,yato,1,6953,different_department,19,25,0,0,0,0,0,0,2.995732273553991,3.258096538021482,0,0
evt_197,1944,1774,1774_name_王子小児保健所,民生局,welfare,王子小児保健所,NA,雇,yato,1,7506,different_department,2,93,0,0,0,0,0,0,1.0986122886681098,4.543294782270004,0,0
evt_197,1944,1774,1774_name_王子小児保健所,民生局,welfare,王子小児保健所,NA,雇,yato,1,7525,different_department,4,5,0,0,0,0,0,0,1.6094379124341003,1.791759469228055,0,0
evt_197,1944,1774,1774_name_王子小児保健所,民生局,welfare,王子小児保健所,NA,雇,yato,1,7782,different_department,5,32,0,0,0,0,0,0,1.791759469228055,3.4965075614664802,0,0
evt_197,1944,1774,1774_name_王子小児保健所,民生局,welfare,王子小児保健所,NA,雇,yato,1,8164,different_department,7,9,0,0,0,0,0,0,2.0794415416798357,2.302585092994046,0,0
evt_197,1944,1774,1774_name_王子小児保健所,民生局,welfare,王子小児保健所,NA,雇,yato,1,8321,different_department,4,7,0,0,0,0,0,0,1.6094379124341003,2.0794415416798357,0,0
evt_197,1944,1774,1774_name_王子小児保健所,民生局,welfare,王子小児保健所,NA,雇,yato,1,8358,different_department,15,81,0,0,0,0,0,0,2.772588722239781,4.406719247264253,0,0
evt_197,1944,1774,1774_name_王子小児保健所,民生局,welfare,王子小児保健所,NA,雇,yato,1,8490,different_department,11,37,0,0,0,0,0,0,2.4849066497880004,3.6375861597263857,0,0
evt_197,1944,1774,1774_name_王子小児保健所,民生局,welfare,王子小児保健所,NA,雇,yato,1,8594,different_department,7,16,0,0,0,0,0,0,2.0794415416798357,2.833213344056216,0,0
evt_197,1944,1774,1774_name_王子小児保健所,民生局,welfare,王子小児保健所,NA,雇,yato,1,8757,different_department,4,7,0,0,0,0,0,0,1.6094379124341003,2.0794415416798357,0,0
evt_197,1944,1774,1774_name_王子小児保健所,民生局,welfare,王子小児保健所,NA,雇,yato,1,8882,different_department,1,28,0,0,0,0,0,0,0.6931471805599453,3.367295829986474,0,0
evt_197,1944,1774,1774_name_王子小児保健所,民生局,welfare,王子小児保健所,NA,雇,yato,1,8899,different_department,4,9,0,0,0,0,0,0,1.6094379124341003,2.302585092994046,0,0
evt_197,1944,1774,1774_name_王子小児保健所,民生局,welfare,王子小児保健所,NA,雇,yato,1,8905,different_department,19,14,0,0,0,0,0,0,2.995732273553991,2.70805020110221,0,0
evt_197,1944,1774,1774_name_王子小児保健所,民生局,welfare,王子小児保健所,NA,雇,yato,1,8946,different_department,1,29,0,0,0,0,0,0,0.6931471805599453,3.4011973816621555,0,0
evt_197,1944,1774,1774_name_王子小児保健所,民生局,welfare,王子小児保健所,NA,雇,yato,1,8994,different_department,13,28,0,0,0,0,0,0,2.6390573296152584,3.367295829986474,0,0
evt_197,1944,1774,1774_name_王子小児保健所,民生局,welfare,王子小児保健所,NA,雇,yato,1,8996,different_department,2,2,0,0,0,0,0,0,1.0986122886681098,1.0986122886681098,0,0
evt_203,1944,1789,1789_grp_61,水道局,water,水道局庶務課,61,雇,yato,1,1130,different_department,2,2,0,0,0,0,0,0,1.0986122886681098,1.0986122886681098,0,0
evt_203,1944,1789,1789_grp_61,水道局,water,水道局庶務課,61,雇,yato,1,1147,different_department,2,3,0,0,0,0,0,0,1.0986122886681098,1.3862943611198906,0,0
evt_203,1944,1789,1789_grp_61,水道局,water,水道局庶務課,61,雇,yato,1,1190,different_department,10,20,0,0,0,0,0,0,2.3978952727983707,3.044522437723423,0,0
evt_203,1944,1789,1789_grp_61,水道局,water,水道局庶務課,61,雇,yato,1,1449,different_department,11,20,1,0,0,0,0,0,2.4849066497880004,3.044522437723423,0,0
evt_203,1944,1789,1789_grp_61,水道局,water,水道局庶務課,61,雇,yato,1,1478,different_department,7,5,0,0,0,0,0,0,2.0794415416798357,1.791759469228055,0,0
evt_203,1944,1789,1789_grp_61,水道局,water,水道局庶務課,61,雇,yato,1,1555,different_department,14,11,0,0,0,0,0,0,2.70805020110221,2.4849066497880004,0,0
evt_203,1944,1789,1789_grp_61,水道局,water,水道局庶務課,61,雇,yato,1,1566,different_department,1,3,0,0,0,0,0,0,0.6931471805599453,1.3862943611198906,0,0
evt_203,1944,1789,1789_grp_61,水道局,water,水道局庶務課,61,雇,yato,1,1642,different_department,4,15,0,0,0,0,0,0,1.6094379124341003,2.772588722239781,0,0
evt_203,1944,1789,1789_grp_61,水道局,water,水道局庶務課,61,雇,yato,1,1697,different_department,2,2,0,0,0,0,0,0,1.0986122886681098,1.0986122886681098,0,0
evt_203,1944,1789,1789_grp_61,水道局,water,水道局庶務課,61,雇,yato,1,1752,different_department,7,11,0,0,0,0,0,0,2.0794415416798357,2.4849066497880004,0,0
evt_203,1944,1789,1789_grp_61,水道局,water,水道局庶務課,61,雇,yato,1,1896,different_department,5,1,0,0,0,0,0,0,1.791759469228055,0.6931471805599453,0,0
evt_203,1944,1789,1789_grp_61,水道局,water,水道局庶務課,61,雇,yato,1,1906,same_department,1,15,0,0,0,0,0,1,0.6931471805599453,2.772588722239781,0,0
evt_203,1944,1789,1789_grp_61,水道局,water,水道局庶務課,61,雇,yato,1,1972,different_department,1,13,0,0,0,0,0,0,0.6931471805599453,2.6390573296152584,0,0
evt_203,1944,1789,1789_grp_61,水道局,water,水道局庶務課,61,雇,yato,1,1989,different_department,1,41,0,0,0,0,0,0,0.6931471805599453,3.7376696182833684,0,0
evt_203,1944,1789,1789_grp_61,水道局,water,水道局庶務課,61,雇,yato,1,2051,different_department,3,1,0,0,0,0,0,0,1.3862943611198906,0.6931471805599453,0,0
evt_203,1944,1789,1789_grp_61,水道局,water,水道局庶務課,61,雇,yato,1,2056,different_department,6,15,0,0,0,0,0,0,1.9459101490553132,2.772588722239781,0,0
evt_203,1944,1789,1789_grp_61,水道局,water,水道局庶務課,61,雇,yato,1,2071,different_department,1,16,0,0,0,0,0,0,0.6931471805599453,2.833213344056216,0,0
evt_203,1944,1789,1789_grp_61,水道局,water,水道局庶務課,61,雇,yato,1,2109,different_department,5,6,0,0,0,0,0,0,1.791759469228055,1.9459101490553132,0,0
evt_203,1944,1789,1789_grp_61,水道局,water,水道局庶務課,61,雇,yato,1,2118,different_department,2,16,0,0,0,0,0,0,1.0986122886681098,2.833213344056216,0,0
evt_203,1944,1789,1789_grp_61,水道局,water,水道局庶務課,61,雇,yato,1,2123,different_department,2,1,0,0,0,0,0,0,1.0986122886681098,0.6931471805599453,0,0
evt_203,1944,1789,1789_grp_61,水道局,water,水道局庶務課,61,雇,yato,1,2125,different_department,5,7,0,0,0,0,0,0,1.791759469228055,2.0794415416798357,0,0
evt_203,1944,1789,1789_grp_61,水道局,water,水道局庶務課,61,雇,yato,1,2143,different_department,4,10,0,0,0,0,0,0,1.6094379124341003,2.3978952727983707,0,0
evt_203,1944,1789,1789_grp_61,水道局,water,水道局庶務課,61,雇,yato,1,2213,different_department,7,7,0,0,0,0,0,0,2.0794415416798357,2.0794415416798357,0,0
evt_203,1944,1789,1789_grp_61,水道局,water,水道局庶務課,61,雇,yato,1,5869,different_department,3,28,0,0,0,0,0,0,1.3862943611198906,3.367295829986474,0,0
evt_203,1944,1789,1789_grp_61,水道局,water,水道局庶務課,61,雇,yato,1,6328,different_department,5,26,0,0,0,0,0,0,1.791759469228055,3.295836866004329,0,0
evt_203,1944,1789,1789_grp_61,水道局,water,水道局庶務課,61,雇,yato,1,6415,same_department,1,1,0,0,0,0,0,1,0.6931471805599453,0.6931471805599453,0,0
evt_203,1944,1789,1789_grp_61,水道局,water,水道局庶務課,61,雇,yato,1,6501,different_department,1,2,0,0,0,0,0,0,0.6931471805599453,1.0986122886681098,0,0
evt_203,1944,1789,1789_grp_61,水道局,water,水道局庶務課,61,雇,yato,1,6701,different_department,1,12,0,0,0,0,0,0,0.6931471805599453,2.5649493574615367,0,0
evt_203,1944,1789,1789_grp_61,水道局,water,水道局庶務課,61,雇,yato,1,6843,different_department,12,4,0,0,0,0,0,0,2.5649493574615367,1.6094379124341003,0,0
evt_203,1944,1789,1789_grp_61,水道局,water,水道局庶務課,61,雇,yato,1,6844,different_department,1,6,0,0,0,0,0,0,0.6931471805599453,1.9459101490553132,0,0
evt_203,1944,1789,1789_grp_61,水道局,water,水道局庶務課,61,雇,yato,1,6845,different_department,2,16,0,0,0,0,0,0,1.0986122886681098,2.833213344056216,0,0
evt_203,1944,1789,1789_grp_61,水道局,water,水道局庶務課,61,雇,yato,1,6953,same_department,19,25,0,0,0,0,0,1,2.995732273553991,3.258096538021482,0,0
evt_203,1944,1789,1789_grp_61,水道局,water,水道局庶務課,61,雇,yato,1,7506,different_department,2,93,0,0,0,0,0,0,1.0986122886681098,4.543294782270004,0,0
evt_203,1944,1789,1789_grp_61,水道局,water,水道局庶務課,61,雇,yato,1,7525,different_department,4,5,0,0,0,0,0,0,1.6094379124341003,1.791759469228055,0,0
evt_203,1944,1789,1789_grp_61,水道局,water,水道局庶務課,61,雇,yato,1,7782,different_department,5,32,0,0,0,0,0,0,1.791759469228055,3.4965075614664802,0,0
evt_203,1944,1789,1789_grp_61,水道局,water,水道局庶務課,61,雇,yato,1,8164,different_department,7,9,0,0,0,0,0,0,2.0794415416798357,2.302585092994046,0,0
evt_203,1944,1789,1789_grp_61,水道局,water,水道局庶務課,61,雇,yato,1,8321,different_department,4,7,0,0,0,0,0,0,1.6094379124341003,2.0794415416798357,0,0
evt_203,1944,1789,1789_grp_61,水道局,water,水道局庶務課,61,雇,yato,1,8358,different_department,15,81,0,0,0,0,0,0,2.772588722239781,4.406719247264253,0,0
evt_203,1944,1789,1789_grp_61,水道局,water,水道局庶務課,61,雇,yato,1,8490,same_department,11,37,0,0,0,0,0,1,2.4849066497880004,3.6375861597263857,0,0
evt_203,1944,1789,1789_grp_61,水道局,water,水道局庶務課,61,雇,yato,1,8594,different_department,7,16,0,0,0,0,0,0,2.0794415416798357,2.833213344056216,0,0
evt_203,1944,1789,1789_grp_61,水道局,water,水道局庶務課,61,雇,yato,1,8757,different_department,4,7,0,0,0,0,0,0,1.6094379124341003,2.0794415416798357,0,0
evt_203,1944,1789,1789_grp_61,水道局,water,水道局庶務課,61,雇,yato,1,8882,different_department,1,28,0,0,0,0,0,0,0.6931471805599453,3.367295829986474,0,0
evt_203,1944,1789,1789_grp_61,水道局,water,水道局庶務課,61,雇,yato,1,8899,different_department,4,9,0,0,0,0,0,0,1.6094379124341003,2.302585092994046,0,0
evt_203,1944,1789,1789_grp_61,水道局,water,水道局庶務課,61,雇,yato,1,8905,different_department,19,14,0,0,0,0,0,0,2.995732273553991,2.70805020110221,0,0
evt_203,1944,1789,1789_grp_61,水道局,water,水道局庶務課,61,雇,yato,1,8946,different_department,1,29,0,0,0,0,0,0,0.6931471805599453,3.4011973816621555,0,0
evt_203,1944,1789,1789_grp_61,水道局,water,水道局庶務課,61,雇,yato,1,8994,different_department,13,28,0,0,0,0,0,0,2.6390573296152584,3.367295829986474,0,0
evt_203,1944,1789,1789_grp_61,水道局,water,水道局庶務課,61,雇,yato,1,8996,different_department,2,2,0,0,0,0,0,0,1.0986122886681098,1.0986122886681098,0,0
evt_204,1944,1790,1790_grp_24,計晝局,NA,企画課,24,Unknown,non_engineer,2,1449,same_section,5,20,1,0,0,0,1,0,1.791759469228055,3.044522437723423,1,1
evt_204,1944,1790,1790_grp_24,計晝局,NA,企画課,24,Unknown,non_engineer,2,1531,same_section,2,1,0,0,0,0,1,0,1.0986122886681098,0.6931471805599453,1,1
evt_204,1944,1790,1790_grp_24,計晝局,NA,企画課,24,Unknown,non_engineer,2,8905,same_section,6,14,1,0,0,0,1,0,1.9459101490553132,2.70805020110221,1,1
evt_208,1944,1790,1790_grp_24,計晝局,NA,企画課,24,雇,yato,1,1449,same_section,11,20,0,0,0,0,1,0,2.4849066497880004,3.044522437723423,1,1
evt_208,1944,1790,1790_grp_24,計晝局,NA,企画課,24,雇,yato,1,8905,same_section,19,14,1,0,0,0,1,0,2.995732273553991,2.70805020110221,1,1
evt_209,1944,1793,1793_name_振興課,民生局,welfare,振興課,NA,Unknown,non_engineer,2,1130,different_department,7,2,0,0,0,0,0,0,2.0794415416798357,1.0986122886681098,0,0
evt_209,1944,1793,1793_name_振興課,民生局,welfare,振興課,NA,Unknown,non_engineer,2,1147,different_department,1,3,0,0,0,0,0,0,0.6931471805599453,1.3862943611198906,0,0
evt_209,1944,1793,1793_name_振興課,民生局,welfare,振興課,NA,Unknown,non_engineer,2,1190,different_department,3,20,0,0,0,0,0,0,1.3862943611198906,3.044522437723423,0,0
evt_209,1944,1793,1793_name_振興課,民生局,welfare,振興課,NA,Unknown,non_engineer,2,1193,different_department,7,4,0,0,0,0,0,0,2.0794415416798357,1.6094379124341003,0,0
evt_209,1944,1793,1793_name_振興課,民生局,welfare,振興課,NA,Unknown,non_engineer,2,1225,different_department,1,1,0,0,0,0,0,0,0.6931471805599453,0.6931471805599453,0,0
evt_209,1944,1793,1793_name_振興課,民生局,welfare,振興課,NA,Unknown,non_engineer,2,1233,different_department,5,7,0,0,0,0,0,0,1.791759469228055,2.0794415416798357,0,0
evt_209,1944,1793,1793_name_振興課,民生局,welfare,振興課,NA,Unknown,non_engineer,2,1317,different_department,5,10,0,0,0,0,0,0,1.791759469228055,2.3978952727983707,0,0
evt_209,1944,1793,1793_name_振興課,民生局,welfare,振興課,NA,Unknown,non_engineer,2,1335,different_department,1,25,0,0,0,0,0,0,0.6931471805599453,3.258096538021482,0,0
evt_209,1944,1793,1793_name_振興課,民生局,welfare,振興課,NA,Unknown,non_engineer,2,1402,different_department,8,2,0,0,0,0,0,0,2.1972245773362196,1.0986122886681098,0,0
evt_209,1944,1793,1793_name_振興課,民生局,welfare,振興課,NA,Unknown,non_engineer,2,1449,same_department,11,20,0,0,0,0,0,1,2.4849066497880004,3.044522437723423,0,0
evt_209,1944,1793,1793_name_振興課,民生局,welfare,振興課,NA,Unknown,non_engineer,2,1478,same_department,4,5,0,0,0,0,0,1,1.6094379124341003,1.791759469228055,0,0
evt_209,1944,1793,1793_name_振興課,民生局,welfare,振興課,NA,Unknown,non_engineer,2,1486,different_department,1,2,0,0,0,0,0,0,0.6931471805599453,1.0986122886681098,0,0
evt_209,1944,1793,1793_name_振興課,民生局,welfare,振興課,NA,Unknown,non_engineer,2,1490,different_department,1,1,0,0,0,0,0,0,0.6931471805599453,0.6931471805599453,0,0
evt_209,1944,1793,1793_name_振興課,民生局,welfare,振興課,NA,Unknown,non_engineer,2,1501,different_department,1,9,0,0,0,0,0,0,0.6931471805599453,2.302585092994046,0,0
evt_209,1944,1793,1793_name_振興課,民生局,welfare,振興課,NA,Unknown,non_engineer,2,1531,different_department,2,1,0,0,0,0,0,0,1.0986122886681098,0.6931471805599453,0,0
evt_209,1944,1793,1793_name_振興課,民生局,welfare,振興課,NA,Unknown,non_engineer,2,1538,different_department,1,4,0,0,0,0,0,0,0.6931471805599453,1.6094379124341003,0,0
evt_209,1944,1793,1793_name_振興課,民生局,welfare,振興課,NA,Unknown,non_engineer,2,1555,different_department,3,11,0,0,0,0,0,0,1.3862943611198906,2.4849066497880004,0,0
evt_209,1944,1793,1793_name_振興課,民生局,welfare,振興課,NA,Unknown,non_engineer,2,1642,same_department,1,15,0,0,0,0,0,1,0.6931471805599453,2.772588722239781,0,0
evt_209,1944,1793,1793_name_振興課,民生局,welfare,振興課,NA,Unknown,non_engineer,2,1676,different_department,3,16,0,0,0,0,0,0,1.3862943611198906,2.833213344056216,0,0
evt_209,1944,1793,1793_name_振興課,民生局,welfare,振興課,NA,Unknown,non_engineer,2,1697,same_department,1,2,0,0,0,0,0,1,0.6931471805599453,1.0986122886681098,0,0
evt_209,1944,1793,1793_name_振興課,民生局,welfare,振興課,NA,Unknown,non_engineer,2,1752,different_department,5,11,0,0,0,0,0,0,1.791759469228055,2.4849066497880004,0,0
evt_209,1944,1793,1793_name_振興課,民生局,welfare,振興課,NA,Unknown,non_engineer,2,1761,different_department,2,1,0,0,0,0,0,0,1.0986122886681098,0.6931471805599453,0,0
evt_209,1944,1793,1793_name_振興課,民生局,welfare,振興課,NA,Unknown,non_engineer,2,1787,different_department,2,5,0,0,0,0,0,0,1.0986122886681098,1.791759469228055,0,0
evt_209,1944,1793,1793_name_振興課,民生局,welfare,振興課,NA,Unknown,non_engineer,2,1794,different_department,7,7,1,0,0,0,0,0,2.0794415416798357,2.0794415416798357,0,0
evt_209,1944,1793,1793_name_振興課,民生局,welfare,振興課,NA,Unknown,non_engineer,2,1896,same_department,3,1,0,0,0,0,0,1,1.3862943611198906,0.6931471805599453,0,0
evt_209,1944,1793,1793_name_振興課,民生局,welfare,振興課,NA,Unknown,non_engineer,2,1906,different_department,1,15,0,0,0,0,0,0,0.6931471805599453,2.772588722239781,0,0
evt_209,1944,1793,1793_name_振興課,民生局,welfare,振興課,NA,Unknown,non_engineer,2,1919,different_department,2,1,0,0,0,0,0,0,1.0986122886681098,0.6931471805599453,0,0
evt_209,1944,1793,1793_name_振興課,民生局,welfare,振興課,NA,Unknown,non_engineer,2,1989,different_department,1,41,0,0,0,0,0,0,0.6931471805599453,3.7376696182833684,0,0
evt_209,1944,1793,1793_name_振興課,民生局,welfare,振興課,NA,Unknown,non_engineer,2,2003,different_department,1,25,0,0,0,0,0,0,0.6931471805599453,3.258096538021482,0,0
evt_209,1944,1793,1793_name_振興課,民生局,welfare,振興課,NA,Unknown,non_engineer,2,2033,same_department,4,1,0,0,0,0,0,1,1.6094379124341003,0.6931471805599453,0,0
evt_209,1944,1793,1793_name_振興課,民生局,welfare,振興課,NA,Unknown,non_engineer,2,2056,different_department,4,15,0,0,0,0,0,0,1.6094379124341003,2.772588722239781,0,0
evt_209,1944,1793,1793_name_振興課,民生局,welfare,振興課,NA,Unknown,non_engineer,2,2071,different_department,8,16,0,0,0,0,0,0,2.1972245773362196,2.833213344056216,0,0
evt_209,1944,1793,1793_name_振興課,民生局,welfare,振興課,NA,Unknown,non_engineer,2,2072,different_department,3,1,0,0,0,0,0,0,1.3862943611198906,0.6931471805599453,0,0
evt_209,1944,1793,1793_name_振興課,民生局,welfare,振興課,NA,Unknown,non_engineer,2,2109,different_department,4,6,0,0,0,0,0,0,1.6094379124341003,1.9459101490553132,0,0
evt_209,1944,1793,1793_name_振興課,民生局,welfare,振興課,NA,Unknown,non_engineer,2,2123,different_department,2,1,0,0,0,0,0,0,1.0986122886681098,0.6931471805599453,0,0
evt_209,1944,1793,1793_name_振興課,民生局,welfare,振興課,NA,Unknown,non_engineer,2,2125,same_department,4,7,0,0,0,0,0,1,1.6094379124341003,2.0794415416798357,0,0
evt_209,1944,1793,1793_name_振興課,民生局,welfare,振興課,NA,Unknown,non_engineer,2,2138,different_department,6,5,0,0,0,0,0,0,1.9459101490553132,1.791759469228055,0,0
evt_209,1944,1793,1793_name_振興課,民生局,welfare,振興課,NA,Unknown,non_engineer,2,2143,different_department,1,10,0,0,0,0,0,0,0.6931471805599453,2.3978952727983707,0,0
evt_209,1944,1793,1793_name_振興課,民生局,welfare,振興課,NA,Unknown,non_engineer,2,2158,different_department,1,1,0,0,0,0,0,0,0.6931471805599453,0.6931471805599453,0,0
evt_209,1944,1793,1793_name_振興課,民生局,welfare,振興課,NA,Unknown,non_engineer,2,2174,same_department,5,4,0,0,0,0,0,1,1.791759469228055,1.6094379124341003,0,0
evt_209,1944,1793,1793_name_振興課,民生局,welfare,振興課,NA,Unknown,non_engineer,2,2183,different_department,7,42,0,0,0,0,0,0,2.0794415416798357,3.7612001156935624,0,0
evt_209,1944,1793,1793_name_振興課,民生局,welfare,振興課,NA,Unknown,non_engineer,2,2213,same_department,1,7,0,0,0,0,0,1,0.6931471805599453,2.0794415416798357,0,0
evt_209,1944,1793,1793_name_振興課,民生局,welfare,振興課,NA,Unknown,non_engineer,2,2221,different_department,2,1,0,0,0,0,0,0,1.0986122886681098,0.6931471805599453,0,0
evt_209,1944,1793,1793_name_振興課,民生局,welfare,振興課,NA,Unknown,non_engineer,2,5764,different_department,3,17,0,0,0,0,0,0,1.3862943611198906,2.8903717578961645,0,0
evt_209,1944,1793,1793_name_振興課,民生局,welfare,振興課,NA,Unknown,non_engineer,2,5869,different_department,1,28,0,0,0,0,0,0,0.6931471805599453,3.367295829986474,0,0
evt_209,1944,1793,1793_name_振興課,民生局,welfare,振興課,NA,Unknown,non_engineer,2,5908,different_department,2,27,0,0,0,0,0,0,1.0986122886681098,3.332204510175204,0,0
evt_209,1944,1793,1793_name_振興課,民生局,welfare,振興課,NA,Unknown,non_engineer,2,6184,different_department,2,24,0,0,0,0,0,0,1.0986122886681098,3.2188758248682006,0,0
evt_209,1944,1793,1793_name_振興課,民生局,welfare,振興課,NA,Unknown,non_engineer,2,6233,different_department,1,23,0,0,0,0,0,0,0.6931471805599453,3.1780538303479458,0,0
evt_209,1944,1793,1793_name_振興課,民生局,welfare,振興課,NA,Unknown,non_engineer,2,6328,different_department,1,26,0,0,0,0,0,0,0.6931471805599453,3.295836866004329,0,0
evt_209,1944,1793,1793_name_振興課,民生局,welfare,振興課,NA,Unknown,non_engineer,2,6337,different_department,4,5,0,0,0,0,0,0,1.6094379124341003,1.791759469228055,0,0
evt_209,1944,1793,1793_name_振興課,民生局,welfare,振興課,NA,Unknown,non_engineer,2,6701,different_department,17,12,0,0,0,0,0,0,2.8903717578961645,2.5649493574615367,0,0
evt_209,1944,1793,1793_name_振興課,民生局,welfare,振興課,NA,Unknown,non_engineer,2,6791,different_department,2,23,0,0,0,0,0,0,1.0986122886681098,3.1780538303479458,0,0
evt_209,1944,1793,1793_name_振興課,民生局,welfare,振興課,NA,Unknown,non_engineer,2,6946,different_department,3,58,0,0,0,0,0,0,1.3862943611198906,4.07753744390572,0,0
evt_209,1944,1793,1793_name_振興課,民生局,welfare,振興課,NA,Unknown,non_engineer,2,6953,different_department,4,25,0,0,0,0,0,0,1.6094379124341003,3.258096538021482,0,0
evt_209,1944,1793,1793_name_振興課,民生局,welfare,振興課,NA,Unknown,non_engineer,2,7029,different_department,2,26,0,0,0,0,0,0,1.0986122886681098,3.295836866004329,0,0
evt_209,1944,1793,1793_name_振興課,民生局,welfare,振興課,NA,Unknown,non_engineer,2,7051,different_department,2,9,0,0,0,0,0,0,1.0986122886681098,2.302585092994046,0,0
evt_209,1944,1793,1793_name_振興課,民生局,welfare,振興課,NA,Unknown,non_engineer,2,7191,different_department,1,19,0,0,0,0,0,0,0.6931471805599453,2.995732273553991,0,0
evt_209,1944,1793,1793_name_振興課,民生局,welfare,振興課,NA,Unknown,non_engineer,2,7235,different_department,1,23,0,0,0,0,0,0,0.6931471805599453,3.1780538303479458,0,0
evt_209,1944,1793,1793_name_振興課,民生局,welfare,振興課,NA,Unknown,non_engineer,2,7461,different_department,1,20,0,0,0,0,0,0,0.6931471805599453,3.044522437723423,0,0
evt_209,1944,1793,1793_name_振興課,民生局,welfare,振興課,NA,Unknown,non_engineer,2,7484,different_department,2,29,0,0,0,0,0,0,1.0986122886681098,3.4011973816621555,0,0
evt_209,1944,1793,1793_name_振興課,民生局,welfare,振興課,NA,Unknown,non_engineer,2,7492,different_department,1,26,0,0,0,0,0,0,0.6931471805599453,3.295836866004329,0,0
evt_209,1944,1793,1793_name_振興課,民生局,welfare,振興課,NA,Unknown,non_engineer,2,7506,different_department,7,93,0,0,0,0,0,0,2.0794415416798357,4.543294782270004,0,0
evt_209,1944,1793,1793_name_振興課,民生局,welfare,振興課,NA,Unknown,non_engineer,2,7525,different_department,4,5,0,0,0,0,0,0,1.6094379124341003,1.791759469228055,0,0
evt_209,1944,1793,1793_name_振興課,民生局,welfare,振興課,NA,Unknown,non_engineer,2,7748,different_department,4,38,0,0,0,0,0,0,1.6094379124341003,3.6635616461296463,0,0
evt_209,1944,1793,1793_name_振興課,民生局,welfare,振興課,NA,Unknown,non_engineer,2,7836,different_department,1,2,0,0,0,0,0,0,0.6931471805599453,1.0986122886681098,0,0
evt_209,1944,1793,1793_name_振興課,民生局,welfare,振興課,NA,Unknown,non_engineer,2,7910,different_department,2,30,0,0,0,0,0,0,1.0986122886681098,3.4339872044851463,0,0
evt_209,1944,1793,1793_name_振興課,民生局,welfare,振興課,NA,Unknown,non_engineer,2,8164,different_department,2,42,0,0,0,0,0,0,1.0986122886681098,3.7612001156935624,0,0
evt_209,1944,1793,1793_name_振興課,民生局,welfare,振興課,NA,Unknown,non_engineer,2,8358,different_department,1,9,1,0,0,0,0,0,0.6931471805599453,2.302585092994046,0,0
evt_209,1944,1793,1793_name_振興課,民生局,welfare,振興課,NA,Unknown,non_engineer,2,8426,different_department,1,3,0,0,0,0,0,0,0.6931471805599453,1.3862943611198906,0,0
evt_209,1944,1793,1793_name_振興課,民生局,welfare,振興課,NA,Unknown,non_engineer,2,8514,same_department,1,2,0,0,0,0,0,1,0.6931471805599453,1.0986122886681098,0,0
evt_209,1944,1793,1793_name_振興課,民生局,welfare,振興課,NA,Unknown,non_engineer,2,8594,different_department,1,16,0,0,0,0,0,0,0.6931471805599453,2.833213344056216,0,0
evt_209,1944,1793,1793_name_振興課,民生局,welfare,振興課,NA,Unknown,non_engineer,2,8664,different_department,2,8,0,0,0,0,0,0,1.0986122886681098,2.1972245773362196,0,0
evt_209,1944,1793,1793_name_振興課,民生局,welfare,振興課,NA,Unknown,non_engineer,2,8882,different_department,1,28,0,0,0,0,0,0,0.6931471805599453,3.367295829986474,0,0
evt_209,1944,1793,1793_name_振興課,民生局,welfare,振興課,NA,Unknown,non_engineer,2,8905,different_department,6,14,0,0,0,0,0,0,1.9459101490553132,2.70805020110221,0,0
evt_21,1944,1182,1182_grp_24,計晝局,NA,企画課,24,雇,yato,1,1449,same_section,11,20,1,0,0,0,1,0,2.4849066497880004,3.044522437723423,1,1
evt_21,1944,1182,1182_grp_24,計晝局,NA,企画課,24,雇,yato,1,8905,same_section,19,14,0,0,0,0,1,0,2.995732273553991,2.70805020110221,1,1
evt_215,1944,1797,1797_grp_46,経済局,economy,農務課,46,雇,yato,1,1130,different_department,2,2,0,0,0,0,0,0,1.0986122886681098,1.0986122886681098,1,1
evt_215,1944,1797,1797_grp_46,経済局,economy,農務課,46,雇,yato,1,1147,different_department,2,3,0,0,0,0,0,0,1.0986122886681098,1.3862943611198906,1,1
evt_215,1944,1797,1797_grp_46,経済局,economy,農務課,46,雇,yato,1,1190,different_department,10,20,0,0,0,0,0,0,2.3978952727983707,3.044522437723423,1,1
evt_215,1944,1797,1797_grp_46,経済局,economy,農務課,46,雇,yato,1,1225,same_department,1,1,0,0,0,0,0,1,0.6931471805599453,0.6931471805599453,1,1
evt_215,1944,1797,1797_grp_46,経済局,economy,農務課,46,雇,yato,1,1449,different_department,11,20,0,0,0,0,0,0,2.4849066497880004,3.044522437723423,1,1
evt_215,1944,1797,1797_grp_46,経済局,economy,農務課,46,雇,yato,1,1478,different_department,7,5,0,0,0,0,0,0,2.0794415416798357,1.791759469228055,1,1
evt_215,1944,1797,1797_grp_46,経済局,economy,農務課,46,雇,yato,1,1555,different_department,14,11,0,0,0,0,0,0,2.70805020110221,2.4849066497880004,1,1
evt_215,1944,1797,1797_grp_46,経済局,economy,農務課,46,雇,yato,1,1566,different_department,1,3,0,0,0,0,0,0,0.6931471805599453,1.3862943611198906,1,1
evt_215,1944,1797,1797_grp_46,経済局,economy,農務課,46,雇,yato,1,1642,different_department,4,15,0,0,0,0,0,0,1.6094379124341003,2.772588722239781,1,1
evt_215,1944,1797,1797_grp_46,経済局,economy,農務課,46,雇,yato,1,1697,different_department,2,2,0,0,0,0,0,0,1.0986122886681098,1.0986122886681098,1,1
evt_215,1944,1797,1797_grp_46,経済局,economy,農務課,46,雇,yato,1,1752,different_department,7,11,0,0,0,0,0,0,2.0794415416798357,2.4849066497880004,1,1
evt_215,1944,1797,1797_grp_46,経済局,economy,農務課,46,雇,yato,1,1896,different_department,5,1,0,0,0,0,0,0,1.791759469228055,0.6931471805599453,1,1
evt_215,1944,1797,1797_grp_46,経済局,economy,農務課,46,雇,yato,1,1972,different_department,1,13,0,0,0,0,0,0,0.6931471805599453,2.6390573296152584,1,1
evt_215,1944,1797,1797_grp_46,経済局,economy,農務課,46,雇,yato,1,1989,different_department,1,41,0,0,0,0,0,0,0.6931471805599453,3.7376696182833684,1,1
evt_215,1944,1797,1797_grp_46,経済局,economy,農務課,46,雇,yato,1,2051,different_department,3,1,0,0,0,0,0,0,1.3862943611198906,0.6931471805599453,1,1
evt_215,1944,1797,1797_grp_46,経済局,economy,農務課,46,雇,yato,1,2056,different_department,6,15,0,0,0,0,0,0,1.9459101490553132,2.772588722239781,1,1
evt_215,1944,1797,1797_grp_46,経済局,economy,農務課,46,雇,yato,1,2071,different_department,1,16,0,0,0,0,0,0,0.6931471805599453,2.833213344056216,1,1
evt_215,1944,1797,1797_grp_46,経済局,economy,農務課,46,雇,yato,1,2109,different_department,5,6,0,0,0,0,0,0,1.791759469228055,1.9459101490553132,1,1
evt_215,1944,1797,1797_grp_46,経済局,economy,農務課,46,雇,yato,1,2118,different_department,2,16,0,0,0,0,0,0,1.0986122886681098,2.833213344056216,1,1
evt_215,1944,1797,1797_grp_46,経済局,economy,農務課,46,雇,yato,1,2123,different_department,2,1,0,0,0,0,0,0,1.0986122886681098,0.6931471805599453,1,1
evt_215,1944,1797,1797_grp_46,経済局,economy,農務課,46,雇,yato,1,2125,different_department,5,7,0,0,0,0,0,0,1.791759469228055,2.0794415416798357,1,1
evt_215,1944,1797,1797_grp_46,経済局,economy,農務課,46,雇,yato,1,2138,same_section,3,5,1,0,0,0,1,0,1.3862943611198906,1.791759469228055,1,1
evt_215,1944,1797,1797_grp_46,経済局,economy,農務課,46,雇,yato,1,2143,different_department,4,10,0,0,0,0,0,0,1.6094379124341003,2.3978952727983707,1,1
evt_215,1944,1797,1797_grp_46,経済局,economy,農務課,46,雇,yato,1,2158,same_department,3,1,0,0,0,0,0,1,1.3862943611198906,0.6931471805599453,1,1
evt_215,1944,1797,1797_grp_46,経済局,economy,農務課,46,雇,yato,1,2159,same_department,2,4,0,0,0,0,0,1,1.0986122886681098,1.6094379124341003,1,1
evt_215,1944,1797,1797_grp_46,経済局,economy,農務課,46,雇,yato,1,2213,different_department,7,7,0,0,0,0,0,0,2.0794415416798357,2.0794415416798357,1,1
evt_215,1944,1797,1797_grp_46,経済局,economy,農務課,46,雇,yato,1,5869,different_department,3,28,0,0,0,0,0,0,1.3862943611198906,3.367295829986474,1,1
evt_215,1944,1797,1797_grp_46,経済局,economy,農務課,46,雇,yato,1,6328,different_department,5,26,0,0,0,0,0,0,1.791759469228055,3.295836866004329,1,1
evt_215,1944,1797,1797_grp_46,経済局,economy,農務課,46,雇,yato,1,6501,different_department,1,2,0,0,0,0,0,0,0.6931471805599453,1.0986122886681098,1,1
evt_215,1944,1797,1797_grp_46,経済局,economy,農務課,46,雇,yato,1,6641,same_department,1,1,0,0,0,0,0,1,0.6931471805599453,0.6931471805599453,1,1
evt_215,1944,1797,1797_grp_46,経済局,economy,農務課,46,雇,yato,1,6701,different_department,1,12,0,0,0,0,0,0,0.6931471805599453,2.5649493574615367,1,1
evt_215,1944,1797,1797_grp_46,経済局,economy,農務課,46,雇,yato,1,6843,different_department,12,4,0,0,0,0,0,0,2.5649493574615367,1.6094379124341003,1,1
evt_215,1944,1797,1797_grp_46,経済局,economy,農務課,46,雇,yato,1,6844,different_department,1,6,0,0,0,0,0,0,0.6931471805599453,1.9459101490553132,1,1
evt_215,1944,1797,1797_grp_46,経済局,economy,農務課,46,雇,yato,1,6845,different_department,2,16,0,0,0,0,0,0,1.0986122886681098,2.833213344056216,1,1
evt_215,1944,1797,1797_grp_46,経済局,economy,農務課,46,雇,yato,1,7506,different_department,2,93,0,0,0,0,0,0,1.0986122886681098,4.543294782270004,1,1
evt_215,1944,1797,1797_grp_46,経済局,economy,農務課,46,雇,yato,1,7525,different_department,4,5,0,0,0,0,0,0,1.6094379124341003,1.791759469228055,1,1
evt_215,1944,1797,1797_grp_46,経済局,economy,農務課,46,雇,yato,1,7782,different_department,5,32,0,0,0,0,0,0,1.791759469228055,3.4965075614664802,1,1
evt_215,1944,1797,1797_grp_46,経済局,economy,農務課,46,雇,yato,1,8164,different_department,7,9,0,0,0,0,0,0,2.0794415416798357,2.302585092994046,1,1
evt_215,1944,1797,1797_grp_46,経済局,economy,農務課,46,雇,yato,1,8321,different_department,4,7,0,0,0,0,0,0,1.6094379124341003,2.0794415416798357,1,1
evt_215,1944,1797,1797_grp_46,経済局,economy,農務課,46,雇,yato,1,8358,different_department,15,81,0,0,0,0,0,0,2.772588722239781,4.406719247264253,1,1
evt_215,1944,1797,1797_grp_46,経済局,economy,農務課,46,雇,yato,1,8594,different_department,7,16,0,0,0,0,0,0,2.0794415416798357,2.833213344056216,1,1
evt_215,1944,1797,1797_grp_46,経済局,economy,農務課,46,雇,yato,1,8757,different_department,4,7,0,0,0,0,0,0,1.6094379124341003,2.0794415416798357,1,1
evt_215,1944,1797,1797_grp_46,経済局,economy,農務課,46,雇,yato,1,8882,different_department,1,28,0,0,0,0,0,0,0.6931471805599453,3.367295829986474,1,1
evt_215,1944,1797,1797_grp_46,経済局,economy,農務課,46,雇,yato,1,8899,different_department,4,9,0,0,0,0,0,0,1.6094379124341003,2.302585092994046,1,1
evt_215,1944,1797,1797_grp_46,経済局,economy,農務課,46,雇,yato,1,8905,different_department,19,14,0,0,0,0,0,0,2.995732273553991,2.70805020110221,1,1
evt_215,1944,1797,1797_grp_46,経済局,economy,農務課,46,雇,yato,1,8946,different_department,1,29,0,0,0,0,0,0,0.6931471805599453,3.4011973816621555,1,1
evt_215,1944,1797,1797_grp_46,経済局,economy,農務課,46,雇,yato,1,8994,different_department,3,28,0,0,0,0,0,0,1.3862943611198906,3.367295829986474,1,1
evt_215,1944,1797,1797_grp_46,経済局,economy,農務課,46,雇,yato,1,8996,different_department,2,2,0,0,0,0,0,0,1.0986122886681098,1.0986122886681098,1,1
evt_220,1944,1801,1801_name_防疫課,民生局,welfare,防疫課,NA,雇,yato,1,1130,different_department,2,2,0,0,0,0,0,0,1.0986122886681098,1.0986122886681098,0,0
evt_220,1944,1801,1801_name_防疫課,民生局,welfare,防疫課,NA,雇,yato,1,1147,different_department,2,3,0,0,0,0,0,0,1.0986122886681098,1.3862943611198906,0,0
evt_220,1944,1801,1801_name_防疫課,民生局,welfare,防疫課,NA,雇,yato,1,1190,different_department,10,20,0,0,0,0,0,0,2.3978952727983707,3.044522437723423,0,0
evt_220,1944,1801,1801_name_防疫課,民生局,welfare,防疫課,NA,雇,yato,1,1225,different_department,1,1,0,0,0,0,0,0,0.6931471805599453,0.6931471805599453,0,0
evt_220,1944,1801,1801_name_防疫課,民生局,welfare,防疫課,NA,雇,yato,1,1449,different_department,11,20,0,0,0,0,0,0,2.4849066497880004,3.044522437723423,0,0
evt_220,1944,1801,1801_name_防疫課,民生局,welfare,防疫課,NA,雇,yato,1,1478,same_department,7,5,0,0,0,0,0,1,2.0794415416798357,1.791759469228055,0,0
evt_220,1944,1801,1801_name_防疫課,民生局,welfare,防疫課,NA,雇,yato,1,1555,different_department,14,11,0,0,0,0,0,0,2.70805020110221,2.4849066497880004,0,0
evt_220,1944,1801,1801_name_防疫課,民生局,welfare,防疫課,NA,雇,yato,1,1566,same_department,1,3,0,0,0,0,0,1,0.6931471805599453,1.3862943611198906,0,0
evt_220,1944,1801,1801_name_防疫課,民生局,welfare,防疫課,NA,雇,yato,1,1642,same_department,4,15,0,0,0,0,0,1,1.6094379124341003,2.772588722239781,0,0
evt_220,1944,1801,1801_name_防疫課,民生局,welfare,防疫課,NA,雇,yato,1,1697,same_department,2,2,0,0,0,0,0,1,1.0986122886681098,1.0986122886681098,0,0
evt_220,1944,1801,1801_name_防疫課,民生局,welfare,防疫課,NA,雇,yato,1,1752,different_department,7,11,0,0,0,0,0,0,2.0794415416798357,2.4849066497880004,0,0
evt_220,1944,1801,1801_name_防疫課,民生局,welfare,防疫課,NA,雇,yato,1,1896,same_department,5,1,0,0,0,0,0,1,1.791759469228055,0.6931471805599453,0,0
evt_220,1944,1801,1801_name_防疫課,民生局,welfare,防疫課,NA,雇,yato,1,1906,different_department,1,15,0,0,0,0,0,0,0.6931471805599453,2.772588722239781,0,0
evt_220,1944,1801,1801_name_防疫課,民生局,welfare,防疫課,NA,雇,yato,1,1972,different_department,1,13,0,0,0,0,0,0,0.6931471805599453,2.6390573296152584,0,0
evt_220,1944,1801,1801_name_防疫課,民生局,welfare,防疫課,NA,雇,yato,1,1989,different_department,1,41,0,0,0,0,0,0,0.6931471805599453,3.7376696182833684,0,0
evt_220,1944,1801,1801_name_防疫課,民生局,welfare,防疫課,NA,雇,yato,1,2051,different_department,3,1,0,0,0,0,0,0,1.3862943611198906,0.6931471805599453,0,0
evt_220,1944,1801,1801_name_防疫課,民生局,welfare,防疫課,NA,雇,yato,1,2056,different_department,6,15,0,0,0,0,0,0,1.9459101490553132,2.772588722239781,0,0
evt_220,1944,1801,1801_name_防疫課,民生局,welfare,防疫課,NA,雇,yato,1,2071,different_department,1,16,0,0,0,0,0,0,0.6931471805599453,2.833213344056216,0,0
evt_220,1944,1801,1801_name_防疫課,民生局,welfare,防疫課,NA,雇,yato,1,2109,different_department,5,6,0,0,0,0,0,0,1.791759469228055,1.9459101490553132,0,0
evt_220,1944,1801,1801_name_防疫課,民生局,welfare,防疫課,NA,雇,yato,1,2118,different_department,2,16,0,0,0,0,0,0,1.0986122886681098,2.833213344056216,0,0
evt_220,1944,1801,1801_name_防疫課,民生局,welfare,防疫課,NA,雇,yato,1,2123,different_department,2,1,0,0,0,0,0,0,1.0986122886681098,0.6931471805599453,0,0
evt_220,1944,1801,1801_name_防疫課,民生局,welfare,防疫課,NA,雇,yato,1,2125,same_department,5,7,0,0,0,0,0,1,1.791759469228055,2.0794415416798357,0,0
evt_220,1944,1801,1801_name_防疫課,民生局,welfare,防疫課,NA,雇,yato,1,2138,different_department,3,5,0,0,0,0,0,0,1.3862943611198906,1.791759469228055,0,0
evt_220,1944,1801,1801_name_防疫課,民生局,welfare,防疫課,NA,雇,yato,1,2143,different_department,4,10,0,0,0,0,0,0,1.6094379124341003,2.3978952727983707,0,0
evt_220,1944,1801,1801_name_防疫課,民生局,welfare,防疫課,NA,雇,yato,1,2158,different_department,3,1,0,0,0,0,0,0,1.3862943611198906,0.6931471805599453,0,0
evt_220,1944,1801,1801_name_防疫課,民生局,welfare,防疫課,NA,雇,yato,1,2159,different_department,2,4,0,0,0,0,0,0,1.0986122886681098,1.6094379124341003,0,0
evt_220,1944,1801,1801_name_防疫課,民生局,welfare,防疫課,NA,雇,yato,1,2213,same_department,7,7,0,0,0,0,0,1,2.0794415416798357,2.0794415416798357,0,0
evt_220,1944,1801,1801_name_防疫課,民生局,welfare,防疫課,NA,雇,yato,1,5869,different_department,3,28,0,0,0,0,0,0,1.3862943611198906,3.367295829986474,0,0
evt_220,1944,1801,1801_name_防疫課,民生局,welfare,防疫課,NA,雇,yato,1,6328,different_department,5,26,0,0,0,0,0,0,1.791759469228055,3.295836866004329,0,0
evt_220,1944,1801,1801_name_防疫課,民生局,welfare,防疫課,NA,雇,yato,1,6415,different_department,1,1,0,0,0,0,0,0,0.6931471805599453,0.6931471805599453,0,0
evt_220,1944,1801,1801_name_防疫課,民生局,welfare,防疫課,NA,雇,yato,1,6501,different_department,1,2,0,0,0,0,0,0,0.6931471805599453,1.0986122886681098,0,0
evt_220,1944,1801,1801_name_防疫課,民生局,welfare,防疫課,NA,雇,yato,1,6641,different_department,1,1,0,0,0,0,0,0,0.6931471805599453,0.6931471805599453,0,0
evt_220,1944,1801,1801_name_防疫課,民生局,welfare,防疫課,NA,雇,yato,1,6701,different_department,1,12,0,0,0,0,0,0,0.6931471805599453,2.5649493574615367,0,0
evt_220,1944,1801,1801_name_防疫課,民生局,welfare,防疫課,NA,雇,yato,1,6843,different_department,12,4,0,0,0,0,0,0,2.5649493574615367,1.6094379124341003,0,0
evt_220,1944,1801,1801_name_防疫課,民生局,welfare,防疫課,NA,雇,yato,1,6844,different_department,1,6,0,0,0,0,0,0,0.6931471805599453,1.9459101490553132,0,0
evt_220,1944,1801,1801_name_防疫課,民生局,welfare,防疫課,NA,雇,yato,1,6845,different_department,2,16,0,0,0,0,0,0,1.0986122886681098,2.833213344056216,0,0
evt_220,1944,1801,1801_name_防疫課,民生局,welfare,防疫課,NA,雇,yato,1,6953,different_department,19,25,0,0,0,0,0,0,2.995732273553991,3.258096538021482,0,0
evt_220,1944,1801,1801_name_防疫課,民生局,welfare,防疫課,NA,雇,yato,1,7506,different_department,2,93,0,0,0,0,0,0,1.0986122886681098,4.543294782270004,0,0
evt_220,1944,1801,1801_name_防疫課,民生局,welfare,防疫課,NA,雇,yato,1,7525,different_department,4,5,0,0,0,0,0,0,1.6094379124341003,1.791759469228055,0,0
evt_220,1944,1801,1801_name_防疫課,民生局,welfare,防疫課,NA,雇,yato,1,7782,different_department,5,32,0,0,0,0,0,0,1.791759469228055,3.4965075614664802,0,0
evt_220,1944,1801,1801_name_防疫課,民生局,welfare,防疫課,NA,雇,yato,1,8164,different_department,7,9,0,0,0,0,0,0,2.0794415416798357,2.302585092994046,0,0
evt_220,1944,1801,1801_name_防疫課,民生局,welfare,防疫課,NA,雇,yato,1,8321,different_department,4,7,0,0,0,0,0,0,1.6094379124341003,2.0794415416798357,0,0
evt_220,1944,1801,1801_name_防疫課,民生局,welfare,防疫課,NA,雇,yato,1,8358,different_department,15,81,1,0,0,0,0,0,2.772588722239781,4.406719247264253,0,0
evt_220,1944,1801,1801_name_防疫課,民生局,welfare,防疫課,NA,雇,yato,1,8490,different_department,11,37,0,0,0,0,0,0,2.4849066497880004,3.6375861597263857,0,0
evt_220,1944,1801,1801_name_防疫課,民生局,welfare,防疫課,NA,雇,yato,1,8594,different_department,7,16,0,0,0,0,0,0,2.0794415416798357,2.833213344056216,0,0
evt_220,1944,1801,1801_name_防疫課,民生局,welfare,防疫課,NA,雇,yato,1,8757,different_department,4,7,0,0,0,0,0,0,1.6094379124341003,2.0794415416798357,0,0
evt_220,1944,1801,1801_name_防疫課,民生局,welfare,防疫課,NA,雇,yato,1,8882,different_department,1,28,0,0,0,0,0,0,0.6931471805599453,3.367295829986474,0,0
evt_220,1944,1801,1801_name_防疫課,民生局,welfare,防疫課,NA,雇,yato,1,8899,different_department,4,9,0,0,0,0,0,0,1.6094379124341003,2.302585092994046,0,0
evt_220,1944,1801,1801_name_防疫課,民生局,welfare,防疫課,NA,雇,yato,1,8905,different_department,19,14,0,0,0,0,0,0,2.995732273553991,2.70805020110221,0,0
evt_220,1944,1801,1801_name_防疫課,民生局,welfare,防疫課,NA,雇,yato,1,8946,different_department,1,29,0,0,0,0,0,0,0.6931471805599453,3.4011973816621555,0,0
evt_220,1944,1801,1801_name_防疫課,民生局,welfare,防疫課,NA,雇,yato,1,8994,different_department,13,28,0,0,0,0,0,0,2.6390573296152584,3.367295829986474,0,0
evt_220,1944,1801,1801_name_防疫課,民生局,welfare,防疫課,NA,雇,yato,1,8996,different_department,2,2,0,0,0,0,0,0,1.0986122886681098,1.0986122886681098,0,0
evt_224,1944,1813,1813_grp_491,交通局,transport,保線課,491,Unknown,non_engineer,2,1130,different_department,7,2,0,0,0,0,0,0,2.0794415416798357,1.0986122886681098,0,0
evt_224,1944,1813,1813_grp_491,交通局,transport,保線課,491,Unknown,non_engineer,2,1147,same_department,1,3,0,0,0,0,0,1,0.6931471805599453,1.3862943611198906,0,0
evt_224,1944,1813,1813_grp_491,交通局,transport,保線課,491,Unknown,non_engineer,2,1190,same_department,3,20,0,0,0,0,0,1,1.3862943611198906,3.044522437723423,0,0
evt_224,1944,1813,1813_grp_491,交通局,transport,保線課,491,Unknown,non_engineer,2,1193,same_department,7,4,1,0,0,0,0,1,2.0794415416798357,1.6094379124341003,0,0
evt_224,1944,1813,1813_grp_491,交通局,transport,保線課,491,Unknown,non_engineer,2,1225,different_department,1,1,0,0,0,0,0,0,0.6931471805599453,0.6931471805599453,0,0
evt_224,1944,1813,1813_grp_491,交通局,transport,保線課,491,Unknown,non_engineer,2,1233,same_department,5,7,0,0,0,0,0,1,1.791759469228055,2.0794415416798357,0,0
evt_224,1944,1813,1813_grp_491,交通局,transport,保線課,491,Unknown,non_engineer,2,1317,different_department,5,10,0,0,0,0,0,0,1.791759469228055,2.3978952727983707,0,0
evt_224,1944,1813,1813_grp_491,交通局,transport,保線課,491,Unknown,non_engineer,2,1335,different_department,1,25,0,0,0,0,0,0,0.6931471805599453,3.258096538021482,0,0
evt_224,1944,1813,1813_grp_491,交通局,transport,保線課,491,Unknown,non_engineer,2,1402,different_department,8,2,0,0,0,0,0,0,2.1972245773362196,1.0986122886681098,0,0
evt_224,1944,1813,1813_grp_491,交通局,transport,保線課,491,Unknown,non_engineer,2,1449,different_department,11,20,0,0,0,0,0,0,2.4849066497880004,3.044522437723423,0,0
evt_224,1944,1813,1813_grp_491,交通局,transport,保線課,491,Unknown,non_engineer,2,1478,different_department,4,5,0,0,0,0,0,0,1.6094379124341003,1.791759469228055,0,0
evt_224,1944,1813,1813_grp_491,交通局,transport,保線課,491,Unknown,non_engineer,2,1486,different_department,1,2,0,0,0,0,0,0,0.6931471805599453,1.0986122886681098,0,0
evt_224,1944,1813,1813_grp_491,交通局,transport,保線課,491,Unknown,non_engineer,2,1490,different_department,1,1,0,0,0,0,0,0,0.6931471805599453,0.6931471805599453,0,0
evt_224,1944,1813,1813_grp_491,交通局,transport,保線課,491,Unknown,non_engineer,2,1501,different_department,1,9,0,0,0,0,0,0,0.6931471805599453,2.302585092994046,0,0
evt_224,1944,1813,1813_grp_491,交通局,transport,保線課,491,Unknown,non_engineer,2,1531,different_department,2,1,0,0,0,0,0,0,1.0986122886681098,0.6931471805599453,0,0
evt_224,1944,1813,1813_grp_491,交通局,transport,保線課,491,Unknown,non_engineer,2,1538,same_department,1,4,0,0,0,0,0,1,0.6931471805599453,1.6094379124341003,0,0
evt_224,1944,1813,1813_grp_491,交通局,transport,保線課,491,Unknown,non_engineer,2,1555,same_department,3,11,0,0,0,0,0,1,1.3862943611198906,2.4849066497880004,0,0
evt_224,1944,1813,1813_grp_491,交通局,transport,保線課,491,Unknown,non_engineer,2,1642,different_department,1,15,0,0,0,0,0,0,0.6931471805599453,2.772588722239781,0,0
evt_224,1944,1813,1813_grp_491,交通局,transport,保線課,491,Unknown,non_engineer,2,1676,different_department,3,16,0,0,0,0,0,0,1.3862943611198906,2.833213344056216,0,0
evt_224,1944,1813,1813_grp_491,交通局,transport,保線課,491,Unknown,non_engineer,2,1697,different_department,1,2,0,0,0,0,0,0,0.6931471805599453,1.0986122886681098,0,0
evt_224,1944,1813,1813_grp_491,交通局,transport,保線課,491,Unknown,non_engineer,2,1752,different_department,5,11,0,0,0,0,0,0,1.791759469228055,2.4849066497880004,0,0
evt_224,1944,1813,1813_grp_491,交通局,transport,保線課,491,Unknown,non_engineer,2,1761,different_department,2,1,0,0,0,0,0,0,1.0986122886681098,0.6931471805599453,0,0
evt_224,1944,1813,1813_grp_491,交通局,transport,保線課,491,Unknown,non_engineer,2,1787,different_department,2,5,0,0,0,0,0,0,1.0986122886681098,1.791759469228055,0,0
evt_224,1944,1813,1813_grp_491,交通局,transport,保線課,491,Unknown,non_engineer,2,1794,different_department,7,7,0,0,0,0,0,0,2.0794415416798357,2.0794415416798357,0,0
evt_224,1944,1813,1813_grp_491,交通局,transport,保線課,491,Unknown,non_engineer,2,1896,different_department,3,1,0,0,0,0,0,0,1.3862943611198906,0.6931471805599453,0,0
evt_224,1944,1813,1813_grp_491,交通局,transport,保線課,491,Unknown,non_engineer,2,1906,different_department,1,15,0,0,0,0,0,0,0.6931471805599453,2.772588722239781,0,0
evt_224,1944,1813,1813_grp_491,交通局,transport,保線課,491,Unknown,non_engineer,2,1919,same_department,2,1,0,0,0,0,0,1,1.0986122886681098,0.6931471805599453,0,0
evt_224,1944,1813,1813_grp_491,交通局,transport,保線課,491,Unknown,non_engineer,2,1989,different_department,1,41,0,0,0,0,0,0,0.6931471805599453,3.7376696182833684,0,0
evt_224,1944,1813,1813_grp_491,交通局,transport,保線課,491,Unknown,non_engineer,2,2003,different_department,1,25,0,0,0,0,0,0,0.6931471805599453,3.258096538021482,0,0
evt_224,1944,1813,1813_grp_491,交通局,transport,保線課,491,Unknown,non_engineer,2,2033,different_department,4,1,0,0,0,0,0,0,1.6094379124341003,0.6931471805599453,0,0
evt_224,1944,1813,1813_grp_491,交通局,transport,保線課,491,Unknown,non_engineer,2,2056,same_department,4,15,0,0,0,0,0,1,1.6094379124341003,2.772588722239781,0,0
evt_224,1944,1813,1813_grp_491,交通局,transport,保線課,491,Unknown,non_engineer,2,2071,same_department,8,16,0,0,0,0,0,1,2.1972245773362196,2.833213344056216,0,0
evt_224,1944,1813,1813_grp_491,交通局,transport,保線課,491,Unknown,non_engineer,2,2072,different_department,3,1,0,0,0,0,0,0,1.3862943611198906,0.6931471805599453,0,0
evt_224,1944,1813,1813_grp_491,交通局,transport,保線課,491,Unknown,non_engineer,2,2109,different_department,4,6,0,0,0,0,0,0,1.6094379124341003,1.9459101490553132,0,0
evt_224,1944,1813,1813_grp_491,交通局,transport,保線課,491,Unknown,non_engineer,2,2123,same_department,2,1,0,0,0,0,0,1,1.0986122886681098,0.6931471805599453,0,0
evt_224,1944,1813,1813_grp_491,交通局,transport,保線課,491,Unknown,non_engineer,2,2125,different_department,4,7,0,0,0,0,0,0,1.6094379124341003,2.0794415416798357,0,0
evt_224,1944,1813,1813_grp_491,交通局,transport,保線課,491,Unknown,non_engineer,2,2138,different_department,6,5,0,0,0,0,0,0,1.9459101490553132,1.791759469228055,0,0
evt_224,1944,1813,1813_grp_491,交通局,transport,保線課,491,Unknown,non_engineer,2,2143,same_department,1,10,0,0,0,0,0,1,0.6931471805599453,2.3978952727983707,0,0
evt_224,1944,1813,1813_grp_491,交通局,transport,保線課,491,Unknown,non_engineer,2,2158,different_department,1,1,0,0,0,0,0,0,0.6931471805599453,0.6931471805599453,0,0
evt_224,1944,1813,1813_grp_491,交通局,transport,保線課,491,Unknown,non_engineer,2,2174,different_department,5,4,0,0,0,0,0,0,1.791759469228055,1.6094379124341003,0,0
evt_224,1944,1813,1813_grp_491,交通局,transport,保線課,491,Unknown,non_engineer,2,2183,same_department,7,42,0,0,0,0,0,1,2.0794415416798357,3.7612001156935624,0,0
evt_224,1944,1813,1813_grp_491,交通局,transport,保線課,491,Unknown,non_engineer,2,2213,different_department,1,7,0,0,0,0,0,0,0.6931471805599453,2.0794415416798357,0,0
evt_224,1944,1813,1813_grp_491,交通局,transport,保線課,491,Unknown,non_engineer,2,2221,same_department,2,1,0,0,0,0,0,1,1.0986122886681098,0.6931471805599453,0,0
evt_224,1944,1813,1813_grp_491,交通局,transport,保線課,491,Unknown,non_engineer,2,5764,different_department,3,17,0,0,0,0,0,0,1.3862943611198906,2.8903717578961645,0,0
evt_224,1944,1813,1813_grp_491,交通局,transport,保線課,491,Unknown,non_engineer,2,5869,same_department,1,28,0,0,0,0,0,1,0.6931471805599453,3.367295829986474,0,0
evt_224,1944,1813,1813_grp_491,交通局,transport,保線課,491,Unknown,non_engineer,2,5908,different_department,2,27,0,0,0,0,0,0,1.0986122886681098,3.332204510175204,0,0
evt_224,1944,1813,1813_grp_491,交通局,transport,保線課,491,Unknown,non_engineer,2,6184,different_department,2,24,0,0,0,0,0,0,1.0986122886681098,3.2188758248682006,0,0
evt_224,1944,1813,1813_grp_491,交通局,transport,保線課,491,Unknown,non_engineer,2,6233,different_department,1,23,0,0,0,0,0,0,0.6931471805599453,3.1780538303479458,0,0
evt_224,1944,1813,1813_grp_491,交通局,transport,保線課,491,Unknown,non_engineer,2,6328,different_department,1,26,0,0,0,0,0,0,0.6931471805599453,3.295836866004329,0,0
evt_224,1944,1813,1813_grp_491,交通局,transport,保線課,491,Unknown,non_engineer,2,6337,different_department,4,5,0,0,0,0,0,0,1.6094379124341003,1.791759469228055,0,0
evt_224,1944,1813,1813_grp_491,交通局,transport,保線課,491,Unknown,non_engineer,2,6701,different_department,17,12,0,0,0,0,0,0,2.8903717578961645,2.5649493574615367,0,0
evt_224,1944,1813,1813_grp_491,交通局,transport,保線課,491,Unknown,non_engineer,2,6791,different_department,2,23,0,0,0,0,0,0,1.0986122886681098,3.1780538303479458,0,0
evt_224,1944,1813,1813_grp_491,交通局,transport,保線課,491,Unknown,non_engineer,2,6946,different_department,3,58,0,0,0,0,0,0,1.3862943611198906,4.07753744390572,0,0
evt_224,1944,1813,1813_grp_491,交通局,transport,保線課,491,Unknown,non_engineer,2,6953,different_department,4,25,0,0,0,0,0,0,1.6094379124341003,3.258096538021482,0,0
evt_224,1944,1813,1813_grp_491,交通局,transport,保線課,491,Unknown,non_engineer,2,7029,different_department,2,26,0,0,0,0,0,0,1.0986122886681098,3.295836866004329,0,0
evt_224,1944,1813,1813_grp_491,交通局,transport,保線課,491,Unknown,non_engineer,2,7051,same_department,2,9,0,0,0,0,0,1,1.0986122886681098,2.302585092994046,0,0
evt_224,1944,1813,1813_grp_491,交通局,transport,保線課,491,Unknown,non_engineer,2,7191,different_department,1,19,0,0,0,0,0,0,0.6931471805599453,2.995732273553991,0,0
evt_224,1944,1813,1813_grp_491,交通局,transport,保線課,491,Unknown,non_engineer,2,7235,different_department,1,23,0,0,0,0,0,0,0.6931471805599453,3.1780538303479458,0,0
evt_224,1944,1813,1813_grp_491,交通局,transport,保線課,491,Unknown,non_engineer,2,7461,different_department,1,20,0,0,0,0,0,0,0.6931471805599453,3.044522437723423,0,0
evt_224,1944,1813,1813_grp_491,交通局,transport,保線課,491,Unknown,non_engineer,2,7484,different_department,2,29,0,0,0,0,0,0,1.0986122886681098,3.4011973816621555,0,0
evt_224,1944,1813,1813_grp_491,交通局,transport,保線課,491,Unknown,non_engineer,2,7492,different_department,1,26,0,0,0,0,0,0,0.6931471805599453,3.295836866004329,0,0
evt_224,1944,1813,1813_grp_491,交通局,transport,保線課,491,Unknown,non_engineer,2,7506,different_department,7,93,0,0,0,0,0,0,2.0794415416798357,4.543294782270004,0,0
evt_224,1944,1813,1813_grp_491,交通局,transport,保線課,491,Unknown,non_engineer,2,7525,same_department,4,5,0,0,0,0,0,1,1.6094379124341003,1.791759469228055,0,0
evt_224,1944,1813,1813_grp_491,交通局,transport,保線課,491,Unknown,non_engineer,2,7748,different_department,4,38,0,0,0,0,0,0,1.6094379124341003,3.6635616461296463,0,0
evt_224,1944,1813,1813_grp_491,交通局,transport,保線課,491,Unknown,non_engineer,2,7836,same_department,1,2,0,0,0,0,0,1,0.6931471805599453,1.0986122886681098,0,0
evt_224,1944,1813,1813_grp_491,交通局,transport,保線課,491,Unknown,non_engineer,2,7910,different_department,2,30,0,0,0,0,0,0,1.0986122886681098,3.4339872044851463,0,0
evt_224,1944,1813,1813_grp_491,交通局,transport,保線課,491,Unknown,non_engineer,2,8164,different_department,2,42,0,0,0,0,0,0,1.0986122886681098,3.7612001156935624,0,0
evt_224,1944,1813,1813_grp_491,交通局,transport,保線課,491,Unknown,non_engineer,2,8358,different_department,1,9,0,0,0,0,0,0,0.6931471805599453,2.302585092994046,0,0
evt_224,1944,1813,1813_grp_491,交通局,transport,保線課,491,Unknown,non_engineer,2,8426,different_department,1,3,0,0,0,0,0,0,0.6931471805599453,1.3862943611198906,0,0
evt_224,1944,1813,1813_grp_491,交通局,transport,保線課,491,Unknown,non_engineer,2,8514,different_department,1,2,0,0,0,0,0,0,0.6931471805599453,1.0986122886681098,0,0
evt_224,1944,1813,1813_grp_491,交通局,transport,保線課,491,Unknown,non_engineer,2,8594,same_department,1,16,0,0,0,0,0,1,0.6931471805599453,2.833213344056216,0,0
evt_224,1944,1813,1813_grp_491,交通局,transport,保線課,491,Unknown,non_engineer,2,8664,different_department,2,8,0,0,0,0,0,0,1.0986122886681098,2.1972245773362196,0,0
evt_224,1944,1813,1813_grp_491,交通局,transport,保線課,491,Unknown,non_engineer,2,8882,different_department,1,28,0,0,0,0,0,0,0.6931471805599453,3.367295829986474,0,0
evt_224,1944,1813,1813_grp_491,交通局,transport,保線課,491,Unknown,non_engineer,2,8905,different_department,6,14,0,0,0,0,0,0,1.9459101490553132,2.70805020110221,0,0
evt_237,1944,1851,1851_name_人事課,長官官房,finance_admin,人事課,NA,雇,yato,1,1130,different_department,2,2,0,0,0,0,0,0,1.0986122886681098,1.0986122886681098,0,0
evt_237,1944,1851,1851_name_人事課,長官官房,finance_admin,人事課,NA,雇,yato,1,1147,different_department,2,3,0,0,0,0,0,0,1.0986122886681098,1.3862943611198906,0,0
evt_237,1944,1851,1851_name_人事課,長官官房,finance_admin,人事課,NA,雇,yato,1,1190,different_department,10,20,0,0,0,0,0,0,2.3978952727983707,3.044522437723423,0,0
evt_237,1944,1851,1851_name_人事課,長官官房,finance_admin,人事課,NA,雇,yato,1,1225,different_department,1,1,0,0,0,0,0,0,0.6931471805599453,0.6931471805599453,0,0
evt_237,1944,1851,1851_name_人事課,長官官房,finance_admin,人事課,NA,雇,yato,1,1449,different_department,11,20,0,0,0,0,0,0,2.4849066497880004,3.044522437723423,0,0
evt_237,1944,1851,1851_name_人事課,長官官房,finance_admin,人事課,NA,雇,yato,1,1478,different_department,7,5,0,0,0,0,0,0,2.0794415416798357,1.791759469228055,0,0
evt_237,1944,1851,1851_name_人事課,長官官房,finance_admin,人事課,NA,雇,yato,1,1555,different_department,14,11,1,0,0,0,0,0,2.70805020110221,2.4849066497880004,0,0
evt_237,1944,1851,1851_name_人事課,長官官房,finance_admin,人事課,NA,雇,yato,1,1566,different_department,1,3,0,0,0,0,0,0,0.6931471805599453,1.3862943611198906,0,0
evt_237,1944,1851,1851_name_人事課,長官官房,finance_admin,人事課,NA,雇,yato,1,1642,different_department,4,15,0,0,0,0,0,0,1.6094379124341003,2.772588722239781,0,0
evt_237,1944,1851,1851_name_人事課,長官官房,finance_admin,人事課,NA,雇,yato,1,1697,different_department,2,2,0,0,0,0,0,0,1.0986122886681098,1.0986122886681098,0,0
evt_237,1944,1851,1851_name_人事課,長官官房,finance_admin,人事課,NA,雇,yato,1,1752,different_department,7,11,0,0,0,0,0,0,2.0794415416798357,2.4849066497880004,0,0
evt_237,1944,1851,1851_name_人事課,長官官房,finance_admin,人事課,NA,雇,yato,1,1896,different_department,5,1,0,0,0,0,0,0,1.791759469228055,0.6931471805599453,0,0
evt_237,1944,1851,1851_name_人事課,長官官房,finance_admin,人事課,NA,雇,yato,1,1906,different_department,1,15,0,0,0,0,0,0,0.6931471805599453,2.772588722239781,0,0
evt_237,1944,1851,1851_name_人事課,長官官房,finance_admin,人事課,NA,雇,yato,1,1972,different_department,1,13,0,0,0,0,0,0,0.6931471805599453,2.6390573296152584,0,0
evt_237,1944,1851,1851_name_人事課,長官官房,finance_admin,人事課,NA,雇,yato,1,1989,different_department,1,41,0,0,0,0,0,0,0.6931471805599453,3.7376696182833684,0,0
evt_237,1944,1851,1851_name_人事課,長官官房,finance_admin,人事課,NA,雇,yato,1,2051,different_department,3,1,0,0,0,0,0,0,1.3862943611198906,0.6931471805599453,0,0
evt_237,1944,1851,1851_name_人事課,長官官房,finance_admin,人事課,NA,雇,yato,1,2056,different_department,6,15,0,0,0,0,0,0,1.9459101490553132,2.772588722239781,0,0
evt_237,1944,1851,1851_name_人事課,長官官房,finance_admin,人事課,NA,雇,yato,1,2071,different_department,1,16,0,0,0,0,0,0,0.6931471805599453,2.833213344056216,0,0
evt_237,1944,1851,1851_name_人事課,長官官房,finance_admin,人事課,NA,雇,yato,1,2109,different_department,5,6,0,0,0,0,0,0,1.791759469228055,1.9459101490553132,0,0
evt_237,1944,1851,1851_name_人事課,長官官房,finance_admin,人事課,NA,雇,yato,1,2118,different_department,2,16,0,0,0,0,0,0,1.0986122886681098,2.833213344056216,0,0
evt_237,1944,1851,1851_name_人事課,長官官房,finance_admin,人事課,NA,雇,yato,1,2123,different_department,2,1,0,0,0,0,0,0,1.0986122886681098,0.6931471805599453,0,0
evt_237,1944,1851,1851_name_人事課,長官官房,finance_admin,人事課,NA,雇,yato,1,2125,different_department,5,7,0,0,0,0,0,0,1.791759469228055,2.0794415416798357,0,0
evt_237,1944,1851,1851_name_人事課,長官官房,finance_admin,人事課,NA,雇,yato,1,2138,different_department,3,5,0,0,0,0,0,0,1.3862943611198906,1.791759469228055,0,0
evt_237,1944,1851,1851_name_人事課,長官官房,finance_admin,人事課,NA,雇,yato,1,2143,different_department,4,10,0,0,0,0,0,0,1.6094379124341003,2.3978952727983707,0,0
evt_237,1944,1851,1851_name_人事課,長官官房,finance_admin,人事課,NA,雇,yato,1,2158,different_department,3,1,0,0,0,0,0,0,1.3862943611198906,0.6931471805599453,0,0
evt_237,1944,1851,1851_name_人事課,長官官房,finance_admin,人事課,NA,雇,yato,1,2159,different_department,2,4,0,0,0,0,0,0,1.0986122886681098,1.6094379124341003,0,0
evt_237,1944,1851,1851_name_人事課,長官官房,finance_admin,人事課,NA,雇,yato,1,2213,different_department,7,7,0,0,0,0,0,0,2.0794415416798357,2.0794415416798357,0,0
evt_237,1944,1851,1851_name_人事課,長官官房,finance_admin,人事課,NA,雇,yato,1,5869,different_department,3,28,0,0,0,0,0,0,1.3862943611198906,3.367295829986474,0,0
evt_237,1944,1851,1851_name_人事課,長官官房,finance_admin,人事課,NA,雇,yato,1,6328,different_department,5,26,0,0,0,0,0,0,1.791759469228055,3.295836866004329,0,0
evt_237,1944,1851,1851_name_人事課,長官官房,finance_admin,人事課,NA,雇,yato,1,6415,different_department,1,1,0,0,0,0,0,0,0.6931471805599453,0.6931471805599453,0,0
evt_237,1944,1851,1851_name_人事課,長官官房,finance_admin,人事課,NA,雇,yato,1,6501,different_department,1,2,0,0,0,0,0,0,0.6931471805599453,1.0986122886681098,0,0
evt_237,1944,1851,1851_name_人事課,長官官房,finance_admin,人事課,NA,雇,yato,1,6641,different_department,1,1,0,0,0,0,0,0,0.6931471805599453,0.6931471805599453,0,0
evt_237,1944,1851,1851_name_人事課,長官官房,finance_admin,人事課,NA,雇,yato,1,6701,different_department,1,12,0,0,0,0,0,0,0.6931471805599453,2.5649493574615367,0,0
evt_237,1944,1851,1851_name_人事課,長官官房,finance_admin,人事課,NA,雇,yato,1,6843,different_department,12,4,0,0,0,0,0,0,2.5649493574615367,1.6094379124341003,0,0
evt_237,1944,1851,1851_name_人事課,長官官房,finance_admin,人事課,NA,雇,yato,1,6844,different_department,1,6,0,0,0,0,0,0,0.6931471805599453,1.9459101490553132,0,0
evt_237,1944,1851,1851_name_人事課,長官官房,finance_admin,人事課,NA,雇,yato,1,6845,different_department,2,16,0,0,0,0,0,0,1.0986122886681098,2.833213344056216,0,0
evt_237,1944,1851,1851_name_人事課,長官官房,finance_admin,人事課,NA,雇,yato,1,6953,different_department,19,25,0,0,0,0,0,0,2.995732273553991,3.258096538021482,0,0
evt_237,1944,1851,1851_name_人事課,長官官房,finance_admin,人事課,NA,雇,yato,1,7506,different_department,2,93,0,0,0,0,0,0,1.0986122886681098,4.543294782270004,0,0
evt_237,1944,1851,1851_name_人事課,長官官房,finance_admin,人事課,NA,雇,yato,1,7525,different_department,4,5,0,0,0,0,0,0,1.6094379124341003,1.791759469228055,0,0
evt_237,1944,1851,1851_name_人事課,長官官房,finance_admin,人事課,NA,雇,yato,1,7782,different_department,5,32,0,0,0,0,0,0,1.791759469228055,3.4965075614664802,0,0
evt_237,1944,1851,1851_name_人事課,長官官房,finance_admin,人事課,NA,雇,yato,1,8164,different_department,7,9,0,0,0,0,0,0,2.0794415416798357,2.302585092994046,0,0
evt_237,1944,1851,1851_name_人事課,長官官房,finance_admin,人事課,NA,雇,yato,1,8321,different_department,4,7,0,0,0,0,0,0,1.6094379124341003,2.0794415416798357,0,0
evt_237,1944,1851,1851_name_人事課,長官官房,finance_admin,人事課,NA,雇,yato,1,8358,different_department,15,81,0,0,0,0,0,0,2.772588722239781,4.406719247264253,0,0
evt_237,1944,1851,1851_name_人事課,長官官房,finance_admin,人事課,NA,雇,yato,1,8490,different_department,11,37,1,0,0,0,0,0,2.4849066497880004,3.6375861597263857,0,0
evt_237,1944,1851,1851_name_人事課,長官官房,finance_admin,人事課,NA,雇,yato,1,8594,different_department,7,16,0,0,0,0,0,0,2.0794415416798357,2.833213344056216,0,0
evt_237,1944,1851,1851_name_人事課,長官官房,finance_admin,人事課,NA,雇,yato,1,8757,different_department,4,7,0,0,0,0,0,0,1.6094379124341003,2.0794415416798357,0,0
evt_237,1944,1851,1851_name_人事課,長官官房,finance_admin,人事課,NA,雇,yato,1,8882,different_department,1,28,0,0,0,0,0,0,0.6931471805599453,3.367295829986474,0,0
evt_237,1944,1851,1851_name_人事課,長官官房,finance_admin,人事課,NA,雇,yato,1,8899,different_department,4,9,0,0,0,0,0,0,1.6094379124341003,2.302585092994046,0,0
evt_237,1944,1851,1851_name_人事課,長官官房,finance_admin,人事課,NA,雇,yato,1,8905,different_department,19,14,0,0,0,0,0,0,2.995732273553991,2.70805020110221,0,0
evt_237,1944,1851,1851_name_人事課,長官官房,finance_admin,人事課,NA,雇,yato,1,8946,different_department,1,29,0,0,0,0,0,0,0.6931471805599453,3.4011973816621555,0,0
evt_237,1944,1851,1851_name_人事課,長官官房,finance_admin,人事課,NA,雇,yato,1,8994,different_department,13,28,0,0,0,0,0,0,2.6390573296152584,3.367295829986474,0,0
evt_237,1944,1851,1851_name_人事課,長官官房,finance_admin,人事課,NA,雇,yato,1,8996,different_department,2,2,0,0,0,0,0,0,1.0986122886681098,1.0986122886681098,0,0
evt_25,1944,1188,1188_name_missing,民生局,welfare,NA,NA,Unknown,non_engineer,2,1130,different_department,7,2,0,0,0,0,0,0,2.0794415416798357,1.0986122886681098,0,0
evt_25,1944,1188,1188_name_missing,民生局,welfare,NA,NA,Unknown,non_engineer,2,1147,different_department,1,3,0,0,0,0,0,0,0.6931471805599453,1.3862943611198906,0,0
evt_25,1944,1188,1188_name_missing,民生局,welfare,NA,NA,Unknown,non_engineer,2,1190,different_department,3,20,1,0,0,0,0,0,1.3862943611198906,3.044522437723423,0,0
evt_25,1944,1188,1188_name_missing,民生局,welfare,NA,NA,Unknown,non_engineer,2,1193,different_department,7,4,0,0,0,0,0,0,2.0794415416798357,1.6094379124341003,0,0
evt_25,1944,1188,1188_name_missing,民生局,welfare,NA,NA,Unknown,non_engineer,2,1225,different_department,1,1,0,0,0,0,0,0,0.6931471805599453,0.6931471805599453,0,0
evt_25,1944,1188,1188_name_missing,民生局,welfare,NA,NA,Unknown,non_engineer,2,1233,different_department,5,7,0,0,0,0,0,0,1.791759469228055,2.0794415416798357,0,0
evt_25,1944,1188,1188_name_missing,民生局,welfare,NA,NA,Unknown,non_engineer,2,1317,different_department,5,10,0,0,0,0,0,0,1.791759469228055,2.3978952727983707,0,0
evt_25,1944,1188,1188_name_missing,民生局,welfare,NA,NA,Unknown,non_engineer,2,1335,different_department,1,25,0,0,0,0,0,0,0.6931471805599453,3.258096538021482,0,0
evt_25,1944,1188,1188_name_missing,民生局,welfare,NA,NA,Unknown,non_engineer,2,1402,different_department,8,2,0,0,0,0,0,0,2.1972245773362196,1.0986122886681098,0,0
evt_25,1944,1188,1188_name_missing,民生局,welfare,NA,NA,Unknown,non_engineer,2,1449,same_department,11,20,1,0,0,0,0,1,2.4849066497880004,3.044522437723423,0,0
evt_25,1944,1188,1188_name_missing,民生局,welfare,NA,NA,Unknown,non_engineer,2,1478,same_department,4,5,0,0,0,0,0,1,1.6094379124341003,1.791759469228055,0,0
evt_25,1944,1188,1188_name_missing,民生局,welfare,NA,NA,Unknown,non_engineer,2,1486,different_department,1,2,0,0,0,0,0,0,0.6931471805599453,1.0986122886681098,0,0
evt_25,1944,1188,1188_name_missing,民生局,welfare,NA,NA,Unknown,non_engineer,2,1490,different_department,1,1,0,0,0,0,0,0,0.6931471805599453,0.6931471805599453,0,0
evt_25,1944,1188,1188_name_missing,民生局,welfare,NA,NA,Unknown,non_engineer,2,1501,different_department,1,9,0,0,0,0,0,0,0.6931471805599453,2.302585092994046,0,0
evt_25,1944,1188,1188_name_missing,民生局,welfare,NA,NA,Unknown,non_engineer,2,1531,different_department,2,1,0,0,0,0,0,0,1.0986122886681098,0.6931471805599453,0,0
evt_25,1944,1188,1188_name_missing,民生局,welfare,NA,NA,Unknown,non_engineer,2,1538,different_department,1,4,0,0,0,0,0,0,0.6931471805599453,1.6094379124341003,0,0
evt_25,1944,1188,1188_name_missing,民生局,welfare,NA,NA,Unknown,non_engineer,2,1555,different_department,3,11,0,0,0,0,0,0,1.3862943611198906,2.4849066497880004,0,0
evt_25,1944,1188,1188_name_missing,民生局,welfare,NA,NA,Unknown,non_engineer,2,1642,same_department,1,15,0,0,0,0,0,1,0.6931471805599453,2.772588722239781,0,0
evt_25,1944,1188,1188_name_missing,民生局,welfare,NA,NA,Unknown,non_engineer,2,1676,different_department,3,16,0,0,0,0,0,0,1.3862943611198906,2.833213344056216,0,0
evt_25,1944,1188,1188_name_missing,民生局,welfare,NA,NA,Unknown,non_engineer,2,1697,same_department,1,2,0,0,0,0,0,1,0.6931471805599453,1.0986122886681098,0,0
evt_25,1944,1188,1188_name_missing,民生局,welfare,NA,NA,Unknown,non_engineer,2,1752,different_department,5,11,0,0,0,0,0,0,1.791759469228055,2.4849066497880004,0,0
evt_25,1944,1188,1188_name_missing,民生局,welfare,NA,NA,Unknown,non_engineer,2,1761,different_department,2,1,0,0,0,0,0,0,1.0986122886681098,0.6931471805599453,0,0
evt_25,1944,1188,1188_name_missing,民生局,welfare,NA,NA,Unknown,non_engineer,2,1787,different_department,2,5,0,0,0,0,0,0,1.0986122886681098,1.791759469228055,0,0
evt_25,1944,1188,1188_name_missing,民生局,welfare,NA,NA,Unknown,non_engineer,2,1794,different_department,7,7,0,0,0,0,0,0,2.0794415416798357,2.0794415416798357,0,0
evt_25,1944,1188,1188_name_missing,民生局,welfare,NA,NA,Unknown,non_engineer,2,1896,same_department,3,1,0,0,0,0,0,1,1.3862943611198906,0.6931471805599453,0,0
evt_25,1944,1188,1188_name_missing,民生局,welfare,NA,NA,Unknown,non_engineer,2,1906,different_department,1,15,0,0,0,0,0,0,0.6931471805599453,2.772588722239781,0,0
evt_25,1944,1188,1188_name_missing,民生局,welfare,NA,NA,Unknown,non_engineer,2,1919,different_department,2,1,0,0,0,0,0,0,1.0986122886681098,0.6931471805599453,0,0
evt_25,1944,1188,1188_name_missing,民生局,welfare,NA,NA,Unknown,non_engineer,2,1989,different_department,1,41,0,0,0,0,0,0,0.6931471805599453,3.7376696182833684,0,0
evt_25,1944,1188,1188_name_missing,民生局,welfare,NA,NA,Unknown,non_engineer,2,2003,different_department,1,25,0,0,0,0,0,0,0.6931471805599453,3.258096538021482,0,0
evt_25,1944,1188,1188_name_missing,民生局,welfare,NA,NA,Unknown,non_engineer,2,2033,same_department,4,1,0,0,0,0,0,1,1.6094379124341003,0.6931471805599453,0,0
evt_25,1944,1188,1188_name_missing,民生局,welfare,NA,NA,Unknown,non_engineer,2,2056,different_department,4,15,1,0,0,0,0,0,1.6094379124341003,2.772588722239781,0,0
evt_25,1944,1188,1188_name_missing,民生局,welfare,NA,NA,Unknown,non_engineer,2,2071,different_department,8,16,0,0,0,0,0,0,2.1972245773362196,2.833213344056216,0,0
evt_25,1944,1188,1188_name_missing,民生局,welfare,NA,NA,Unknown,non_engineer,2,2072,different_department,3,1,0,0,0,0,0,0,1.3862943611198906,0.6931471805599453,0,0
evt_25,1944,1188,1188_name_missing,民生局,welfare,NA,NA,Unknown,non_engineer,2,2109,different_department,4,6,0,0,0,0,0,0,1.6094379124341003,1.9459101490553132,0,0
evt_25,1944,1188,1188_name_missing,民生局,welfare,NA,NA,Unknown,non_engineer,2,2123,different_department,2,1,0,0,0,0,0,0,1.0986122886681098,0.6931471805599453,0,0
evt_25,1944,1188,1188_name_missing,民生局,welfare,NA,NA,Unknown,non_engineer,2,2125,same_department,4,7,0,0,0,0,0,1,1.6094379124341003,2.0794415416798357,0,0
evt_25,1944,1188,1188_name_missing,民生局,welfare,NA,NA,Unknown,non_engineer,2,2138,different_department,6,5,0,0,0,0,0,0,1.9459101490553132,1.791759469228055,0,0
evt_25,1944,1188,1188_name_missing,民生局,welfare,NA,NA,Unknown,non_engineer,2,2143,different_department,1,10,0,0,0,0,0,0,0.6931471805599453,2.3978952727983707,0,0
evt_25,1944,1188,1188_name_missing,民生局,welfare,NA,NA,Unknown,non_engineer,2,2158,different_department,1,1,0,0,0,0,0,0,0.6931471805599453,0.6931471805599453,0,0
evt_25,1944,1188,1188_name_missing,民生局,welfare,NA,NA,Unknown,non_engineer,2,2174,same_department,5,4,0,0,0,0,0,1,1.791759469228055,1.6094379124341003,0,0
evt_25,1944,1188,1188_name_missing,民生局,welfare,NA,NA,Unknown,non_engineer,2,2183,different_department,7,42,0,0,0,0,0,0,2.0794415416798357,3.7612001156935624,0,0
evt_25,1944,1188,1188_name_missing,民生局,welfare,NA,NA,Unknown,non_engineer,2,2213,same_department,1,7,0,0,0,0,0,1,0.6931471805599453,2.0794415416798357,0,0
evt_25,1944,1188,1188_name_missing,民生局,welfare,NA,NA,Unknown,non_engineer,2,2221,different_department,2,1,0,0,0,0,0,0,1.0986122886681098,0.6931471805599453,0,0
evt_25,1944,1188,1188_name_missing,民生局,welfare,NA,NA,Unknown,non_engineer,2,5764,different_department,3,17,0,0,0,0,0,0,1.3862943611198906,2.8903717578961645,0,0
evt_25,1944,1188,1188_name_missing,民生局,welfare,NA,NA,Unknown,non_engineer,2,5869,different_department,1,28,0,0,0,0,0,0,0.6931471805599453,3.367295829986474,0,0
evt_25,1944,1188,1188_name_missing,民生局,welfare,NA,NA,Unknown,non_engineer,2,5908,different_department,2,27,0,0,0,0,0,0,1.0986122886681098,3.332204510175204,0,0
evt_25,1944,1188,1188_name_missing,民生局,welfare,NA,NA,Unknown,non_engineer,2,6184,different_department,2,24,0,0,0,0,0,0,1.0986122886681098,3.2188758248682006,0,0
evt_25,1944,1188,1188_name_missing,民生局,welfare,NA,NA,Unknown,non_engineer,2,6233,different_department,1,23,0,0,0,0,0,0,0.6931471805599453,3.1780538303479458,0,0
evt_25,1944,1188,1188_name_missing,民生局,welfare,NA,NA,Unknown,non_engineer,2,6328,different_department,1,26,0,0,0,0,0,0,0.6931471805599453,3.295836866004329,0,0
evt_25,1944,1188,1188_name_missing,民生局,welfare,NA,NA,Unknown,non_engineer,2,6337,different_department,4,5,0,0,0,0,0,0,1.6094379124341003,1.791759469228055,0,0
evt_25,1944,1188,1188_name_missing,民生局,welfare,NA,NA,Unknown,non_engineer,2,6701,different_department,17,12,0,0,0,0,0,0,2.8903717578961645,2.5649493574615367,0,0
evt_25,1944,1188,1188_name_missing,民生局,welfare,NA,NA,Unknown,non_engineer,2,6791,different_department,2,23,0,0,0,0,0,0,1.0986122886681098,3.1780538303479458,0,0
evt_25,1944,1188,1188_name_missing,民生局,welfare,NA,NA,Unknown,non_engineer,2,6946,different_department,3,58,0,0,0,0,0,0,1.3862943611198906,4.07753744390572,0,0
evt_25,1944,1188,1188_name_missing,民生局,welfare,NA,NA,Unknown,non_engineer,2,6953,different_department,4,25,0,0,0,0,0,0,1.6094379124341003,3.258096538021482,0,0
evt_25,1944,1188,1188_name_missing,民生局,welfare,NA,NA,Unknown,non_engineer,2,7029,different_department,2,26,0,0,0,0,0,0,1.0986122886681098,3.295836866004329,0,0
evt_25,1944,1188,1188_name_missing,民生局,welfare,NA,NA,Unknown,non_engineer,2,7051,different_department,2,9,0,0,0,0,0,0,1.0986122886681098,2.302585092994046,0,0
evt_25,1944,1188,1188_name_missing,民生局,welfare,NA,NA,Unknown,non_engineer,2,7191,different_department,1,19,0,0,0,0,0,0,0.6931471805599453,2.995732273553991,0,0
evt_25,1944,1188,1188_name_missing,民生局,welfare,NA,NA,Unknown,non_engineer,2,7235,different_department,1,23,0,0,0,0,0,0,0.6931471805599453,3.1780538303479458,0,0
evt_25,1944,1188,1188_name_missing,民生局,welfare,NA,NA,Unknown,non_engineer,2,7461,different_department,1,20,0,0,0,0,0,0,0.6931471805599453,3.044522437723423,0,0
evt_25,1944,1188,1188_name_missing,民生局,welfare,NA,NA,Unknown,non_engineer,2,7484,different_department,2,29,0,0,0,0,0,0,1.0986122886681098,3.4011973816621555,0,0
evt_25,1944,1188,1188_name_missing,民生局,welfare,NA,NA,Unknown,non_engineer,2,7492,different_department,1,26,0,0,0,0,0,0,0.6931471805599453,3.295836866004329,0,0
evt_25,1944,1188,1188_name_missing,民生局,welfare,NA,NA,Unknown,non_engineer,2,7506,different_department,7,93,0,0,0,0,0,0,2.0794415416798357,4.543294782270004,0,0
evt_25,1944,1188,1188_name_missing,民生局,welfare,NA,NA,Unknown,non_engineer,2,7525,different_department,4,5,0,0,0,0,0,0,1.6094379124341003,1.791759469228055,0,0
evt_25,1944,1188,1188_name_missing,民生局,welfare,NA,NA,Unknown,non_engineer,2,7748,different_department,4,38,0,0,0,0,0,0,1.6094379124341003,3.6635616461296463,0,0
evt_25,1944,1188,1188_name_missing,民生局,welfare,NA,NA,Unknown,non_engineer,2,7836,different_department,1,2,0,0,0,0,0,0,0.6931471805599453,1.0986122886681098,0,0
evt_25,1944,1188,1188_name_missing,民生局,welfare,NA,NA,Unknown,non_engineer,2,7910,different_department,2,30,0,0,0,0,0,0,1.0986122886681098,3.4339872044851463,0,0
evt_25,1944,1188,1188_name_missing,民生局,welfare,NA,NA,Unknown,non_engineer,2,8164,different_department,2,42,0,0,0,0,0,0,1.0986122886681098,3.7612001156935624,0,0
evt_25,1944,1188,1188_name_missing,民生局,welfare,NA,NA,Unknown,non_engineer,2,8358,different_department,1,9,0,0,0,0,0,0,0.6931471805599453,2.302585092994046,0,0
evt_25,1944,1188,1188_name_missing,民生局,welfare,NA,NA,Unknown,non_engineer,2,8426,different_department,1,3,0,0,0,0,0,0,0.6931471805599453,1.3862943611198906,0,0
evt_25,1944,1188,1188_name_missing,民生局,welfare,NA,NA,Unknown,non_engineer,2,8514,same_department,1,2,0,0,0,0,0,1,0.6931471805599453,1.0986122886681098,0,0
evt_25,1944,1188,1188_name_missing,民生局,welfare,NA,NA,Unknown,non_engineer,2,8594,different_department,1,16,0,0,0,0,0,0,0.6931471805599453,2.833213344056216,0,0
evt_25,1944,1188,1188_name_missing,民生局,welfare,NA,NA,Unknown,non_engineer,2,8664,different_department,2,8,0,0,0,0,0,0,1.0986122886681098,2.1972245773362196,0,0
evt_25,1944,1188,1188_name_missing,民生局,welfare,NA,NA,Unknown,non_engineer,2,8882,different_department,1,28,0,0,0,0,0,0,0.6931471805599453,3.367295829986474,0,0
evt_25,1944,1188,1188_name_missing,民生局,welfare,NA,NA,Unknown,non_engineer,2,8905,different_department,6,14,0,0,0,0,0,0,1.9459101490553132,2.70805020110221,0,0
evt_281,1944,1903,1903_grp_180,経済局,economy,食料課,180,雇,yato,1,1130,different_department,2,2,0,0,0,0,0,0,1.0986122886681098,1.0986122886681098,1,1
evt_281,1944,1903,1903_grp_180,経済局,economy,食料課,180,雇,yato,1,1147,different_department,2,3,0,0,0,0,0,0,1.0986122886681098,1.3862943611198906,1,1
evt_281,1944,1903,1903_grp_180,経済局,economy,食料課,180,雇,yato,1,1190,different_department,10,20,0,0,0,0,0,0,2.3978952727983707,3.044522437723423,1,1
evt_281,1944,1903,1903_grp_180,経済局,economy,食料課,180,雇,yato,1,1225,same_department,1,1,0,0,0,0,0,1,0.6931471805599453,0.6931471805599453,1,1
evt_281,1944,1903,1903_grp_180,経済局,economy,食料課,180,雇,yato,1,1449,different_department,11,20,0,0,0,0,0,0,2.4849066497880004,3.044522437723423,1,1
evt_281,1944,1903,1903_grp_180,経済局,economy,食料課,180,雇,yato,1,1478,different_department,7,5,0,0,0,0,0,0,2.0794415416798357,1.791759469228055,1,1
evt_281,1944,1903,1903_grp_180,経済局,economy,食料課,180,雇,yato,1,1555,different_department,14,11,0,0,0,0,0,0,2.70805020110221,2.4849066497880004,1,1
evt_281,1944,1903,1903_grp_180,経済局,economy,食料課,180,雇,yato,1,1566,different_department,1,3,0,0,0,0,0,0,0.6931471805599453,1.3862943611198906,1,1
evt_281,1944,1903,1903_grp_180,経済局,economy,食料課,180,雇,yato,1,1642,different_department,4,15,0,0,0,0,0,0,1.6094379124341003,2.772588722239781,1,1
evt_281,1944,1903,1903_grp_180,経済局,economy,食料課,180,雇,yato,1,1697,different_department,2,2,0,0,0,0,0,0,1.0986122886681098,1.0986122886681098,1,1
evt_281,1944,1903,1903_grp_180,経済局,economy,食料課,180,雇,yato,1,1752,different_department,7,11,0,0,0,0,0,0,2.0794415416798357,2.4849066497880004,1,1
evt_281,1944,1903,1903_grp_180,経済局,economy,食料課,180,雇,yato,1,1896,different_department,5,1,0,0,0,0,0,0,1.791759469228055,0.6931471805599453,1,1
evt_281,1944,1903,1903_grp_180,経済局,economy,食料課,180,雇,yato,1,1972,different_department,1,13,0,0,0,0,0,0,0.6931471805599453,2.6390573296152584,1,1
evt_281,1944,1903,1903_grp_180,経済局,economy,食料課,180,雇,yato,1,1989,different_department,1,41,0,0,0,0,0,0,0.6931471805599453,3.7376696182833684,1,1
evt_281,1944,1903,1903_grp_180,経済局,economy,食料課,180,雇,yato,1,2051,different_department,3,1,0,0,0,0,0,0,1.3862943611198906,0.6931471805599453,1,1
evt_281,1944,1903,1903_grp_180,経済局,economy,食料課,180,雇,yato,1,2056,different_department,6,15,0,0,0,0,0,0,1.9459101490553132,2.772588722239781,1,1
evt_281,1944,1903,1903_grp_180,経済局,economy,食料課,180,雇,yato,1,2071,different_department,1,16,0,0,0,0,0,0,0.6931471805599453,2.833213344056216,1,1
evt_281,1944,1903,1903_grp_180,経済局,economy,食料課,180,雇,yato,1,2109,different_department,5,6,0,0,0,0,0,0,1.791759469228055,1.9459101490553132,1,1
evt_281,1944,1903,1903_grp_180,経済局,economy,食料課,180,雇,yato,1,2118,different_department,2,16,0,0,0,0,0,0,1.0986122886681098,2.833213344056216,1,1
evt_281,1944,1903,1903_grp_180,経済局,economy,食料課,180,雇,yato,1,2123,different_department,2,1,0,0,0,0,0,0,1.0986122886681098,0.6931471805599453,1,1
evt_281,1944,1903,1903_grp_180,経済局,economy,食料課,180,雇,yato,1,2125,different_department,5,7,0,0,0,0,0,0,1.791759469228055,2.0794415416798357,1,1
evt_281,1944,1903,1903_grp_180,経済局,economy,食料課,180,雇,yato,1,2138,same_department,3,5,0,0,0,0,0,1,1.3862943611198906,1.791759469228055,1,1
evt_281,1944,1903,1903_grp_180,経済局,economy,食料課,180,雇,yato,1,2143,different_department,4,10,0,0,0,0,0,0,1.6094379124341003,2.3978952727983707,1,1
evt_281,1944,1903,1903_grp_180,経済局,economy,食料課,180,雇,yato,1,2158,same_section,3,1,1,0,0,0,1,0,1.3862943611198906,0.6931471805599453,1,1
evt_281,1944,1903,1903_grp_180,経済局,economy,食料課,180,雇,yato,1,2159,same_department,2,4,0,0,0,0,0,1,1.0986122886681098,1.6094379124341003,1,1
evt_281,1944,1903,1903_grp_180,経済局,economy,食料課,180,雇,yato,1,2213,different_department,7,7,0,0,0,0,0,0,2.0794415416798357,2.0794415416798357,1,1
evt_281,1944,1903,1903_grp_180,経済局,economy,食料課,180,雇,yato,1,5869,different_department,3,28,0,0,0,0,0,0,1.3862943611198906,3.367295829986474,1,1
evt_281,1944,1903,1903_grp_180,経済局,economy,食料課,180,雇,yato,1,6328,different_department,5,26,0,0,0,0,0,0,1.791759469228055,3.295836866004329,1,1
evt_281,1944,1903,1903_grp_180,経済局,economy,食料課,180,雇,yato,1,6501,different_department,1,2,0,0,0,0,0,0,0.6931471805599453,1.0986122886681098,1,1
evt_281,1944,1903,1903_grp_180,経済局,economy,食料課,180,雇,yato,1,6641,same_department,1,1,0,0,0,0,0,1,0.6931471805599453,0.6931471805599453,1,1
evt_281,1944,1903,1903_grp_180,経済局,economy,食料課,180,雇,yato,1,6701,different_department,1,12,0,0,0,0,0,0,0.6931471805599453,2.5649493574615367,1,1
evt_281,1944,1903,1903_grp_180,経済局,economy,食料課,180,雇,yato,1,6843,different_department,12,4,0,0,0,0,0,0,2.5649493574615367,1.6094379124341003,1,1
evt_281,1944,1903,1903_grp_180,経済局,economy,食料課,180,雇,yato,1,6844,different_department,1,6,0,0,0,0,0,0,0.6931471805599453,1.9459101490553132,1,1
evt_281,1944,1903,1903_grp_180,経済局,economy,食料課,180,雇,yato,1,6845,different_department,2,16,0,0,0,0,0,0,1.0986122886681098,2.833213344056216,1,1
evt_281,1944,1903,1903_grp_180,経済局,economy,食料課,180,雇,yato,1,7506,different_department,2,93,0,0,0,0,0,0,1.0986122886681098,4.543294782270004,1,1
evt_281,1944,1903,1903_grp_180,経済局,economy,食料課,180,雇,yato,1,7525,different_department,4,5,0,0,0,0,0,0,1.6094379124341003,1.791759469228055,1,1
evt_281,1944,1903,1903_grp_180,経済局,economy,食料課,180,雇,yato,1,7782,different_department,5,32,0,0,0,0,0,0,1.791759469228055,3.4965075614664802,1,1
evt_281,1944,1903,1903_grp_180,経済局,economy,食料課,180,雇,yato,1,8164,different_department,7,9,0,0,0,0,0,0,2.0794415416798357,2.302585092994046,1,1
evt_281,1944,1903,1903_grp_180,経済局,economy,食料課,180,雇,yato,1,8321,different_department,4,7,0,0,0,0,0,0,1.6094379124341003,2.0794415416798357,1,1
evt_281,1944,1903,1903_grp_180,経済局,economy,食料課,180,雇,yato,1,8358,different_department,15,81,0,0,0,0,0,0,2.772588722239781,4.406719247264253,1,1
evt_281,1944,1903,1903_grp_180,経済局,economy,食料課,180,雇,yato,1,8594,different_department,7,16,0,0,0,0,0,0,2.0794415416798357,2.833213344056216,1,1
evt_281,1944,1903,1903_grp_180,経済局,economy,食料課,180,雇,yato,1,8757,different_department,4,7,0,0,0,0,0,0,1.6094379124341003,2.0794415416798357,1,1
evt_281,1944,1903,1903_grp_180,経済局,economy,食料課,180,雇,yato,1,8882,different_department,1,28,0,0,0,0,0,0,0.6931471805599453,3.367295829986474,1,1
evt_281,1944,1903,1903_grp_180,経済局,economy,食料課,180,雇,yato,1,8899,different_department,4,9,0,0,0,0,0,0,1.6094379124341003,2.302585092994046,1,1
evt_281,1944,1903,1903_grp_180,経済局,economy,食料課,180,雇,yato,1,8905,different_department,19,14,0,0,0,0,0,0,2.995732273553991,2.70805020110221,1,1
evt_281,1944,1903,1903_grp_180,経済局,economy,食料課,180,雇,yato,1,8946,different_department,1,29,0,0,0,0,0,0,0.6931471805599453,3.4011973816621555,1,1
evt_281,1944,1903,1903_grp_180,経済局,economy,食料課,180,雇,yato,1,8994,different_department,3,28,0,0,0,0,0,0,1.3862943611198906,3.367295829986474,1,1
evt_281,1944,1903,1903_grp_180,経済局,economy,食料課,180,雇,yato,1,8996,different_department,2,2,0,0,0,0,0,0,1.0986122886681098,1.0986122886681098,1,1
evt_288,1944,1938,1938_name_考査課,長官官房,finance_admin,考査課,NA,主事,non_engineer,3,2056,different_department,2,15,0,0,0,0,0,0,1.0986122886681098,2.772588722239781,0,0
evt_288,1944,1938,1938_name_考査課,長官官房,finance_admin,考査課,NA,主事,non_engineer,3,8358,different_department,1,81,1,0,0,0,0,0,0.6931471805599453,4.406719247264253,0,0
evt_297,1944,1962,1962_grp_1356,交通局,transport,交通局軍輛課保繰課,1356,Unknown,non_engineer,2,1130,different_department,7,2,0,0,0,0,0,0,2.0794415416798357,1.0986122886681098,0,0
evt_297,1944,1962,1962_grp_1356,交通局,transport,交通局軍輛課保繰課,1356,Unknown,non_engineer,2,1147,same_department,1,3,0,0,0,0,0,1,0.6931471805599453,1.3862943611198906,0,0
evt_297,1944,1962,1962_grp_1356,交通局,transport,交通局軍輛課保繰課,1356,Unknown,non_engineer,2,1190,same_department,3,20,0,0,0,0,0,1,1.3862943611198906,3.044522437723423,0,0
evt_297,1944,1962,1962_grp_1356,交通局,transport,交通局軍輛課保繰課,1356,Unknown,non_engineer,2,1193,same_department,7,4,0,0,0,0,0,1,2.0794415416798357,1.6094379124341003,0,0
evt_297,1944,1962,1962_grp_1356,交通局,transport,交通局軍輛課保繰課,1356,Unknown,non_engineer,2,1225,different_department,1,1,0,0,0,0,0,0,0.6931471805599453,0.6931471805599453,0,0
evt_297,1944,1962,1962_grp_1356,交通局,transport,交通局軍輛課保繰課,1356,Unknown,non_engineer,2,1233,same_department,5,7,0,0,0,0,0,1,1.791759469228055,2.0794415416798357,0,0
evt_297,1944,1962,1962_grp_1356,交通局,transport,交通局軍輛課保繰課,1356,Unknown,non_engineer,2,1317,different_department,5,10,0,0,0,0,0,0,1.791759469228055,2.3978952727983707,0,0
evt_297,1944,1962,1962_grp_1356,交通局,transport,交通局軍輛課保繰課,1356,Unknown,non_engineer,2,1335,different_department,1,25,0,0,0,0,0,0,0.6931471805599453,3.258096538021482,0,0
evt_297,1944,1962,1962_grp_1356,交通局,transport,交通局軍輛課保繰課,1356,Unknown,non_engineer,2,1402,different_department,8,2,0,0,0,0,0,0,2.1972245773362196,1.0986122886681098,0,0
evt_297,1944,1962,1962_grp_1356,交通局,transport,交通局軍輛課保繰課,1356,Unknown,non_engineer,2,1449,different_department,11,20,0,0,0,0,0,0,2.4849066497880004,3.044522437723423,0,0
evt_297,1944,1962,1962_grp_1356,交通局,transport,交通局軍輛課保繰課,1356,Unknown,non_engineer,2,1478,different_department,4,5,0,0,0,0,0,0,1.6094379124341003,1.791759469228055,0,0
evt_297,1944,1962,1962_grp_1356,交通局,transport,交通局軍輛課保繰課,1356,Unknown,non_engineer,2,1486,different_department,1,2,0,0,0,0,0,0,0.6931471805599453,1.0986122886681098,0,0
evt_297,1944,1962,1962_grp_1356,交通局,transport,交通局軍輛課保繰課,1356,Unknown,non_engineer,2,1490,different_department,1,1,0,0,0,0,0,0,0.6931471805599453,0.6931471805599453,0,0
evt_297,1944,1962,1962_grp_1356,交通局,transport,交通局軍輛課保繰課,1356,Unknown,non_engineer,2,1501,different_department,1,9,0,0,0,0,0,0,0.6931471805599453,2.302585092994046,0,0
evt_297,1944,1962,1962_grp_1356,交通局,transport,交通局軍輛課保繰課,1356,Unknown,non_engineer,2,1531,different_department,2,1,0,0,0,0,0,0,1.0986122886681098,0.6931471805599453,0,0
evt_297,1944,1962,1962_grp_1356,交通局,transport,交通局軍輛課保繰課,1356,Unknown,non_engineer,2,1538,same_department,1,4,0,0,0,0,0,1,0.6931471805599453,1.6094379124341003,0,0
evt_297,1944,1962,1962_grp_1356,交通局,transport,交通局軍輛課保繰課,1356,Unknown,non_engineer,2,1555,same_department,3,11,0,0,0,0,0,1,1.3862943611198906,2.4849066497880004,0,0
evt_297,1944,1962,1962_grp_1356,交通局,transport,交通局軍輛課保繰課,1356,Unknown,non_engineer,2,1642,different_department,1,15,0,0,0,0,0,0,0.6931471805599453,2.772588722239781,0,0
evt_297,1944,1962,1962_grp_1356,交通局,transport,交通局軍輛課保繰課,1356,Unknown,non_engineer,2,1676,different_department,3,16,0,0,0,0,0,0,1.3862943611198906,2.833213344056216,0,0
evt_297,1944,1962,1962_grp_1356,交通局,transport,交通局軍輛課保繰課,1356,Unknown,non_engineer,2,1697,different_department,1,2,0,0,0,0,0,0,0.6931471805599453,1.0986122886681098,0,0
evt_297,1944,1962,1962_grp_1356,交通局,transport,交通局軍輛課保繰課,1356,Unknown,non_engineer,2,1752,different_department,5,11,0,0,0,0,0,0,1.791759469228055,2.4849066497880004,0,0
evt_297,1944,1962,1962_grp_1356,交通局,transport,交通局軍輛課保繰課,1356,Unknown,non_engineer,2,1761,different_department,2,1,0,0,0,0,0,0,1.0986122886681098,0.6931471805599453,0,0
evt_297,1944,1962,1962_grp_1356,交通局,transport,交通局軍輛課保繰課,1356,Unknown,non_engineer,2,1787,different_department,2,5,0,0,0,0,0,0,1.0986122886681098,1.791759469228055,0,0
evt_297,1944,1962,1962_grp_1356,交通局,transport,交通局軍輛課保繰課,1356,Unknown,non_engineer,2,1794,different_department,7,7,0,0,0,0,0,0,2.0794415416798357,2.0794415416798357,0,0
evt_297,1944,1962,1962_grp_1356,交通局,transport,交通局軍輛課保繰課,1356,Unknown,non_engineer,2,1896,different_department,3,1,0,0,0,0,0,0,1.3862943611198906,0.6931471805599453,0,0
evt_297,1944,1962,1962_grp_1356,交通局,transport,交通局軍輛課保繰課,1356,Unknown,non_engineer,2,1906,different_department,1,15,0,0,0,0,0,0,0.6931471805599453,2.772588722239781,0,0
evt_297,1944,1962,1962_grp_1356,交通局,transport,交通局軍輛課保繰課,1356,Unknown,non_engineer,2,1919,same_department,2,1,0,0,0,0,0,1,1.0986122886681098,0.6931471805599453,0,0
evt_297,1944,1962,1962_grp_1356,交通局,transport,交通局軍輛課保繰課,1356,Unknown,non_engineer,2,1989,different_department,1,41,0,0,0,0,0,0,0.6931471805599453,3.7376696182833684,0,0
evt_297,1944,1962,1962_grp_1356,交通局,transport,交通局軍輛課保繰課,1356,Unknown,non_engineer,2,2003,different_department,1,25,0,0,0,0,0,0,0.6931471805599453,3.258096538021482,0,0
evt_297,1944,1962,1962_grp_1356,交通局,transport,交通局軍輛課保繰課,1356,Unknown,non_engineer,2,2033,different_department,4,1,0,0,0,0,0,0,1.6094379124341003,0.6931471805599453,0,0
evt_297,1944,1962,1962_grp_1356,交通局,transport,交通局軍輛課保繰課,1356,Unknown,non_engineer,2,2056,same_department,4,15,0,0,0,0,0,1,1.6094379124341003,2.772588722239781,0,0
evt_297,1944,1962,1962_grp_1356,交通局,transport,交通局軍輛課保繰課,1356,Unknown,non_engineer,2,2071,same_department,8,16,0,0,0,0,0,1,2.1972245773362196,2.833213344056216,0,0
evt_297,1944,1962,1962_grp_1356,交通局,transport,交通局軍輛課保繰課,1356,Unknown,non_engineer,2,2072,different_department,3,1,0,0,0,0,0,0,1.3862943611198906,0.6931471805599453,0,0
evt_297,1944,1962,1962_grp_1356,交通局,transport,交通局軍輛課保繰課,1356,Unknown,non_engineer,2,2109,different_department,4,6,0,0,0,0,0,0,1.6094379124341003,1.9459101490553132,0,0
evt_297,1944,1962,1962_grp_1356,交通局,transport,交通局軍輛課保繰課,1356,Unknown,non_engineer,2,2123,same_department,2,1,1,0,0,0,0,1,1.0986122886681098,0.6931471805599453,0,0
evt_297,1944,1962,1962_grp_1356,交通局,transport,交通局軍輛課保繰課,1356,Unknown,non_engineer,2,2125,different_department,4,7,0,0,0,0,0,0,1.6094379124341003,2.0794415416798357,0,0
evt_297,1944,1962,1962_grp_1356,交通局,transport,交通局軍輛課保繰課,1356,Unknown,non_engineer,2,2138,different_department,6,5,0,0,0,0,0,0,1.9459101490553132,1.791759469228055,0,0
evt_297,1944,1962,1962_grp_1356,交通局,transport,交通局軍輛課保繰課,1356,Unknown,non_engineer,2,2143,same_department,1,10,0,0,0,0,0,1,0.6931471805599453,2.3978952727983707,0,0
evt_297,1944,1962,1962_grp_1356,交通局,transport,交通局軍輛課保繰課,1356,Unknown,non_engineer,2,2158,different_department,1,1,0,0,0,0,0,0,0.6931471805599453,0.6931471805599453,0,0
evt_297,1944,1962,1962_grp_1356,交通局,transport,交通局軍輛課保繰課,1356,Unknown,non_engineer,2,2174,different_department,5,4,0,0,0,0,0,0,1.791759469228055,1.6094379124341003,0,0
evt_297,1944,1962,1962_grp_1356,交通局,transport,交通局軍輛課保繰課,1356,Unknown,non_engineer,2,2183,same_department,7,42,0,0,0,0,0,1,2.0794415416798357,3.7612001156935624,0,0
evt_297,1944,1962,1962_grp_1356,交通局,transport,交通局軍輛課保繰課,1356,Unknown,non_engineer,2,2213,different_department,1,7,0,0,0,0,0,0,0.6931471805599453,2.0794415416798357,0,0
evt_297,1944,1962,1962_grp_1356,交通局,transport,交通局軍輛課保繰課,1356,Unknown,non_engineer,2,2221,same_department,2,1,0,0,0,0,0,1,1.0986122886681098,0.6931471805599453,0,0
evt_297,1944,1962,1962_grp_1356,交通局,transport,交通局軍輛課保繰課,1356,Unknown,non_engineer,2,5764,different_department,3,17,0,0,0,0,0,0,1.3862943611198906,2.8903717578961645,0,0
evt_297,1944,1962,1962_grp_1356,交通局,transport,交通局軍輛課保繰課,1356,Unknown,non_engineer,2,5869,same_department,1,28,0,0,0,0,0,1,0.6931471805599453,3.367295829986474,0,0
evt_297,1944,1962,1962_grp_1356,交通局,transport,交通局軍輛課保繰課,1356,Unknown,non_engineer,2,5908,different_department,2,27,0,0,0,0,0,0,1.0986122886681098,3.332204510175204,0,0
evt_297,1944,1962,1962_grp_1356,交通局,transport,交通局軍輛課保繰課,1356,Unknown,non_engineer,2,6184,different_department,2,24,0,0,0,0,0,0,1.0986122886681098,3.2188758248682006,0,0
evt_297,1944,1962,1962_grp_1356,交通局,transport,交通局軍輛課保繰課,1356,Unknown,non_engineer,2,6233,different_department,1,23,0,0,0,0,0,0,0.6931471805599453,3.1780538303479458,0,0
evt_297,1944,1962,1962_grp_1356,交通局,transport,交通局軍輛課保繰課,1356,Unknown,non_engineer,2,6328,different_department,1,26,0,0,0,0,0,0,0.6931471805599453,3.295836866004329,0,0
evt_297,1944,1962,1962_grp_1356,交通局,transport,交通局軍輛課保繰課,1356,Unknown,non_engineer,2,6337,different_department,4,5,0,0,0,0,0,0,1.6094379124341003,1.791759469228055,0,0
evt_297,1944,1962,1962_grp_1356,交通局,transport,交通局軍輛課保繰課,1356,Unknown,non_engineer,2,6701,different_department,17,12,0,0,0,0,0,0,2.8903717578961645,2.5649493574615367,0,0
evt_297,1944,1962,1962_grp_1356,交通局,transport,交通局軍輛課保繰課,1356,Unknown,non_engineer,2,6791,different_department,2,23,0,0,0,0,0,0,1.0986122886681098,3.1780538303479458,0,0
evt_297,1944,1962,1962_grp_1356,交通局,transport,交通局軍輛課保繰課,1356,Unknown,non_engineer,2,6946,different_department,3,58,0,0,0,0,0,0,1.3862943611198906,4.07753744390572,0,0
evt_297,1944,1962,1962_grp_1356,交通局,transport,交通局軍輛課保繰課,1356,Unknown,non_engineer,2,6953,different_department,4,25,0,0,0,0,0,0,1.6094379124341003,3.258096538021482,0,0
evt_297,1944,1962,1962_grp_1356,交通局,transport,交通局軍輛課保繰課,1356,Unknown,non_engineer,2,7029,different_department,2,26,0,0,0,0,0,0,1.0986122886681098,3.295836866004329,0,0
evt_297,1944,1962,1962_grp_1356,交通局,transport,交通局軍輛課保繰課,1356,Unknown,non_engineer,2,7051,same_department,2,9,0,0,0,0,0,1,1.0986122886681098,2.302585092994046,0,0
evt_297,1944,1962,1962_grp_1356,交通局,transport,交通局軍輛課保繰課,1356,Unknown,non_engineer,2,7191,different_department,1,19,0,0,0,0,0,0,0.6931471805599453,2.995732273553991,0,0
evt_297,1944,1962,1962_grp_1356,交通局,transport,交通局軍輛課保繰課,1356,Unknown,non_engineer,2,7235,different_department,1,23,0,0,0,0,0,0,0.6931471805599453,3.1780538303479458,0,0
evt_297,1944,1962,1962_grp_1356,交通局,transport,交通局軍輛課保繰課,1356,Unknown,non_engineer,2,7461,different_department,1,20,0,0,0,0,0,0,0.6931471805599453,3.044522437723423,0,0
evt_297,1944,1962,1962_grp_1356,交通局,transport,交通局軍輛課保繰課,1356,Unknown,non_engineer,2,7484,different_department,2,29,0,0,0,0,0,0,1.0986122886681098,3.4011973816621555,0,0
evt_297,1944,1962,1962_grp_1356,交通局,transport,交通局軍輛課保繰課,1356,Unknown,non_engineer,2,7492,different_department,1,26,0,0,0,0,0,0,0.6931471805599453,3.295836866004329,0,0
evt_297,1944,1962,1962_grp_1356,交通局,transport,交通局軍輛課保繰課,1356,Unknown,non_engineer,2,7506,different_department,7,93,0,0,0,0,0,0,2.0794415416798357,4.543294782270004,0,0
evt_297,1944,1962,1962_grp_1356,交通局,transport,交通局軍輛課保繰課,1356,Unknown,non_engineer,2,7525,same_department,4,5,0,0,0,0,0,1,1.6094379124341003,1.791759469228055,0,0
evt_297,1944,1962,1962_grp_1356,交通局,transport,交通局軍輛課保繰課,1356,Unknown,non_engineer,2,7748,different_department,4,38,0,0,0,0,0,0,1.6094379124341003,3.6635616461296463,0,0
evt_297,1944,1962,1962_grp_1356,交通局,transport,交通局軍輛課保繰課,1356,Unknown,non_engineer,2,7836,same_department,1,2,0,0,0,0,0,1,0.6931471805599453,1.0986122886681098,0,0
evt_297,1944,1962,1962_grp_1356,交通局,transport,交通局軍輛課保繰課,1356,Unknown,non_engineer,2,7910,different_department,2,30,0,0,0,0,0,0,1.0986122886681098,3.4339872044851463,0,0
evt_297,1944,1962,1962_grp_1356,交通局,transport,交通局軍輛課保繰課,1356,Unknown,non_engineer,2,8164,different_department,2,42,0,0,0,0,0,0,1.0986122886681098,3.7612001156935624,0,0
evt_297,1944,1962,1962_grp_1356,交通局,transport,交通局軍輛課保繰課,1356,Unknown,non_engineer,2,8358,different_department,1,9,0,0,0,0,0,0,0.6931471805599453,2.302585092994046,0,0
evt_297,1944,1962,1962_grp_1356,交通局,transport,交通局軍輛課保繰課,1356,Unknown,non_engineer,2,8426,different_department,1,3,0,0,0,0,0,0,0.6931471805599453,1.3862943611198906,0,0
evt_297,1944,1962,1962_grp_1356,交通局,transport,交通局軍輛課保繰課,1356,Unknown,non_engineer,2,8514,different_department,1,2,0,0,0,0,0,0,0.6931471805599453,1.0986122886681098,0,0
evt_297,1944,1962,1962_grp_1356,交通局,transport,交通局軍輛課保繰課,1356,Unknown,non_engineer,2,8594,same_department,1,16,0,0,0,0,0,1,0.6931471805599453,2.833213344056216,0,0
evt_297,1944,1962,1962_grp_1356,交通局,transport,交通局軍輛課保繰課,1356,Unknown,non_engineer,2,8664,different_department,2,8,0,0,0,0,0,0,1.0986122886681098,2.1972245773362196,0,0
evt_297,1944,1962,1962_grp_1356,交通局,transport,交通局軍輛課保繰課,1356,Unknown,non_engineer,2,8882,different_department,1,28,0,0,0,0,0,0,0.6931471805599453,3.367295829986474,0,0
evt_297,1944,1962,1962_grp_1356,交通局,transport,交通局軍輛課保繰課,1356,Unknown,non_engineer,2,8905,different_department,6,14,0,0,0,0,0,0,1.9459101490553132,2.70805020110221,0,0
evt_305,1944,1963,1963_grp_134,交通局,transport,交通局運輸課,134,雇,yato,1,1130,different_department,2,2,0,0,0,0,0,0,1.0986122886681098,1.0986122886681098,1,1
evt_305,1944,1963,1963_grp_134,交通局,transport,交通局運輸課,134,雇,yato,1,1147,same_department,2,3,0,0,0,0,0,1,1.0986122886681098,1.3862943611198906,1,1
evt_305,1944,1963,1963_grp_134,交通局,transport,交通局運輸課,134,雇,yato,1,1190,same_department,10,20,0,0,0,0,0,1,2.3978952727983707,3.044522437723423,1,1
evt_305,1944,1963,1963_grp_134,交通局,transport,交通局運輸課,134,雇,yato,1,1225,different_department,1,1,0,0,0,0,0,0,0.6931471805599453,0.6931471805599453,1,1
evt_305,1944,1963,1963_grp_134,交通局,transport,交通局運輸課,134,雇,yato,1,1449,different_department,11,20,0,0,0,0,0,0,2.4849066497880004,3.044522437723423,1,1
evt_305,1944,1963,1963_grp_134,交通局,transport,交通局運輸課,134,雇,yato,1,1478,different_department,7,5,0,0,0,0,0,0,2.0794415416798357,1.791759469228055,1,1
evt_305,1944,1963,1963_grp_134,交通局,transport,交通局運輸課,134,雇,yato,1,1555,same_department,14,11,0,0,0,0,0,1,2.70805020110221,2.4849066497880004,1,1
evt_305,1944,1963,1963_grp_134,交通局,transport,交通局運輸課,134,雇,yato,1,1566,different_department,1,3,0,0,0,0,0,0,0.6931471805599453,1.3862943611198906,1,1
evt_305,1944,1963,1963_grp_134,交通局,transport,交通局運輸課,134,雇,yato,1,1642,different_department,4,15,0,0,0,0,0,0,1.6094379124341003,2.772588722239781,1,1
evt_305,1944,1963,1963_grp_134,交通局,transport,交通局運輸課,134,雇,yato,1,1697,different_department,2,2,0,0,0,0,0,0,1.0986122886681098,1.0986122886681098,1,1
evt_305,1944,1963,1963_grp_134,交通局,transport,交通局運輸課,134,雇,yato,1,1752,different_department,7,11,0,0,0,0,0,0,2.0794415416798357,2.4849066497880004,1,1
evt_305,1944,1963,1963_grp_134,交通局,transport,交通局運輸課,134,雇,yato,1,1896,different_department,5,1,0,0,0,0,0,0,1.791759469228055,0.6931471805599453,1,1
evt_305,1944,1963,1963_grp_134,交通局,transport,交通局運輸課,134,雇,yato,1,1906,different_department,1,15,0,0,0,0,0,0,0.6931471805599453,2.772588722239781,1,1
evt_305,1944,1963,1963_grp_134,交通局,transport,交通局運輸課,134,雇,yato,1,1972,same_department,1,13,0,0,0,0,0,1,0.6931471805599453,2.6390573296152584,1,1
evt_305,1944,1963,1963_grp_134,交通局,transport,交通局運輸課,134,雇,yato,1,1989,different_department,1,41,0,0,0,0,0,0,0.6931471805599453,3.7376696182833684,1,1
evt_305,1944,1963,1963_grp_134,交通局,transport,交通局運輸課,134,雇,yato,1,2051,same_department,3,1,0,0,0,0,0,1,1.3862943611198906,0.6931471805599453,1,1
evt_305,1944,1963,1963_grp_134,交通局,transport,交通局運輸課,134,雇,yato,1,2056,same_department,6,15,0,0,0,0,0,1,1.9459101490553132,2.772588722239781,1,1
evt_305,1944,1963,1963_grp_134,交通局,transport,交通局運輸課,134,雇,yato,1,2071,same_department,1,16,0,0,0,0,0,1,0.6931471805599453,2.833213344056216,1,1
evt_305,1944,1963,1963_grp_134,交通局,transport,交通局運輸課,134,雇,yato,1,2109,different_department,5,6,0,0,0,0,0,0,1.791759469228055,1.9459101490553132,1,1
evt_305,1944,1963,1963_grp_134,交通局,transport,交通局運輸課,134,雇,yato,1,2118,different_department,2,16,0,0,0,0,0,0,1.0986122886681098,2.833213344056216,1,1
evt_305,1944,1963,1963_grp_134,交通局,transport,交通局運輸課,134,雇,yato,1,2123,same_department,2,1,0,0,0,0,0,1,1.0986122886681098,0.6931471805599453,1,1
evt_305,1944,1963,1963_grp_134,交通局,transport,交通局運輸課,134,雇,yato,1,2125,different_department,5,7,0,0,0,0,0,0,1.791759469228055,2.0794415416798357,1,1
evt_305,1944,1963,1963_grp_134,交通局,transport,交通局運輸課,134,雇,yato,1,2138,different_department,3,5,0,0,0,0,0,0,1.3862943611198906,1.791759469228055,1,1
evt_305,1944,1963,1963_grp_134,交通局,transport,交通局運輸課,134,雇,yato,1,2143,same_section,4,10,1,0,0,0,1,0,1.6094379124341003,2.3978952727983707,1,1
evt_305,1944,1963,1963_grp_134,交通局,transport,交通局運輸課,134,雇,yato,1,2158,different_department,3,1,0,0,0,0,0,0,1.3862943611198906,0.6931471805599453,1,1
evt_305,1944,1963,1963_grp_134,交通局,transport,交通局運輸課,134,雇,yato,1,2159,different_department,2,4,0,0,0,0,0,0,1.0986122886681098,1.6094379124341003,1,1
evt_305,1944,1963,1963_grp_134,交通局,transport,交通局運輸課,134,雇,yato,1,2213,different_department,7,7,0,0,0,0,0,0,2.0794415416798357,2.0794415416798357,1,1
evt_305,1944,1963,1963_grp_134,交通局,transport,交通局運輸課,134,雇,yato,1,5869,same_department,3,28,0,0,0,0,0,1,1.3862943611198906,3.367295829986474,1,1
evt_305,1944,1963,1963_grp_134,交通局,transport,交通局運輸課,134,雇,yato,1,6328,different_department,5,26,0,0,0,0,0,0,1.791759469228055,3.295836866004329,1,1
evt_305,1944,1963,1963_grp_134,交通局,transport,交通局運輸課,134,雇,yato,1,6415,different_department,1,1,0,0,0,0,0,0,0.6931471805599453,0.6931471805599453,1,1
evt_305,1944,1963,1963_grp_134,交通局,transport,交通局運輸課,134,雇,yato,1,6501,different_department,1,2,0,0,0,0,0,0,0.6931471805599453,1.0986122886681098,1,1
evt_305,1944,1963,1963_grp_134,交通局,transport,交通局運輸課,134,雇,yato,1,6641,different_department,1,1,0,0,0,0,0,0,0.6931471805599453,0.6931471805599453,1,1
evt_305,1944,1963,1963_grp_134,交通局,transport,交通局運輸課,134,雇,yato,1,6701,different_department,1,12,0,0,0,0,0,0,0.6931471805599453,2.5649493574615367,1,1
evt_305,1944,1963,1963_grp_134,交通局,transport,交通局運輸課,134,雇,yato,1,6843,different_department,12,4,0,0,0,0,0,0,2.5649493574615367,1.6094379124341003,1,1
evt_305,1944,1963,1963_grp_134,交通局,transport,交通局運輸課,134,雇,yato,1,6844,different_department,1,6,0,0,0,0,0,0,0.6931471805599453,1.9459101490553132,1,1
evt_305,1944,1963,1963_grp_134,交通局,transport,交通局運輸課,134,雇,yato,1,6845,different_department,2,16,0,0,0,0,0,0,1.0986122886681098,2.833213344056216,1,1
evt_305,1944,1963,1963_grp_134,交通局,transport,交通局運輸課,134,雇,yato,1,6953,different_department,19,25,0,0,0,0,0,0,2.995732273553991,3.258096538021482,1,1
evt_305,1944,1963,1963_grp_134,交通局,transport,交通局運輸課,134,雇,yato,1,7506,different_department,2,93,0,0,0,0,0,0,1.0986122886681098,4.543294782270004,1,1
evt_305,1944,1963,1963_grp_134,交通局,transport,交通局運輸課,134,雇,yato,1,7525,same_department,4,5,0,0,0,0,0,1,1.6094379124341003,1.791759469228055,1,1
evt_305,1944,1963,1963_grp_134,交通局,transport,交通局運輸課,134,雇,yato,1,7782,same_department,5,32,0,0,0,0,0,1,1.791759469228055,3.4965075614664802,1,1
evt_305,1944,1963,1963_grp_134,交通局,transport,交通局運輸課,134,雇,yato,1,8164,same_department,7,9,0,0,0,0,0,1,2.0794415416798357,2.302585092994046,1,1
evt_305,1944,1963,1963_grp_134,交通局,transport,交通局運輸課,134,雇,yato,1,8321,same_department,4,7,1,0,0,0,0,1,1.6094379124341003,2.0794415416798357,1,1
evt_305,1944,1963,1963_grp_134,交通局,transport,交通局運輸課,134,雇,yato,1,8358,same_department,15,81,1,0,0,0,0,1,2.772588722239781,4.406719247264253,1,1
evt_305,1944,1963,1963_grp_134,交通局,transport,交通局運輸課,134,雇,yato,1,8490,different_department,11,37,0,0,0,0,0,0,2.4849066497880004,3.6375861597263857,1,1
evt_305,1944,1963,1963_grp_134,交通局,transport,交通局運輸課,134,雇,yato,1,8594,same_department,7,16,0,0,0,0,0,1,2.0794415416798357,2.833213344056216,1,1
evt_305,1944,1963,1963_grp_134,交通局,transport,交通局運輸課,134,雇,yato,1,8757,different_department,4,7,0,0,0,0,0,0,1.6094379124341003,2.0794415416798357,1,1
evt_305,1944,1963,1963_grp_134,交通局,transport,交通局運輸課,134,雇,yato,1,8882,different_department,1,28,0,0,0,0,0,0,0.6931471805599453,3.367295829986474,1,1
evt_305,1944,1963,1963_grp_134,交通局,transport,交通局運輸課,134,雇,yato,1,8899,same_department,4,9,0,0,0,0,0,1,1.6094379124341003,2.302585092994046,1,1
evt_305,1944,1963,1963_grp_134,交通局,transport,交通局運輸課,134,雇,yato,1,8905,different_department,19,14,0,0,0,0,0,0,2.995732273553991,2.70805020110221,1,1
evt_305,1944,1963,1963_grp_134,交通局,transport,交通局運輸課,134,雇,yato,1,8946,same_department,1,29,0,0,0,0,0,1,0.6931471805599453,3.4011973816621555,1,1
evt_305,1944,1963,1963_grp_134,交通局,transport,交通局運輸課,134,雇,yato,1,8994,different_department,13,28,0,0,0,0,0,0,2.6390573296152584,3.367295829986474,1,1
evt_305,1944,1963,1963_grp_134,交通局,transport,交通局運輸課,134,雇,yato,1,8996,different_department,2,2,0,0,0,0,0,0,1.0986122886681098,1.0986122886681098,1,1
evt_310,1944,1973,1973_grp_1390,交通局,transport,芝浦出張所,1390,雇,yato,1,1130,different_department,2,2,0,0,0,0,0,0,1.0986122886681098,1.0986122886681098,0,0
evt_310,1944,1973,1973_grp_1390,交通局,transport,芝浦出張所,1390,雇,yato,1,1147,same_department,2,3,0,0,0,0,0,1,1.0986122886681098,1.3862943611198906,0,0
evt_310,1944,1973,1973_grp_1390,交通局,transport,芝浦出張所,1390,雇,yato,1,1190,same_department,10,20,0,0,0,0,0,1,2.3978952727983707,3.044522437723423,0,0
evt_310,1944,1973,1973_grp_1390,交通局,transport,芝浦出張所,1390,雇,yato,1,1225,different_department,1,1,0,0,0,0,0,0,0.6931471805599453,0.6931471805599453,0,0
evt_310,1944,1973,1973_grp_1390,交通局,transport,芝浦出張所,1390,雇,yato,1,1449,different_department,11,20,0,0,0,0,0,0,2.4849066497880004,3.044522437723423,0,0
evt_310,1944,1973,1973_grp_1390,交通局,transport,芝浦出張所,1390,雇,yato,1,1478,different_department,7,5,0,0,0,0,0,0,2.0794415416798357,1.791759469228055,0,0
evt_310,1944,1973,1973_grp_1390,交通局,transport,芝浦出張所,1390,雇,yato,1,1555,same_department,14,11,0,0,0,0,0,1,2.70805020110221,2.4849066497880004,0,0
evt_310,1944,1973,1973_grp_1390,交通局,transport,芝浦出張所,1390,雇,yato,1,1566,different_department,1,3,0,0,0,0,0,0,0.6931471805599453,1.3862943611198906,0,0
evt_310,1944,1973,1973_grp_1390,交通局,transport,芝浦出張所,1390,雇,yato,1,1642,different_department,4,15,0,0,0,0,0,0,1.6094379124341003,2.772588722239781,0,0
evt_310,1944,1973,1973_grp_1390,交通局,transport,芝浦出張所,1390,雇,yato,1,1697,different_department,2,2,0,0,0,0,0,0,1.0986122886681098,1.0986122886681098,0,0
evt_310,1944,1973,1973_grp_1390,交通局,transport,芝浦出張所,1390,雇,yato,1,1752,different_department,7,11,0,0,0,0,0,0,2.0794415416798357,2.4849066497880004,0,0
evt_310,1944,1973,1973_grp_1390,交通局,transport,芝浦出張所,1390,雇,yato,1,1896,different_department,5,1,0,0,0,0,0,0,1.791759469228055,0.6931471805599453,0,0
evt_310,1944,1973,1973_grp_1390,交通局,transport,芝浦出張所,1390,雇,yato,1,1906,different_department,1,15,0,0,0,0,0,0,0.6931471805599453,2.772588722239781,0,0
evt_310,1944,1973,1973_grp_1390,交通局,transport,芝浦出張所,1390,雇,yato,1,1972,same_department,1,13,0,0,0,0,0,1,0.6931471805599453,2.6390573296152584,0,0
evt_310,1944,1973,1973_grp_1390,交通局,transport,芝浦出張所,1390,雇,yato,1,1989,different_department,1,41,0,0,0,0,0,0,0.6931471805599453,3.7376696182833684,0,0
evt_310,1944,1973,1973_grp_1390,交通局,transport,芝浦出張所,1390,雇,yato,1,2051,same_department,3,1,0,0,0,0,0,1,1.3862943611198906,0.6931471805599453,0,0
evt_310,1944,1973,1973_grp_1390,交通局,transport,芝浦出張所,1390,雇,yato,1,2056,same_department,6,15,0,0,0,0,0,1,1.9459101490553132,2.772588722239781,0,0
evt_310,1944,1973,1973_grp_1390,交通局,transport,芝浦出張所,1390,雇,yato,1,2071,same_department,1,16,0,0,0,0,0,1,0.6931471805599453,2.833213344056216,0,0
evt_310,1944,1973,1973_grp_1390,交通局,transport,芝浦出張所,1390,雇,yato,1,2109,different_department,5,6,0,0,0,0,0,0,1.791759469228055,1.9459101490553132,0,0
evt_310,1944,1973,1973_grp_1390,交通局,transport,芝浦出張所,1390,雇,yato,1,2118,different_department,2,16,0,0,0,0,0,0,1.0986122886681098,2.833213344056216,0,0
evt_310,1944,1973,1973_grp_1390,交通局,transport,芝浦出張所,1390,雇,yato,1,2123,same_department,2,1,0,0,0,0,0,1,1.0986122886681098,0.6931471805599453,0,0
evt_310,1944,1973,1973_grp_1390,交通局,transport,芝浦出張所,1390,雇,yato,1,2125,different_department,5,7,0,0,0,0,0,0,1.791759469228055,2.0794415416798357,0,0
evt_310,1944,1973,1973_grp_1390,交通局,transport,芝浦出張所,1390,雇,yato,1,2138,different_department,3,5,0,0,0,0,0,0,1.3862943611198906,1.791759469228055,0,0
evt_310,1944,1973,1973_grp_1390,交通局,transport,芝浦出張所,1390,雇,yato,1,2143,same_department,4,10,0,0,0,0,0,1,1.6094379124341003,2.3978952727983707,0,0
evt_310,1944,1973,1973_grp_1390,交通局,transport,芝浦出張所,1390,雇,yato,1,2158,different_department,3,1,0,0,0,0,0,0,1.3862943611198906,0.6931471805599453,0,0
evt_310,1944,1973,1973_grp_1390,交通局,transport,芝浦出張所,1390,雇,yato,1,2159,different_department,2,4,0,0,0,0,0,0,1.0986122886681098,1.6094379124341003,0,0
evt_310,1944,1973,1973_grp_1390,交通局,transport,芝浦出張所,1390,雇,yato,1,2213,different_department,7,7,0,0,0,0,0,0,2.0794415416798357,2.0794415416798357,0,0
evt_310,1944,1973,1973_grp_1390,交通局,transport,芝浦出張所,1390,雇,yato,1,5869,same_department,3,28,0,0,0,0,0,1,1.3862943611198906,3.367295829986474,0,0
evt_310,1944,1973,1973_grp_1390,交通局,transport,芝浦出張所,1390,雇,yato,1,6328,different_department,5,26,0,0,0,0,0,0,1.791759469228055,3.295836866004329,0,0
evt_310,1944,1973,1973_grp_1390,交通局,transport,芝浦出張所,1390,雇,yato,1,6415,different_department,1,1,0,0,0,0,0,0,0.6931471805599453,0.6931471805599453,0,0
evt_310,1944,1973,1973_grp_1390,交通局,transport,芝浦出張所,1390,雇,yato,1,6501,different_department,1,2,0,0,0,0,0,0,0.6931471805599453,1.0986122886681098,0,0
evt_310,1944,1973,1973_grp_1390,交通局,transport,芝浦出張所,1390,雇,yato,1,6641,different_department,1,1,0,0,0,0,0,0,0.6931471805599453,0.6931471805599453,0,0
evt_310,1944,1973,1973_grp_1390,交通局,transport,芝浦出張所,1390,雇,yato,1,6701,different_department,1,12,0,0,0,0,0,0,0.6931471805599453,2.5649493574615367,0,0
evt_310,1944,1973,1973_grp_1390,交通局,transport,芝浦出張所,1390,雇,yato,1,6843,different_department,12,4,0,0,0,0,0,0,2.5649493574615367,1.6094379124341003,0,0
evt_310,1944,1973,1973_grp_1390,交通局,transport,芝浦出張所,1390,雇,yato,1,6844,different_department,1,6,0,0,0,0,0,0,0.6931471805599453,1.9459101490553132,0,0
evt_310,1944,1973,1973_grp_1390,交通局,transport,芝浦出張所,1390,雇,yato,1,6845,different_department,2,16,0,0,0,0,0,0,1.0986122886681098,2.833213344056216,0,0
evt_310,1944,1973,1973_grp_1390,交通局,transport,芝浦出張所,1390,雇,yato,1,6953,different_department,19,25,0,0,0,0,0,0,2.995732273553991,3.258096538021482,0,0
evt_310,1944,1973,1973_grp_1390,交通局,transport,芝浦出張所,1390,雇,yato,1,7506,different_department,2,93,0,0,0,0,0,0,1.0986122886681098,4.543294782270004,0,0
evt_310,1944,1973,1973_grp_1390,交通局,transport,芝浦出張所,1390,雇,yato,1,7525,same_department,4,5,0,0,0,0,0,1,1.6094379124341003,1.791759469228055,0,0
evt_310,1944,1973,1973_grp_1390,交通局,transport,芝浦出張所,1390,雇,yato,1,7782,same_department,5,32,0,0,0,0,0,1,1.791759469228055,3.4965075614664802,0,0
evt_310,1944,1973,1973_grp_1390,交通局,transport,芝浦出張所,1390,雇,yato,1,8164,same_department,7,9,1,0,0,0,0,1,2.0794415416798357,2.302585092994046,0,0
evt_310,1944,1973,1973_grp_1390,交通局,transport,芝浦出張所,1390,雇,yato,1,8321,same_department,4,7,0,0,0,0,0,1,1.6094379124341003,2.0794415416798357,0,0
evt_310,1944,1973,1973_grp_1390,交通局,transport,芝浦出張所,1390,雇,yato,1,8358,same_department,15,81,0,0,0,0,0,1,2.772588722239781,4.406719247264253,0,0
evt_310,1944,1973,1973_grp_1390,交通局,transport,芝浦出張所,1390,雇,yato,1,8490,different_department,11,37,0,0,0,0,0,0,2.4849066497880004,3.6375861597263857,0,0
evt_310,1944,1973,1973_grp_1390,交通局,transport,芝浦出張所,1390,雇,yato,1,8594,same_department,7,16,0,0,0,0,0,1,2.0794415416798357,2.833213344056216,0,0
evt_310,1944,1973,1973_grp_1390,交通局,transport,芝浦出張所,1390,雇,yato,1,8757,different_department,4,7,0,0,0,0,0,0,1.6094379124341003,2.0794415416798357,0,0
evt_310,1944,1973,1973_grp_1390,交通局,transport,芝浦出張所,1390,雇,yato,1,8882,different_department,1,28,0,0,0,0,0,0,0.6931471805599453,3.367295829986474,0,0
evt_310,1944,1973,1973_grp_1390,交通局,transport,芝浦出張所,1390,雇,yato,1,8899,same_department,4,9,0,0,0,0,0,1,1.6094379124341003,2.302585092994046,0,0
evt_310,1944,1973,1973_grp_1390,交通局,transport,芝浦出張所,1390,雇,yato,1,8905,different_department,19,14,0,0,0,0,0,0,2.995732273553991,2.70805020110221,0,0
evt_310,1944,1973,1973_grp_1390,交通局,transport,芝浦出張所,1390,雇,yato,1,8946,same_department,1,29,0,0,0,0,0,1,0.6931471805599453,3.4011973816621555,0,0
evt_310,1944,1973,1973_grp_1390,交通局,transport,芝浦出張所,1390,雇,yato,1,8994,different_department,13,28,0,0,0,0,0,0,2.6390573296152584,3.367295829986474,0,0
evt_310,1944,1973,1973_grp_1390,交通局,transport,芝浦出張所,1390,雇,yato,1,8996,different_department,2,2,0,0,0,0,0,0,1.0986122886681098,1.0986122886681098,0,0
evt_33,1944,1188,1188_name_missing,民生局,welfare,NA,NA,監視,non_engineer,2,1190,different_department,23,20,1,0,0,0,0,0,3.1780538303479458,3.044522437723423,0,0
evt_33,1944,1188,1188_name_missing,民生局,welfare,NA,NA,監視,non_engineer,2,1676,different_department,1,16,0,0,0,0,0,0,0.6931471805599453,2.833213344056216,0,0
evt_33,1944,1188,1188_name_missing,民生局,welfare,NA,NA,監視,non_engineer,2,1896,same_department,1,1,0,0,0,0,0,1,0.6931471805599453,0.6931471805599453,0,0
evt_33,1944,1188,1188_name_missing,民生局,welfare,NA,NA,監視,non_engineer,2,2056,different_department,26,15,1,0,0,0,0,0,3.295836866004329,2.772588722239781,0,0
evt_33,1944,1188,1188_name_missing,民生局,welfare,NA,NA,監視,non_engineer,2,6337,different_department,4,5,0,0,0,0,0,0,1.6094379124341003,1.791759469228055,0,0
evt_33,1944,1188,1188_name_missing,民生局,welfare,NA,NA,監視,non_engineer,2,7051,different_department,8,9,1,0,0,0,0,0,2.1972245773362196,2.302585092994046,0,0
evt_33,1944,1188,1188_name_missing,民生局,welfare,NA,NA,監視,non_engineer,2,7525,different_department,5,5,0,0,0,0,0,0,1.791759469228055,1.791759469228055,0,0
evt_333,1944,2055,2055_grp_840,水道局,water,工専課,840,Unknown,non_engineer,2,1130,different_department,7,2,0,0,0,0,0,0,2.0794415416798357,1.0986122886681098,0,0
evt_333,1944,2055,2055_grp_840,水道局,water,工専課,840,Unknown,non_engineer,2,1147,different_department,1,3,0,0,0,0,0,0,0.6931471805599453,1.3862943611198906,0,0
evt_333,1944,2055,2055_grp_840,水道局,water,工専課,840,Unknown,non_engineer,2,1190,different_department,3,20,0,0,0,0,0,0,1.3862943611198906,3.044522437723423,0,0
evt_333,1944,2055,2055_grp_840,水道局,water,工専課,840,Unknown,non_engineer,2,1193,different_department,7,4,0,0,0,0,0,0,2.0794415416798357,1.6094379124341003,0,0
evt_333,1944,2055,2055_grp_840,水道局,water,工専課,840,Unknown,non_engineer,2,1233,different_department,5,7,0,0,0,0,0,0,1.791759469228055,2.0794415416798357,0,0
evt_333,1944,2055,2055_grp_840,水道局,water,工専課,840,Unknown,non_engineer,2,1335,different_department,1,25,0,0,0,0,0,0,0.6931471805599453,3.258096538021482,0,0
evt_333,1944,2055,2055_grp_840,水道局,water,工専課,840,Unknown,non_engineer,2,1402,different_department,8,2,0,0,0,0,0,0,2.1972245773362196,1.0986122886681098,0,0
evt_333,1944,2055,2055_grp_840,水道局,water,工専課,840,Unknown,non_engineer,2,1449,different_department,11,20,0,0,0,0,0,0,2.4849066497880004,3.044522437723423,0,0
evt_333,1944,2055,2055_grp_840,水道局,water,工専課,840,Unknown,non_engineer,2,1478,different_department,4,5,1,0,0,0,0,0,1.6094379124341003,1.791759469228055,0,0
evt_333,1944,2055,2055_grp_840,水道局,water,工専課,840,Unknown,non_engineer,2,1486,same_department,1,2,0,0,0,0,0,1,0.6931471805599453,1.0986122886681098,0,0
evt_333,1944,2055,2055_grp_840,水道局,water,工専課,840,Unknown,non_engineer,2,1490,different_department,1,1,0,0,0,0,0,0,0.6931471805599453,0.6931471805599453,0,0
evt_333,1944,2055,2055_grp_840,水道局,water,工専課,840,Unknown,non_engineer,2,1501,different_department,1,9,0,0,0,0,0,0,0.6931471805599453,2.302585092994046,0,0
evt_333,1944,2055,2055_grp_840,水道局,water,工専課,840,Unknown,non_engineer,2,1531,different_department,2,1,0,0,0,0,0,0,1.0986122886681098,0.6931471805599453,0,0
evt_333,1944,2055,2055_grp_840,水道局,water,工専課,840,Unknown,non_engineer,2,1538,different_department,1,4,0,0,0,0,0,0,0.6931471805599453,1.6094379124341003,0,0
evt_333,1944,2055,2055_grp_840,水道局,water,工専課,840,Unknown,non_engineer,2,1555,different_department,3,11,0,0,0,0,0,0,1.3862943611198906,2.4849066497880004,0,0
evt_333,1944,2055,2055_grp_840,水道局,water,工専課,840,Unknown,non_engineer,2,1642,different_department,1,15,0,0,0,0,0,0,0.6931471805599453,2.772588722239781,0,0
evt_333,1944,2055,2055_grp_840,水道局,water,工専課,840,Unknown,non_engineer,2,1676,different_department,3,16,0,0,0,0,0,0,1.3862943611198906,2.833213344056216,0,0
evt_333,1944,2055,2055_grp_840,水道局,water,工専課,840,Unknown,non_engineer,2,1697,different_department,1,2,0,0,0,0,0,0,0.6931471805599453,1.0986122886681098,0,0
evt_333,1944,2055,2055_grp_840,水道局,water,工専課,840,Unknown,non_engineer,2,1752,different_department,5,11,0,0,0,0,0,0,1.791759469228055,2.4849066497880004,0,0
evt_333,1944,2055,2055_grp_840,水道局,water,工専課,840,Unknown,non_engineer,2,1787,different_department,2,5,0,0,0,0,0,0,1.0986122886681098,1.791759469228055,0,0
evt_333,1944,2055,2055_grp_840,水道局,water,工専課,840,Unknown,non_engineer,2,1896,different_department,3,1,0,0,0,0,0,0,1.3862943611198906,0.6931471805599453,0,0
evt_333,1944,2055,2055_grp_840,水道局,water,工専課,840,Unknown,non_engineer,2,1906,same_department,1,15,0,0,0,0,0,1,0.6931471805599453,2.772588722239781,0,0
evt_333,1944,2055,2055_grp_840,水道局,water,工専課,840,Unknown,non_engineer,2,1919,different_department,2,1,0,0,0,0,0,0,1.0986122886681098,0.6931471805599453,0,0
evt_333,1944,2055,2055_grp_840,水道局,water,工専課,840,Unknown,non_engineer,2,1989,different_department,1,41,0,0,0,0,0,0,0.6931471805599453,3.7376696182833684,0,0
evt_333,1944,2055,2055_grp_840,水道局,water,工専課,840,Unknown,non_engineer,2,2003,different_department,1,25,0,0,0,0,0,0,0.6931471805599453,3.258096538021482,0,0
evt_333,1944,2055,2055_grp_840,水道局,water,工専課,840,Unknown,non_engineer,2,2033,different_department,4,1,0,0,0,0,0,0,1.6094379124341003,0.6931471805599453,0,0
evt_333,1944,2055,2055_grp_840,水道局,water,工専課,840,Unknown,non_engineer,2,2056,different_department,4,15,0,0,0,0,0,0,1.6094379124341003,2.772588722239781,0,0
evt_333,1944,2055,2055_grp_840,水道局,water,工専課,840,Unknown,non_engineer,2,2071,different_department,8,16,1,0,0,0,0,0,2.1972245773362196,2.833213344056216,0,0
evt_333,1944,2055,2055_grp_840,水道局,water,工専課,840,Unknown,non_engineer,2,2072,different_department,3,1,0,0,0,0,0,0,1.3862943611198906,0.6931471805599453,0,0
evt_333,1944,2055,2055_grp_840,水道局,water,工専課,840,Unknown,non_engineer,2,2109,different_department,4,6,0,0,0,0,0,0,1.6094379124341003,1.9459101490553132,0,0
evt_333,1944,2055,2055_grp_840,水道局,water,工専課,840,Unknown,non_engineer,2,2123,different_department,2,1,0,0,0,0,0,0,1.0986122886681098,0.6931471805599453,0,0
evt_333,1944,2055,2055_grp_840,水道局,water,工専課,840,Unknown,non_engineer,2,2125,different_department,4,7,0,0,0,0,0,0,1.6094379124341003,2.0794415416798357,0,0
evt_333,1944,2055,2055_grp_840,水道局,water,工専課,840,Unknown,non_engineer,2,2143,different_department,1,10,0,0,0,0,0,0,0.6931471805599453,2.3978952727983707,0,0
evt_333,1944,2055,2055_grp_840,水道局,water,工専課,840,Unknown,non_engineer,2,2174,different_department,5,4,0,0,0,0,0,0,1.791759469228055,1.6094379124341003,0,0
evt_333,1944,2055,2055_grp_840,水道局,water,工専課,840,Unknown,non_engineer,2,2183,different_department,7,42,0,0,0,0,0,0,2.0794415416798357,3.7612001156935624,0,0
evt_333,1944,2055,2055_grp_840,水道局,water,工専課,840,Unknown,non_engineer,2,2213,different_department,1,7,0,0,0,0,0,0,0.6931471805599453,2.0794415416798357,0,0
evt_333,1944,2055,2055_grp_840,水道局,water,工専課,840,Unknown,non_engineer,2,2221,different_department,2,1,0,0,0,0,0,0,1.0986122886681098,0.6931471805599453,0,0
evt_333,1944,2055,2055_grp_840,水道局,water,工専課,840,Unknown,non_engineer,2,5764,different_department,3,17,0,0,0,0,0,0,1.3862943611198906,2.8903717578961645,0,0
evt_333,1944,2055,2055_grp_840,水道局,water,工専課,840,Unknown,non_engineer,2,5869,different_department,1,28,0,0,0,0,0,0,0.6931471805599453,3.367295829986474,0,0
evt_333,1944,2055,2055_grp_840,水道局,water,工専課,840,Unknown,non_engineer,2,5908,different_department,2,27,0,0,0,0,0,0,1.0986122886681098,3.332204510175204,0,0
evt_333,1944,2055,2055_grp_840,水道局,water,工専課,840,Unknown,non_engineer,2,6184,different_department,2,24,0,0,0,0,0,0,1.0986122886681098,3.2188758248682006,0,0
evt_333,1944,2055,2055_grp_840,水道局,water,工専課,840,Unknown,non_engineer,2,6233,different_department,1,23,0,0,0,0,0,0,0.6931471805599453,3.1780538303479458,0,0
evt_333,1944,2055,2055_grp_840,水道局,water,工専課,840,Unknown,non_engineer,2,6328,different_department,1,26,0,0,0,0,0,0,0.6931471805599453,3.295836866004329,0,0
evt_333,1944,2055,2055_grp_840,水道局,water,工専課,840,Unknown,non_engineer,2,6337,different_department,4,5,0,0,0,0,0,0,1.6094379124341003,1.791759469228055,0,0
evt_333,1944,2055,2055_grp_840,水道局,water,工専課,840,Unknown,non_engineer,2,6701,different_department,17,12,0,0,0,0,0,0,2.8903717578961645,2.5649493574615367,0,0
evt_333,1944,2055,2055_grp_840,水道局,water,工専課,840,Unknown,non_engineer,2,6791,different_department,2,23,0,0,0,0,0,0,1.0986122886681098,3.1780538303479458,0,0
evt_333,1944,2055,2055_grp_840,水道局,water,工専課,840,Unknown,non_engineer,2,6946,different_department,3,58,0,0,0,0,0,0,1.3862943611198906,4.07753744390572,0,0
evt_333,1944,2055,2055_grp_840,水道局,water,工専課,840,Unknown,non_engineer,2,6953,same_department,4,25,1,0,0,0,0,1,1.6094379124341003,3.258096538021482,0,0
evt_333,1944,2055,2055_grp_840,水道局,water,工専課,840,Unknown,non_engineer,2,7029,different_department,2,26,0,0,0,0,0,0,1.0986122886681098,3.295836866004329,0,0
evt_333,1944,2055,2055_grp_840,水道局,water,工専課,840,Unknown,non_engineer,2,7051,different_department,2,9,0,0,0,0,0,0,1.0986122886681098,2.302585092994046,0,0
evt_333,1944,2055,2055_grp_840,水道局,water,工専課,840,Unknown,non_engineer,2,7191,different_department,1,19,0,0,0,0,0,0,0.6931471805599453,2.995732273553991,0,0
evt_333,1944,2055,2055_grp_840,水道局,water,工専課,840,Unknown,non_engineer,2,7235,different_department,1,23,0,0,0,0,0,0,0.6931471805599453,3.1780538303479458,0,0
evt_333,1944,2055,2055_grp_840,水道局,water,工専課,840,Unknown,non_engineer,2,7461,different_department,1,20,0,0,0,0,0,0,0.6931471805599453,3.044522437723423,0,0
evt_333,1944,2055,2055_grp_840,水道局,water,工専課,840,Unknown,non_engineer,2,7484,different_department,2,29,0,0,0,0,0,0,1.0986122886681098,3.4011973816621555,0,0
evt_333,1944,2055,2055_grp_840,水道局,water,工専課,840,Unknown,non_engineer,2,7492,different_department,1,26,0,0,0,0,0,0,0.6931471805599453,3.295836866004329,0,0
evt_333,1944,2055,2055_grp_840,水道局,water,工専課,840,Unknown,non_engineer,2,7506,different_department,7,93,1,0,0,0,0,0,2.0794415416798357,4.543294782270004,0,0
evt_333,1944,2055,2055_grp_840,水道局,water,工専課,840,Unknown,non_engineer,2,7525,different_department,4,5,0,0,0,0,0,0,1.6094379124341003,1.791759469228055,0,0
evt_333,1944,2055,2055_grp_840,水道局,water,工専課,840,Unknown,non_engineer,2,7748,different_department,4,38,0,0,0,0,0,0,1.6094379124341003,3.6635616461296463,0,0
evt_333,1944,2055,2055_grp_840,水道局,water,工専課,840,Unknown,non_engineer,2,7836,different_department,1,2,0,0,0,0,0,0,0.6931471805599453,1.0986122886681098,0,0
evt_333,1944,2055,2055_grp_840,水道局,water,工専課,840,Unknown,non_engineer,2,7910,different_department,2,30,0,0,0,0,0,0,1.0986122886681098,3.4339872044851463,0,0
evt_333,1944,2055,2055_grp_840,水道局,water,工専課,840,Unknown,non_engineer,2,8164,different_department,2,42,0,0,0,0,0,0,1.0986122886681098,3.7612001156935624,0,0
evt_333,1944,2055,2055_grp_840,水道局,water,工専課,840,Unknown,non_engineer,2,8426,different_department,1,3,0,0,0,0,0,0,0.6931471805599453,1.3862943611198906,0,0
evt_333,1944,2055,2055_grp_840,水道局,water,工専課,840,Unknown,non_engineer,2,8514,different_department,1,2,0,0,0,0,0,0,0.6931471805599453,1.0986122886681098,0,0
evt_333,1944,2055,2055_grp_840,水道局,water,工専課,840,Unknown,non_engineer,2,8594,different_department,1,16,0,0,0,0,0,0,0.6931471805599453,2.833213344056216,0,0
evt_333,1944,2055,2055_grp_840,水道局,water,工専課,840,Unknown,non_engineer,2,8664,different_department,2,8,0,0,0,0,0,0,1.0986122886681098,2.1972245773362196,0,0
evt_333,1944,2055,2055_grp_840,水道局,water,工専課,840,Unknown,non_engineer,2,8882,different_department,1,28,0,0,0,0,0,0,0.6931471805599453,3.367295829986474,0,0
evt_333,1944,2055,2055_grp_840,水道局,water,工専課,840,Unknown,non_engineer,2,8905,different_department,6,14,0,0,0,0,0,0,1.9459101490553132,2.70805020110221,0,0
evt_339,1944,2055,2055_name_missing,港湾局,port,NA,NA,Unknown,non_engineer,2,1449,same_department,12,14,0,0,0,0,0,1,2.5649493574615367,2.70805020110221,0,0
evt_339,1944,2055,2055_name_missing,港湾局,port,NA,NA,Unknown,non_engineer,2,1716,same_department,1,4,1,0,0,0,0,1,0.6931471805599453,1.6094379124341003,0,0
evt_339,1944,2055,2055_name_missing,港湾局,port,NA,NA,Unknown,non_engineer,2,1749,same_department,2,4,0,0,0,0,0,1,1.0986122886681098,1.6094379124341003,0,0
evt_34,1944,1189,1189_name_missing,民生局,welfare,NA,NA,Unknown,non_engineer,2,1130,different_department,7,2,0,0,0,0,0,0,2.0794415416798357,1.0986122886681098,0,0
evt_34,1944,1189,1189_name_missing,民生局,welfare,NA,NA,Unknown,non_engineer,2,1147,different_department,1,3,0,0,0,0,0,0,0.6931471805599453,1.3862943611198906,0,0
evt_34,1944,1189,1189_name_missing,民生局,welfare,NA,NA,Unknown,non_engineer,2,1190,different_department,3,20,1,0,0,0,0,0,1.3862943611198906,3.044522437723423,0,0
evt_34,1944,1189,1189_name_missing,民生局,welfare,NA,NA,Unknown,non_engineer,2,1193,different_department,7,4,0,0,0,0,0,0,2.0794415416798357,1.6094379124341003,0,0
evt_34,1944,1189,1189_name_missing,民生局,welfare,NA,NA,Unknown,non_engineer,2,1225,different_department,1,1,0,0,0,0,0,0,0.6931471805599453,0.6931471805599453,0,0
evt_34,1944,1189,1189_name_missing,民生局,welfare,NA,NA,Unknown,non_engineer,2,1233,different_department,5,7,0,0,0,0,0,0,1.791759469228055,2.0794415416798357,0,0
evt_34,1944,1189,1189_name_missing,民生局,welfare,NA,NA,Unknown,non_engineer,2,1317,different_department,5,10,0,0,0,0,0,0,1.791759469228055,2.3978952727983707,0,0
evt_34,1944,1189,1189_name_missing,民生局,welfare,NA,NA,Unknown,non_engineer,2,1335,different_department,1,25,0,0,0,0,0,0,0.6931471805599453,3.258096538021482,0,0
evt_34,1944,1189,1189_name_missing,民生局,welfare,NA,NA,Unknown,non_engineer,2,1402,different_department,8,2,0,0,0,0,0,0,2.1972245773362196,1.0986122886681098,0,0
evt_34,1944,1189,1189_name_missing,民生局,welfare,NA,NA,Unknown,non_engineer,2,1449,same_department,11,20,0,0,0,0,0,1,2.4849066497880004,3.044522437723423,0,0
evt_34,1944,1189,1189_name_missing,民生局,welfare,NA,NA,Unknown,non_engineer,2,1478,same_department,4,5,0,0,0,0,0,1,1.6094379124341003,1.791759469228055,0,0
evt_34,1944,1189,1189_name_missing,民生局,welfare,NA,NA,Unknown,non_engineer,2,1486,different_department,1,2,0,0,0,0,0,0,0.6931471805599453,1.0986122886681098,0,0
evt_34,1944,1189,1189_name_missing,民生局,welfare,NA,NA,Unknown,non_engineer,2,1490,different_department,1,1,0,0,0,0,0,0,0.6931471805599453,0.6931471805599453,0,0
evt_34,1944,1189,1189_name_missing,民生局,welfare,NA,NA,Unknown,non_engineer,2,1501,different_department,1,9,0,0,0,0,0,0,0.6931471805599453,2.302585092994046,0,0
evt_34,1944,1189,1189_name_missing,民生局,welfare,NA,NA,Unknown,non_engineer,2,1531,different_department,2,1,0,0,0,0,0,0,1.0986122886681098,0.6931471805599453,0,0
evt_34,1944,1189,1189_name_missing,民生局,welfare,NA,NA,Unknown,non_engineer,2,1538,different_department,1,4,0,0,0,0,0,0,0.6931471805599453,1.6094379124341003,0,0
evt_34,1944,1189,1189_name_missing,民生局,welfare,NA,NA,Unknown,non_engineer,2,1555,different_department,3,11,0,0,0,0,0,0,1.3862943611198906,2.4849066497880004,0,0
evt_34,1944,1189,1189_name_missing,民生局,welfare,NA,NA,Unknown,non_engineer,2,1642,same_department,1,15,0,0,0,0,0,1,0.6931471805599453,2.772588722239781,0,0
evt_34,1944,1189,1189_name_missing,民生局,welfare,NA,NA,Unknown,non_engineer,2,1676,different_department,3,16,0,0,0,0,0,0,1.3862943611198906,2.833213344056216,0,0
evt_34,1944,1189,1189_name_missing,民生局,welfare,NA,NA,Unknown,non_engineer,2,1697,same_department,1,2,0,0,0,0,0,1,0.6931471805599453,1.0986122886681098,0,0
evt_34,1944,1189,1189_name_missing,民生局,welfare,NA,NA,Unknown,non_engineer,2,1752,different_department,5,11,0,0,0,0,0,0,1.791759469228055,2.4849066497880004,0,0
evt_34,1944,1189,1189_name_missing,民生局,welfare,NA,NA,Unknown,non_engineer,2,1761,different_department,2,1,0,0,0,0,0,0,1.0986122886681098,0.6931471805599453,0,0
evt_34,1944,1189,1189_name_missing,民生局,welfare,NA,NA,Unknown,non_engineer,2,1787,different_department,2,5,0,0,0,0,0,0,1.0986122886681098,1.791759469228055,0,0
evt_34,1944,1189,1189_name_missing,民生局,welfare,NA,NA,Unknown,non_engineer,2,1794,different_department,7,7,0,0,0,0,0,0,2.0794415416798357,2.0794415416798357,0,0
evt_34,1944,1189,1189_name_missing,民生局,welfare,NA,NA,Unknown,non_engineer,2,1896,same_department,3,1,0,0,0,0,0,1,1.3862943611198906,0.6931471805599453,0,0
evt_34,1944,1189,1189_name_missing,民生局,welfare,NA,NA,Unknown,non_engineer,2,1906,different_department,1,15,0,0,0,0,0,0,0.6931471805599453,2.772588722239781,0,0
evt_34,1944,1189,1189_name_missing,民生局,welfare,NA,NA,Unknown,non_engineer,2,1919,different_department,2,1,0,0,0,0,0,0,1.0986122886681098,0.6931471805599453,0,0
evt_34,1944,1189,1189_name_missing,民生局,welfare,NA,NA,Unknown,non_engineer,2,1989,different_department,1,41,0,0,0,0,0,0,0.6931471805599453,3.7376696182833684,0,0
evt_34,1944,1189,1189_name_missing,民生局,welfare,NA,NA,Unknown,non_engineer,2,2003,different_department,1,25,0,0,0,0,0,0,0.6931471805599453,3.258096538021482,0,0
evt_34,1944,1189,1189_name_missing,民生局,welfare,NA,NA,Unknown,non_engineer,2,2033,same_department,4,1,0,0,0,0,0,1,1.6094379124341003,0.6931471805599453,0,0
evt_34,1944,1189,1189_name_missing,民生局,welfare,NA,NA,Unknown,non_engineer,2,2056,different_department,4,15,0,0,0,0,0,0,1.6094379124341003,2.772588722239781,0,0
evt_34,1944,1189,1189_name_missing,民生局,welfare,NA,NA,Unknown,non_engineer,2,2071,different_department,8,16,0,0,0,0,0,0,2.1972245773362196,2.833213344056216,0,0
evt_34,1944,1189,1189_name_missing,民生局,welfare,NA,NA,Unknown,non_engineer,2,2072,different_department,3,1,0,0,0,0,0,0,1.3862943611198906,0.6931471805599453,0,0
evt_34,1944,1189,1189_name_missing,民生局,welfare,NA,NA,Unknown,non_engineer,2,2109,different_department,4,6,0,0,0,0,0,0,1.6094379124341003,1.9459101490553132,0,0
evt_34,1944,1189,1189_name_missing,民生局,welfare,NA,NA,Unknown,non_engineer,2,2123,different_department,2,1,0,0,0,0,0,0,1.0986122886681098,0.6931471805599453,0,0
evt_34,1944,1189,1189_name_missing,民生局,welfare,NA,NA,Unknown,non_engineer,2,2125,same_department,4,7,0,0,0,0,0,1,1.6094379124341003,2.0794415416798357,0,0
evt_34,1944,1189,1189_name_missing,民生局,welfare,NA,NA,Unknown,non_engineer,2,2138,different_department,6,5,0,0,0,0,0,0,1.9459101490553132,1.791759469228055,0,0
evt_34,1944,1189,1189_name_missing,民生局,welfare,NA,NA,Unknown,non_engineer,2,2143,different_department,1,10,0,0,0,0,0,0,0.6931471805599453,2.3978952727983707,0,0
evt_34,1944,1189,1189_name_missing,民生局,welfare,NA,NA,Unknown,non_engineer,2,2158,different_department,1,1,0,0,0,0,0,0,0.6931471805599453,0.6931471805599453,0,0
evt_34,1944,1189,1189_name_missing,民生局,welfare,NA,NA,Unknown,non_engineer,2,2174,same_department,5,4,0,0,0,0,0,1,1.791759469228055,1.6094379124341003,0,0
evt_34,1944,1189,1189_name_missing,民生局,welfare,NA,NA,Unknown,non_engineer,2,2183,different_department,7,42,0,0,0,0,0,0,2.0794415416798357,3.7612001156935624,0,0
evt_34,1944,1189,1189_name_missing,民生局,welfare,NA,NA,Unknown,non_engineer,2,2213,same_department,1,7,0,0,0,0,0,1,0.6931471805599453,2.0794415416798357,0,0
evt_34,1944,1189,1189_name_missing,民生局,welfare,NA,NA,Unknown,non_engineer,2,2221,different_department,2,1,0,0,0,0,0,0,1.0986122886681098,0.6931471805599453,0,0
evt_34,1944,1189,1189_name_missing,民生局,welfare,NA,NA,Unknown,non_engineer,2,5764,different_department,3,17,0,0,0,0,0,0,1.3862943611198906,2.8903717578961645,0,0
evt_34,1944,1189,1189_name_missing,民生局,welfare,NA,NA,Unknown,non_engineer,2,5869,different_department,1,28,0,0,0,0,0,0,0.6931471805599453,3.367295829986474,0,0
evt_34,1944,1189,1189_name_missing,民生局,welfare,NA,NA,Unknown,non_engineer,2,5908,different_department,2,27,0,0,0,0,0,0,1.0986122886681098,3.332204510175204,0,0
evt_34,1944,1189,1189_name_missing,民生局,welfare,NA,NA,Unknown,non_engineer,2,6184,different_department,2,24,0,0,0,0,0,0,1.0986122886681098,3.2188758248682006,0,0
evt_34,1944,1189,1189_name_missing,民生局,welfare,NA,NA,Unknown,non_engineer,2,6233,different_department,1,23,0,0,0,0,0,0,0.6931471805599453,3.1780538303479458,0,0
evt_34,1944,1189,1189_name_missing,民生局,welfare,NA,NA,Unknown,non_engineer,2,6328,different_department,1,26,1,0,0,0,0,0,0.6931471805599453,3.295836866004329,0,0
evt_34,1944,1189,1189_name_missing,民生局,welfare,NA,NA,Unknown,non_engineer,2,6337,different_department,4,5,0,0,0,0,0,0,1.6094379124341003,1.791759469228055,0,0
evt_34,1944,1189,1189_name_missing,民生局,welfare,NA,NA,Unknown,non_engineer,2,6701,different_department,17,12,0,0,0,0,0,0,2.8903717578961645,2.5649493574615367,0,0
evt_34,1944,1189,1189_name_missing,民生局,welfare,NA,NA,Unknown,non_engineer,2,6791,different_department,2,23,0,0,0,0,0,0,1.0986122886681098,3.1780538303479458,0,0
evt_34,1944,1189,1189_name_missing,民生局,welfare,NA,NA,Unknown,non_engineer,2,6946,different_department,3,58,0,0,0,0,0,0,1.3862943611198906,4.07753744390572,0,0
evt_34,1944,1189,1189_name_missing,民生局,welfare,NA,NA,Unknown,non_engineer,2,6953,different_department,4,25,0,0,0,0,0,0,1.6094379124341003,3.258096538021482,0,0
evt_34,1944,1189,1189_name_missing,民生局,welfare,NA,NA,Unknown,non_engineer,2,7029,different_department,2,26,0,0,0,0,0,0,1.0986122886681098,3.295836866004329,0,0
evt_34,1944,1189,1189_name_missing,民生局,welfare,NA,NA,Unknown,non_engineer,2,7051,different_department,2,9,1,0,0,0,0,0,1.0986122886681098,2.302585092994046,0,0
evt_34,1944,1189,1189_name_missing,民生局,welfare,NA,NA,Unknown,non_engineer,2,7191,different_department,1,19,0,0,0,0,0,0,0.6931471805599453,2.995732273553991,0,0
evt_34,1944,1189,1189_name_missing,民生局,welfare,NA,NA,Unknown,non_engineer,2,7235,different_department,1,23,0,0,0,0,0,0,0.6931471805599453,3.1780538303479458,0,0
evt_34,1944,1189,1189_name_missing,民生局,welfare,NA,NA,Unknown,non_engineer,2,7461,different_department,1,20,0,0,0,0,0,0,0.6931471805599453,3.044522437723423,0,0
evt_34,1944,1189,1189_name_missing,民生局,welfare,NA,NA,Unknown,non_engineer,2,7484,different_department,2,29,0,0,0,0,0,0,1.0986122886681098,3.4011973816621555,0,0
evt_34,1944,1189,1189_name_missing,民生局,welfare,NA,NA,Unknown,non_engineer,2,7492,different_department,1,26,0,0,0,0,0,0,0.6931471805599453,3.295836866004329,0,0
evt_34,1944,1189,1189_name_missing,民生局,welfare,NA,NA,Unknown,non_engineer,2,7506,different_department,7,93,0,0,0,0,0,0,2.0794415416798357,4.543294782270004,0,0
evt_34,1944,1189,1189_name_missing,民生局,welfare,NA,NA,Unknown,non_engineer,2,7525,different_department,4,5,0,0,0,0,0,0,1.6094379124341003,1.791759469228055,0,0
evt_34,1944,1189,1189_name_missing,民生局,welfare,NA,NA,Unknown,non_engineer,2,7748,different_department,4,38,0,0,0,0,0,0,1.6094379124341003,3.6635616461296463,0,0
evt_34,1944,1189,1189_name_missing,民生局,welfare,NA,NA,Unknown,non_engineer,2,7836,different_department,1,2,0,0,0,0,0,0,0.6931471805599453,1.0986122886681098,0,0
evt_34,1944,1189,1189_name_missing,民生局,welfare,NA,NA,Unknown,non_engineer,2,7910,different_department,2,30,0,0,0,0,0,0,1.0986122886681098,3.4339872044851463,0,0
evt_34,1944,1189,1189_name_missing,民生局,welfare,NA,NA,Unknown,non_engineer,2,8164,different_department,2,42,0,0,0,0,0,0,1.0986122886681098,3.7612001156935624,0,0
evt_34,1944,1189,1189_name_missing,民生局,welfare,NA,NA,Unknown,non_engineer,2,8358,different_department,1,9,0,0,0,0,0,0,0.6931471805599453,2.302585092994046,0,0
evt_34,1944,1189,1189_name_missing,民生局,welfare,NA,NA,Unknown,non_engineer,2,8426,different_department,1,3,0,0,0,0,0,0,0.6931471805599453,1.3862943611198906,0,0
evt_34,1944,1189,1189_name_missing,民生局,welfare,NA,NA,Unknown,non_engineer,2,8514,same_department,1,2,0,0,0,0,0,1,0.6931471805599453,1.0986122886681098,0,0
evt_34,1944,1189,1189_name_missing,民生局,welfare,NA,NA,Unknown,non_engineer,2,8594,different_department,1,16,0,0,0,0,0,0,0.6931471805599453,2.833213344056216,0,0
evt_34,1944,1189,1189_name_missing,民生局,welfare,NA,NA,Unknown,non_engineer,2,8664,different_department,2,8,0,0,0,0,0,0,1.0986122886681098,2.1972245773362196,0,0
evt_34,1944,1189,1189_name_missing,民生局,welfare,NA,NA,Unknown,non_engineer,2,8882,different_department,1,28,0,0,0,0,0,0,0.6931471805599453,3.367295829986474,0,0
evt_34,1944,1189,1189_name_missing,民生局,welfare,NA,NA,Unknown,non_engineer,2,8905,different_department,6,14,0,0,0,0,0,0,1.9459101490553132,2.70805020110221,0,0
evt_349,1944,2070,2070_grp_839,経済局,economy,調査室,839,雇,yato,1,1130,different_department,2,2,0,0,0,0,0,0,1.0986122886681098,1.0986122886681098,0,0
evt_349,1944,2070,2070_grp_839,経済局,economy,調査室,839,雇,yato,1,1147,different_department,2,3,0,0,0,0,0,0,1.0986122886681098,1.3862943611198906,0,0
evt_349,1944,2070,2070_grp_839,経済局,economy,調査室,839,雇,yato,1,1190,different_department,10,20,0,0,0,0,0,0,2.3978952727983707,3.044522437723423,0,0
evt_349,1944,2070,2070_grp_839,経済局,economy,調査室,839,雇,yato,1,1225,same_department,1,1,0,0,0,0,0,1,0.6931471805599453,0.6931471805599453,0,0
evt_349,1944,2070,2070_grp_839,経済局,economy,調査室,839,雇,yato,1,1449,different_department,11,20,0,0,0,0,0,0,2.4849066497880004,3.044522437723423,0,0
evt_349,1944,2070,2070_grp_839,経済局,economy,調査室,839,雇,yato,1,1478,different_department,7,5,0,0,0,0,0,0,2.0794415416798357,1.791759469228055,0,0
evt_349,1944,2070,2070_grp_839,経済局,economy,調査室,839,雇,yato,1,1555,different_department,14,11,0,0,0,0,0,0,2.70805020110221,2.4849066497880004,0,0
evt_349,1944,2070,2070_grp_839,経済局,economy,調査室,839,雇,yato,1,1566,different_department,1,3,0,0,0,0,0,0,0.6931471805599453,1.3862943611198906,0,0
evt_349,1944,2070,2070_grp_839,経済局,economy,調査室,839,雇,yato,1,1642,different_department,4,15,0,0,0,0,0,0,1.6094379124341003,2.772588722239781,0,0
evt_349,1944,2070,2070_grp_839,経済局,economy,調査室,839,雇,yato,1,1697,different_department,2,2,0,0,0,0,0,0,1.0986122886681098,1.0986122886681098,0,0
evt_349,1944,2070,2070_grp_839,経済局,economy,調査室,839,雇,yato,1,1752,different_department,7,11,0,0,0,0,0,0,2.0794415416798357,2.4849066497880004,0,0
evt_349,1944,2070,2070_grp_839,経済局,economy,調査室,839,雇,yato,1,1896,different_department,5,1,0,0,0,0,0,0,1.791759469228055,0.6931471805599453,0,0
evt_349,1944,2070,2070_grp_839,経済局,economy,調査室,839,雇,yato,1,1972,different_department,1,13,0,0,0,0,0,0,0.6931471805599453,2.6390573296152584,0,0
evt_349,1944,2070,2070_grp_839,経済局,economy,調査室,839,雇,yato,1,1989,different_department,1,41,0,0,0,0,0,0,0.6931471805599453,3.7376696182833684,0,0
evt_349,1944,2070,2070_grp_839,経済局,economy,調査室,839,雇,yato,1,2051,different_department,3,1,0,0,0,0,0,0,1.3862943611198906,0.6931471805599453,0,0
evt_349,1944,2070,2070_grp_839,経済局,economy,調査室,839,雇,yato,1,2056,different_department,6,15,0,0,0,0,0,0,1.9459101490553132,2.772588722239781,0,0
evt_349,1944,2070,2070_grp_839,経済局,economy,調査室,839,雇,yato,1,2071,different_department,1,16,0,0,0,0,0,0,0.6931471805599453,2.833213344056216,0,0
evt_349,1944,2070,2070_grp_839,経済局,economy,調査室,839,雇,yato,1,2109,different_department,5,6,0,0,0,0,0,0,1.791759469228055,1.9459101490553132,0,0
evt_349,1944,2070,2070_grp_839,経済局,economy,調査室,839,雇,yato,1,2118,different_department,2,16,0,0,0,0,0,0,1.0986122886681098,2.833213344056216,0,0
evt_349,1944,2070,2070_grp_839,経済局,economy,調査室,839,雇,yato,1,2123,different_department,2,1,0,0,0,0,0,0,1.0986122886681098,0.6931471805599453,0,0
evt_349,1944,2070,2070_grp_839,経済局,economy,調査室,839,雇,yato,1,2125,different_department,5,7,0,0,0,0,0,0,1.791759469228055,2.0794415416798357,0,0
evt_349,1944,2070,2070_grp_839,経済局,economy,調査室,839,雇,yato,1,2138,same_department,3,5,0,0,0,0,0,1,1.3862943611198906,1.791759469228055,0,0
evt_349,1944,2070,2070_grp_839,経済局,economy,調査室,839,雇,yato,1,2143,different_department,4,10,0,0,0,0,0,0,1.6094379124341003,2.3978952727983707,0,0
evt_349,1944,2070,2070_grp_839,経済局,economy,調査室,839,雇,yato,1,2158,same_department,3,1,1,0,0,0,0,1,1.3862943611198906,0.6931471805599453,0,0
evt_349,1944,2070,2070_grp_839,経済局,economy,調査室,839,雇,yato,1,2159,same_department,2,4,0,0,0,0,0,1,1.0986122886681098,1.6094379124341003,0,0
evt_349,1944,2070,2070_grp_839,経済局,economy,調査室,839,雇,yato,1,2213,different_department,7,7,0,0,0,0,0,0,2.0794415416798357,2.0794415416798357,0,0
evt_349,1944,2070,2070_grp_839,経済局,economy,調査室,839,雇,yato,1,5869,different_department,3,28,0,0,0,0,0,0,1.3862943611198906,3.367295829986474,0,0
evt_349,1944,2070,2070_grp_839,経済局,economy,調査室,839,雇,yato,1,6328,different_department,5,26,0,0,0,0,0,0,1.791759469228055,3.295836866004329,0,0
evt_349,1944,2070,2070_grp_839,経済局,economy,調査室,839,雇,yato,1,6501,different_department,1,2,0,0,0,0,0,0,0.6931471805599453,1.0986122886681098,0,0
evt_349,1944,2070,2070_grp_839,経済局,economy,調査室,839,雇,yato,1,6641,same_department,1,1,0,0,0,0,0,1,0.6931471805599453,0.6931471805599453,0,0
evt_349,1944,2070,2070_grp_839,経済局,economy,調査室,839,雇,yato,1,6701,different_department,1,12,0,0,0,0,0,0,0.6931471805599453,2.5649493574615367,0,0
evt_349,1944,2070,2070_grp_839,経済局,economy,調査室,839,雇,yato,1,6843,different_department,12,4,0,0,0,0,0,0,2.5649493574615367,1.6094379124341003,0,0
evt_349,1944,2070,2070_grp_839,経済局,economy,調査室,839,雇,yato,1,6844,different_department,1,6,0,0,0,0,0,0,0.6931471805599453,1.9459101490553132,0,0
evt_349,1944,2070,2070_grp_839,経済局,economy,調査室,839,雇,yato,1,6845,different_department,2,16,0,0,0,0,0,0,1.0986122886681098,2.833213344056216,0,0
evt_349,1944,2070,2070_grp_839,経済局,economy,調査室,839,雇,yato,1,7506,different_department,2,93,0,0,0,0,0,0,1.0986122886681098,4.543294782270004,0,0
evt_349,1944,2070,2070_grp_839,経済局,economy,調査室,839,雇,yato,1,7525,different_department,4,5,0,0,0,0,0,0,1.6094379124341003,1.791759469228055,0,0
evt_349,1944,2070,2070_grp_839,経済局,economy,調査室,839,雇,yato,1,7782,different_department,5,32,0,0,0,0,0,0,1.791759469228055,3.4965075614664802,0,0
evt_349,1944,2070,2070_grp_839,経済局,economy,調査室,839,雇,yato,1,8164,different_department,7,9,0,0,0,0,0,0,2.0794415416798357,2.302585092994046,0,0
evt_349,1944,2070,2070_grp_839,経済局,economy,調査室,839,雇,yato,1,8321,different_department,4,7,0,0,0,0,0,0,1.6094379124341003,2.0794415416798357,0,0
evt_349,1944,2070,2070_grp_839,経済局,economy,調査室,839,雇,yato,1,8358,different_department,15,81,0,0,0,0,0,0,2.772588722239781,4.406719247264253,0,0
evt_349,1944,2070,2070_grp_839,経済局,economy,調査室,839,雇,yato,1,8594,different_department,7,16,0,0,0,0,0,0,2.0794415416798357,2.833213344056216,0,0
evt_349,1944,2070,2070_grp_839,経済局,economy,調査室,839,雇,yato,1,8757,different_department,4,7,0,0,0,0,0,0,1.6094379124341003,2.0794415416798357,0,0
evt_349,1944,2070,2070_grp_839,経済局,economy,調査室,839,雇,yato,1,8882,different_department,1,28,0,0,0,0,0,0,0.6931471805599453,3.367295829986474,0,0
evt_349,1944,2070,2070_grp_839,経済局,economy,調査室,839,雇,yato,1,8899,different_department,4,9,0,0,0,0,0,0,1.6094379124341003,2.302585092994046,0,0
evt_349,1944,2070,2070_grp_839,経済局,economy,調査室,839,雇,yato,1,8905,different_department,19,14,0,0,0,0,0,0,2.995732273553991,2.70805020110221,0,0
evt_349,1944,2070,2070_grp_839,経済局,economy,調査室,839,雇,yato,1,8946,different_department,1,29,0,0,0,0,0,0,0.6931471805599453,3.4011973816621555,0,0
evt_349,1944,2070,2070_grp_839,経済局,economy,調査室,839,雇,yato,1,8994,different_department,3,28,0,0,0,0,0,0,1.3862943611198906,3.367295829986474,0,0
evt_349,1944,2070,2070_grp_839,経済局,economy,調査室,839,雇,yato,1,8996,different_department,2,2,0,0,0,0,0,0,1.0986122886681098,1.0986122886681098,0,0
evt_350,1944,2075,2075_name_文書課,長官官房,finance_admin,文書課,NA,Unknown,non_engineer,2,1130,different_department,7,2,0,0,0,0,0,0,2.0794415416798357,1.0986122886681098,0,0
evt_350,1944,2075,2075_name_文書課,長官官房,finance_admin,文書課,NA,Unknown,non_engineer,2,1147,different_department,1,3,0,0,0,0,0,0,0.6931471805599453,1.3862943611198906,0,0
evt_350,1944,2075,2075_name_文書課,長官官房,finance_admin,文書課,NA,Unknown,non_engineer,2,1190,different_department,3,20,0,0,0,0,0,0,1.3862943611198906,3.044522437723423,0,0
evt_350,1944,2075,2075_name_文書課,長官官房,finance_admin,文書課,NA,Unknown,non_engineer,2,1193,different_department,7,4,0,0,0,0,0,0,2.0794415416798357,1.6094379124341003,0,0
evt_350,1944,2075,2075_name_文書課,長官官房,finance_admin,文書課,NA,Unknown,non_engineer,2,1225,different_department,1,1,0,0,0,0,0,0,0.6931471805599453,0.6931471805599453,0,0
evt_350,1944,2075,2075_name_文書課,長官官房,finance_admin,文書課,NA,Unknown,non_engineer,2,1233,different_department,5,7,0,0,0,0,0,0,1.791759469228055,2.0794415416798357,0,0
evt_350,1944,2075,2075_name_文書課,長官官房,finance_admin,文書課,NA,Unknown,non_engineer,2,1317,different_department,5,10,0,0,0,0,0,0,1.791759469228055,2.3978952727983707,0,0
evt_350,1944,2075,2075_name_文書課,長官官房,finance_admin,文書課,NA,Unknown,non_engineer,2,1335,different_department,1,25,0,0,0,0,0,0,0.6931471805599453,3.258096538021482,0,0
evt_350,1944,2075,2075_name_文書課,長官官房,finance_admin,文書課,NA,Unknown,non_engineer,2,1402,different_department,8,2,0,0,0,0,0,0,2.1972245773362196,1.0986122886681098,0,0
evt_350,1944,2075,2075_name_文書課,長官官房,finance_admin,文書課,NA,Unknown,non_engineer,2,1449,different_department,11,20,0,0,0,0,0,0,2.4849066497880004,3.044522437723423,0,0
evt_350,1944,2075,2075_name_文書課,長官官房,finance_admin,文書課,NA,Unknown,non_engineer,2,1478,different_department,4,5,0,0,0,0,0,0,1.6094379124341003,1.791759469228055,0,0
evt_350,1944,2075,2075_name_文書課,長官官房,finance_admin,文書課,NA,Unknown,non_engineer,2,1486,different_department,1,2,0,0,0,0,0,0,0.6931471805599453,1.0986122886681098,0,0
evt_350,1944,2075,2075_name_文書課,長官官房,finance_admin,文書課,NA,Unknown,non_engineer,2,1490,different_department,1,1,0,0,0,0,0,0,0.6931471805599453,0.6931471805599453,0,0
evt_350,1944,2075,2075_name_文書課,長官官房,finance_admin,文書課,NA,Unknown,non_engineer,2,1501,different_department,1,9,0,0,0,0,0,0,0.6931471805599453,2.302585092994046,0,0
evt_350,1944,2075,2075_name_文書課,長官官房,finance_admin,文書課,NA,Unknown,non_engineer,2,1531,different_department,2,1,0,0,0,0,0,0,1.0986122886681098,0.6931471805599453,0,0
evt_350,1944,2075,2075_name_文書課,長官官房,finance_admin,文書課,NA,Unknown,non_engineer,2,1538,different_department,1,4,0,0,0,0,0,0,0.6931471805599453,1.6094379124341003,0,0
evt_350,1944,2075,2075_name_文書課,長官官房,finance_admin,文書課,NA,Unknown,non_engineer,2,1555,different_department,3,11,0,0,0,0,0,0,1.3862943611198906,2.4849066497880004,0,0
evt_350,1944,2075,2075_name_文書課,長官官房,finance_admin,文書課,NA,Unknown,non_engineer,2,1642,different_department,1,15,0,0,0,0,0,0,0.6931471805599453,2.772588722239781,0,0
evt_350,1944,2075,2075_name_文書課,長官官房,finance_admin,文書課,NA,Unknown,non_engineer,2,1676,different_department,3,16,0,0,0,0,0,0,1.3862943611198906,2.833213344056216,0,0
evt_350,1944,2075,2075_name_文書課,長官官房,finance_admin,文書課,NA,Unknown,non_engineer,2,1697,different_department,1,2,0,0,0,0,0,0,0.6931471805599453,1.0986122886681098,0,0
evt_350,1944,2075,2075_name_文書課,長官官房,finance_admin,文書課,NA,Unknown,non_engineer,2,1752,different_department,5,11,0,0,0,0,0,0,1.791759469228055,2.4849066497880004,0,0
evt_350,1944,2075,2075_name_文書課,長官官房,finance_admin,文書課,NA,Unknown,non_engineer,2,1761,different_department,2,1,0,0,0,0,0,0,1.0986122886681098,0.6931471805599453,0,0
evt_350,1944,2075,2075_name_文書課,長官官房,finance_admin,文書課,NA,Unknown,non_engineer,2,1787,different_department,2,5,0,0,0,0,0,0,1.0986122886681098,1.791759469228055,0,0
evt_350,1944,2075,2075_name_文書課,長官官房,finance_admin,文書課,NA,Unknown,non_engineer,2,1794,different_department,7,7,0,0,0,0,0,0,2.0794415416798357,2.0794415416798357,0,0
evt_350,1944,2075,2075_name_文書課,長官官房,finance_admin,文書課,NA,Unknown,non_engineer,2,1896,different_department,3,1,0,0,0,0,0,0,1.3862943611198906,0.6931471805599453,0,0
evt_350,1944,2075,2075_name_文書課,長官官房,finance_admin,文書課,NA,Unknown,non_engineer,2,1906,different_department,1,15,0,0,0,0,0,0,0.6931471805599453,2.772588722239781,0,0
evt_350,1944,2075,2075_name_文書課,長官官房,finance_admin,文書課,NA,Unknown,non_engineer,2,1919,different_department,2,1,0,0,0,0,0,0,1.0986122886681098,0.6931471805599453,0,0
evt_350,1944,2075,2075_name_文書課,長官官房,finance_admin,文書課,NA,Unknown,non_engineer,2,1989,different_department,1,41,0,0,0,0,0,0,0.6931471805599453,3.7376696182833684,0,0
evt_350,1944,2075,2075_name_文書課,長官官房,finance_admin,文書課,NA,Unknown,non_engineer,2,2003,different_department,1,25,0,0,0,0,0,0,0.6931471805599453,3.258096538021482,0,0
evt_350,1944,2075,2075_name_文書課,長官官房,finance_admin,文書課,NA,Unknown,non_engineer,2,2033,different_department,4,1,0,0,0,0,0,0,1.6094379124341003,0.6931471805599453,0,0
evt_350,1944,2075,2075_name_文書課,長官官房,finance_admin,文書課,NA,Unknown,non_engineer,2,2056,different_department,4,15,0,0,0,0,0,0,1.6094379124341003,2.772588722239781,0,0
evt_350,1944,2075,2075_name_文書課,長官官房,finance_admin,文書課,NA,Unknown,non_engineer,2,2071,different_department,8,16,0,0,0,0,0,0,2.1972245773362196,2.833213344056216,0,0
evt_350,1944,2075,2075_name_文書課,長官官房,finance_admin,文書課,NA,Unknown,non_engineer,2,2072,different_department,3,1,1,0,0,0,0,0,1.3862943611198906,0.6931471805599453,0,0
evt_350,1944,2075,2075_name_文書課,長官官房,finance_admin,文書課,NA,Unknown,non_engineer,2,2109,different_department,4,6,0,0,0,0,0,0,1.6094379124341003,1.9459101490553132,0,0
evt_350,1944,2075,2075_name_文書課,長官官房,finance_admin,文書課,NA,Unknown,non_engineer,2,2123,different_department,2,1,0,0,0,0,0,0,1.0986122886681098,0.6931471805599453,0,0
evt_350,1944,2075,2075_name_文書課,長官官房,finance_admin,文書課,NA,Unknown,non_engineer,2,2125,different_department,4,7,0,0,0,0,0,0,1.6094379124341003,2.0794415416798357,0,0
evt_350,1944,2075,2075_name_文書課,長官官房,finance_admin,文書課,NA,Unknown,non_engineer,2,2138,different_department,6,5,0,0,0,0,0,0,1.9459101490553132,1.791759469228055,0,0
evt_350,1944,2075,2075_name_文書課,長官官房,finance_admin,文書課,NA,Unknown,non_engineer,2,2143,different_department,1,10,0,0,0,0,0,0,0.6931471805599453,2.3978952727983707,0,0
evt_350,1944,2075,2075_name_文書課,長官官房,finance_admin,文書課,NA,Unknown,non_engineer,2,2158,different_department,1,1,0,0,0,0,0,0,0.6931471805599453,0.6931471805599453,0,0
evt_350,1944,2075,2075_name_文書課,長官官房,finance_admin,文書課,NA,Unknown,non_engineer,2,2174,different_department,5,4,0,0,0,0,0,0,1.791759469228055,1.6094379124341003,0,0
evt_350,1944,2075,2075_name_文書課,長官官房,finance_admin,文書課,NA,Unknown,non_engineer,2,2183,different_department,7,42,0,0,0,0,0,0,2.0794415416798357,3.7612001156935624,0,0
evt_350,1944,2075,2075_name_文書課,長官官房,finance_admin,文書課,NA,Unknown,non_engineer,2,2213,different_department,1,7,0,0,0,0,0,0,0.6931471805599453,2.0794415416798357,0,0
evt_350,1944,2075,2075_name_文書課,長官官房,finance_admin,文書課,NA,Unknown,non_engineer,2,2221,different_department,2,1,0,0,0,0,0,0,1.0986122886681098,0.6931471805599453,0,0
evt_350,1944,2075,2075_name_文書課,長官官房,finance_admin,文書課,NA,Unknown,non_engineer,2,5764,different_department,3,17,0,0,0,0,0,0,1.3862943611198906,2.8903717578961645,0,0
evt_350,1944,2075,2075_name_文書課,長官官房,finance_admin,文書課,NA,Unknown,non_engineer,2,5869,different_department,1,28,0,0,0,0,0,0,0.6931471805599453,3.367295829986474,0,0
evt_350,1944,2075,2075_name_文書課,長官官房,finance_admin,文書課,NA,Unknown,non_engineer,2,5908,different_department,2,27,0,0,0,0,0,0,1.0986122886681098,3.332204510175204,0,0
evt_350,1944,2075,2075_name_文書課,長官官房,finance_admin,文書課,NA,Unknown,non_engineer,2,6184,different_department,2,24,0,0,0,0,0,0,1.0986122886681098,3.2188758248682006,0,0
evt_350,1944,2075,2075_name_文書課,長官官房,finance_admin,文書課,NA,Unknown,non_engineer,2,6233,different_department,1,23,0,0,0,0,0,0,0.6931471805599453,3.1780538303479458,0,0
evt_350,1944,2075,2075_name_文書課,長官官房,finance_admin,文書課,NA,Unknown,non_engineer,2,6328,different_department,1,26,0,0,0,0,0,0,0.6931471805599453,3.295836866004329,0,0
evt_350,1944,2075,2075_name_文書課,長官官房,finance_admin,文書課,NA,Unknown,non_engineer,2,6337,different_department,4,5,0,0,0,0,0,0,1.6094379124341003,1.791759469228055,0,0
evt_350,1944,2075,2075_name_文書課,長官官房,finance_admin,文書課,NA,Unknown,non_engineer,2,6701,different_department,17,12,0,0,0,0,0,0,2.8903717578961645,2.5649493574615367,0,0
evt_350,1944,2075,2075_name_文書課,長官官房,finance_admin,文書課,NA,Unknown,non_engineer,2,6791,different_department,2,23,0,0,0,0,0,0,1.0986122886681098,3.1780538303479458,0,0
evt_350,1944,2075,2075_name_文書課,長官官房,finance_admin,文書課,NA,Unknown,non_engineer,2,6946,different_department,3,58,0,0,0,0,0,0,1.3862943611198906,4.07753744390572,0,0
evt_350,1944,2075,2075_name_文書課,長官官房,finance_admin,文書課,NA,Unknown,non_engineer,2,6953,different_department,4,25,0,0,0,0,0,0,1.6094379124341003,3.258096538021482,0,0
evt_350,1944,2075,2075_name_文書課,長官官房,finance_admin,文書課,NA,Unknown,non_engineer,2,7029,different_department,2,26,0,0,0,0,0,0,1.0986122886681098,3.295836866004329,0,0
evt_350,1944,2075,2075_name_文書課,長官官房,finance_admin,文書課,NA,Unknown,non_engineer,2,7051,different_department,2,9,0,0,0,0,0,0,1.0986122886681098,2.302585092994046,0,0
evt_350,1944,2075,2075_name_文書課,長官官房,finance_admin,文書課,NA,Unknown,non_engineer,2,7191,different_department,1,19,0,0,0,0,0,0,0.6931471805599453,2.995732273553991,0,0
evt_350,1944,2075,2075_name_文書課,長官官房,finance_admin,文書課,NA,Unknown,non_engineer,2,7235,different_department,1,23,0,0,0,0,0,0,0.6931471805599453,3.1780538303479458,0,0
evt_350,1944,2075,2075_name_文書課,長官官房,finance_admin,文書課,NA,Unknown,non_engineer,2,7461,different_department,1,20,0,0,0,0,0,0,0.6931471805599453,3.044522437723423,0,0
evt_350,1944,2075,2075_name_文書課,長官官房,finance_admin,文書課,NA,Unknown,non_engineer,2,7484,different_department,2,29,0,0,0,0,0,0,1.0986122886681098,3.4011973816621555,0,0
evt_350,1944,2075,2075_name_文書課,長官官房,finance_admin,文書課,NA,Unknown,non_engineer,2,7492,different_department,1,26,0,0,0,0,0,0,0.6931471805599453,3.295836866004329,0,0
evt_350,1944,2075,2075_name_文書課,長官官房,finance_admin,文書課,NA,Unknown,non_engineer,2,7506,different_department,7,93,0,0,0,0,0,0,2.0794415416798357,4.543294782270004,0,0
evt_350,1944,2075,2075_name_文書課,長官官房,finance_admin,文書課,NA,Unknown,non_engineer,2,7525,different_department,4,5,0,0,0,0,0,0,1.6094379124341003,1.791759469228055,0,0
evt_350,1944,2075,2075_name_文書課,長官官房,finance_admin,文書課,NA,Unknown,non_engineer,2,7748,different_department,4,38,0,0,0,0,0,0,1.6094379124341003,3.6635616461296463,0,0
evt_350,1944,2075,2075_name_文書課,長官官房,finance_admin,文書課,NA,Unknown,non_engineer,2,7836,different_department,1,2,0,0,0,0,0,0,0.6931471805599453,1.0986122886681098,0,0
evt_350,1944,2075,2075_name_文書課,長官官房,finance_admin,文書課,NA,Unknown,non_engineer,2,7910,different_department,2,30,0,0,0,0,0,0,1.0986122886681098,3.4339872044851463,0,0
evt_350,1944,2075,2075_name_文書課,長官官房,finance_admin,文書課,NA,Unknown,non_engineer,2,8164,different_department,2,42,0,0,0,0,0,0,1.0986122886681098,3.7612001156935624,0,0
evt_350,1944,2075,2075_name_文書課,長官官房,finance_admin,文書課,NA,Unknown,non_engineer,2,8358,different_department,1,9,0,0,0,0,0,0,0.6931471805599453,2.302585092994046,0,0
evt_350,1944,2075,2075_name_文書課,長官官房,finance_admin,文書課,NA,Unknown,non_engineer,2,8426,different_department,1,3,0,0,0,0,0,0,0.6931471805599453,1.3862943611198906,0,0
evt_350,1944,2075,2075_name_文書課,長官官房,finance_admin,文書課,NA,Unknown,non_engineer,2,8514,different_department,1,2,0,0,0,0,0,0,0.6931471805599453,1.0986122886681098,0,0
evt_350,1944,2075,2075_name_文書課,長官官房,finance_admin,文書課,NA,Unknown,non_engineer,2,8594,different_department,1,16,0,0,0,0,0,0,0.6931471805599453,2.833213344056216,0,0
evt_350,1944,2075,2075_name_文書課,長官官房,finance_admin,文書課,NA,Unknown,non_engineer,2,8664,different_department,2,8,0,0,0,0,0,0,1.0986122886681098,2.1972245773362196,0,0
evt_350,1944,2075,2075_name_文書課,長官官房,finance_admin,文書課,NA,Unknown,non_engineer,2,8882,different_department,1,28,0,0,0,0,0,0,0.6931471805599453,3.367295829986474,0,0
evt_350,1944,2075,2075_name_文書課,長官官房,finance_admin,文書課,NA,Unknown,non_engineer,2,8905,different_department,6,14,0,0,0,0,0,0,1.9459101490553132,2.70805020110221,0,0
evt_372,1944,2173,2173_name_防疫課,民生局,welfare,防疫課,NA,Unknown,non_engineer,2,1130,different_department,7,2,0,0,0,0,0,0,2.0794415416798357,1.0986122886681098,1,0
evt_372,1944,2173,2173_name_防疫課,民生局,welfare,防疫課,NA,Unknown,non_engineer,2,1147,different_department,1,3,0,0,0,0,0,0,0.6931471805599453,1.3862943611198906,1,0
evt_372,1944,2173,2173_name_防疫課,民生局,welfare,防疫課,NA,Unknown,non_engineer,2,1190,different_department,3,20,0,0,0,0,0,0,1.3862943611198906,3.044522437723423,1,0
evt_372,1944,2173,2173_name_防疫課,民生局,welfare,防疫課,NA,Unknown,non_engineer,2,1193,different_department,7,4,0,0,0,0,0,0,2.0794415416798357,1.6094379124341003,1,0
evt_372,1944,2173,2173_name_防疫課,民生局,welfare,防疫課,NA,Unknown,non_engineer,2,1225,different_department,1,1,0,0,0,0,0,0,0.6931471805599453,0.6931471805599453,1,0
evt_372,1944,2173,2173_name_防疫課,民生局,welfare,防疫課,NA,Unknown,non_engineer,2,1233,different_department,5,7,0,0,0,0,0,0,1.791759469228055,2.0794415416798357,1,0
evt_372,1944,2173,2173_name_防疫課,民生局,welfare,防疫課,NA,Unknown,non_engineer,2,1317,different_department,5,10,0,0,0,0,0,0,1.791759469228055,2.3978952727983707,1,0
evt_372,1944,2173,2173_name_防疫課,民生局,welfare,防疫課,NA,Unknown,non_engineer,2,1335,different_department,1,25,0,0,0,0,0,0,0.6931471805599453,3.258096538021482,1,0
evt_372,1944,2173,2173_name_防疫課,民生局,welfare,防疫課,NA,Unknown,non_engineer,2,1402,different_department,8,2,0,0,0,0,0,0,2.1972245773362196,1.0986122886681098,1,0
evt_372,1944,2173,2173_name_防疫課,民生局,welfare,防疫課,NA,Unknown,non_engineer,2,1449,same_department,11,20,0,0,0,0,0,1,2.4849066497880004,3.044522437723423,1,0
evt_372,1944,2173,2173_name_防疫課,民生局,welfare,防疫課,NA,Unknown,non_engineer,2,1478,same_department,4,5,0,0,0,0,0,1,1.6094379124341003,1.791759469228055,1,0
evt_372,1944,2173,2173_name_防疫課,民生局,welfare,防疫課,NA,Unknown,non_engineer,2,1486,different_department,1,2,0,0,0,0,0,0,0.6931471805599453,1.0986122886681098,1,0
evt_372,1944,2173,2173_name_防疫課,民生局,welfare,防疫課,NA,Unknown,non_engineer,2,1490,different_department,1,1,0,0,0,0,0,0,0.6931471805599453,0.6931471805599453,1,0
evt_372,1944,2173,2173_name_防疫課,民生局,welfare,防疫課,NA,Unknown,non_engineer,2,1501,different_department,1,9,0,0,0,0,0,0,0.6931471805599453,2.302585092994046,1,0
evt_372,1944,2173,2173_name_防疫課,民生局,welfare,防疫課,NA,Unknown,non_engineer,2,1531,different_department,2,1,0,0,0,0,0,0,1.0986122886681098,0.6931471805599453,1,0
evt_372,1944,2173,2173_name_防疫課,民生局,welfare,防疫課,NA,Unknown,non_engineer,2,1538,different_department,1,4,0,0,0,0,0,0,0.6931471805599453,1.6094379124341003,1,0
evt_372,1944,2173,2173_name_防疫課,民生局,welfare,防疫課,NA,Unknown,non_engineer,2,1555,different_department,3,11,0,0,0,0,0,0,1.3862943611198906,2.4849066497880004,1,0
evt_372,1944,2173,2173_name_防疫課,民生局,welfare,防疫課,NA,Unknown,non_engineer,2,1642,same_department,1,15,0,0,0,0,0,1,0.6931471805599453,2.772588722239781,1,0
evt_372,1944,2173,2173_name_防疫課,民生局,welfare,防疫課,NA,Unknown,non_engineer,2,1676,different_department,3,16,0,0,0,0,0,0,1.3862943611198906,2.833213344056216,1,0
evt_372,1944,2173,2173_name_防疫課,民生局,welfare,防疫課,NA,Unknown,non_engineer,2,1697,same_department,1,2,0,0,0,0,0,1,0.6931471805599453,1.0986122886681098,1,0
evt_372,1944,2173,2173_name_防疫課,民生局,welfare,防疫課,NA,Unknown,non_engineer,2,1752,different_department,5,11,0,0,0,0,0,0,1.791759469228055,2.4849066497880004,1,0
evt_372,1944,2173,2173_name_防疫課,民生局,welfare,防疫課,NA,Unknown,non_engineer,2,1761,different_department,2,1,0,0,0,0,0,0,1.0986122886681098,0.6931471805599453,1,0
evt_372,1944,2173,2173_name_防疫課,民生局,welfare,防疫課,NA,Unknown,non_engineer,2,1787,different_department,2,5,0,0,0,0,0,0,1.0986122886681098,1.791759469228055,1,0
evt_372,1944,2173,2173_name_防疫課,民生局,welfare,防疫課,NA,Unknown,non_engineer,2,1794,different_department,7,7,0,0,0,0,0,0,2.0794415416798357,2.0794415416798357,1,0
evt_372,1944,2173,2173_name_防疫課,民生局,welfare,防疫課,NA,Unknown,non_engineer,2,1896,same_department,3,1,0,0,0,0,0,1,1.3862943611198906,0.6931471805599453,1,0
evt_372,1944,2173,2173_name_防疫課,民生局,welfare,防疫課,NA,Unknown,non_engineer,2,1906,different_department,1,15,0,0,0,0,0,0,0.6931471805599453,2.772588722239781,1,0
evt_372,1944,2173,2173_name_防疫課,民生局,welfare,防疫課,NA,Unknown,non_engineer,2,1919,different_department,2,1,0,0,0,0,0,0,1.0986122886681098,0.6931471805599453,1,0
evt_372,1944,2173,2173_name_防疫課,民生局,welfare,防疫課,NA,Unknown,non_engineer,2,1989,different_department,1,41,0,0,0,0,0,0,0.6931471805599453,3.7376696182833684,1,0
evt_372,1944,2173,2173_name_防疫課,民生局,welfare,防疫課,NA,Unknown,non_engineer,2,2003,different_department,1,25,0,0,0,0,0,0,0.6931471805599453,3.258096538021482,1,0
evt_372,1944,2173,2173_name_防疫課,民生局,welfare,防疫課,NA,Unknown,non_engineer,2,2033,same_department,4,1,0,0,0,0,0,1,1.6094379124341003,0.6931471805599453,1,0
evt_372,1944,2173,2173_name_防疫課,民生局,welfare,防疫課,NA,Unknown,non_engineer,2,2056,different_department,4,15,0,0,0,0,0,0,1.6094379124341003,2.772588722239781,1,0
evt_372,1944,2173,2173_name_防疫課,民生局,welfare,防疫課,NA,Unknown,non_engineer,2,2071,different_department,8,16,0,0,0,0,0,0,2.1972245773362196,2.833213344056216,1,0
evt_372,1944,2173,2173_name_防疫課,民生局,welfare,防疫課,NA,Unknown,non_engineer,2,2072,different_department,3,1,0,0,0,0,0,0,1.3862943611198906,0.6931471805599453,1,0
evt_372,1944,2173,2173_name_防疫課,民生局,welfare,防疫課,NA,Unknown,non_engineer,2,2109,different_department,4,6,0,0,0,0,0,0,1.6094379124341003,1.9459101490553132,1,0
evt_372,1944,2173,2173_name_防疫課,民生局,welfare,防疫課,NA,Unknown,non_engineer,2,2123,different_department,2,1,0,0,0,0,0,0,1.0986122886681098,0.6931471805599453,1,0
evt_372,1944,2173,2173_name_防疫課,民生局,welfare,防疫課,NA,Unknown,non_engineer,2,2125,same_department,4,7,0,0,0,0,0,1,1.6094379124341003,2.0794415416798357,1,0
evt_372,1944,2173,2173_name_防疫課,民生局,welfare,防疫課,NA,Unknown,non_engineer,2,2138,different_department,6,5,0,0,0,0,0,0,1.9459101490553132,1.791759469228055,1,0
evt_372,1944,2173,2173_name_防疫課,民生局,welfare,防疫課,NA,Unknown,non_engineer,2,2143,different_department,1,10,0,0,0,0,0,0,0.6931471805599453,2.3978952727983707,1,0
evt_372,1944,2173,2173_name_防疫課,民生局,welfare,防疫課,NA,Unknown,non_engineer,2,2158,different_department,1,1,0,0,0,0,0,0,0.6931471805599453,0.6931471805599453,1,0
evt_372,1944,2173,2173_name_防疫課,民生局,welfare,防疫課,NA,Unknown,non_engineer,2,2174,same_section,5,4,0,0,0,0,1,0,1.791759469228055,1.6094379124341003,1,0
evt_372,1944,2173,2173_name_防疫課,民生局,welfare,防疫課,NA,Unknown,non_engineer,2,2183,different_department,7,42,0,0,0,0,0,0,2.0794415416798357,3.7612001156935624,1,0
evt_372,1944,2173,2173_name_防疫課,民生局,welfare,防疫課,NA,Unknown,non_engineer,2,2213,same_department,1,7,0,0,0,0,0,1,0.6931471805599453,2.0794415416798357,1,0
evt_372,1944,2173,2173_name_防疫課,民生局,welfare,防疫課,NA,Unknown,non_engineer,2,2221,different_department,2,1,0,0,0,0,0,0,1.0986122886681098,0.6931471805599453,1,0
evt_372,1944,2173,2173_name_防疫課,民生局,welfare,防疫課,NA,Unknown,non_engineer,2,5764,different_department,3,17,0,0,0,0,0,0,1.3862943611198906,2.8903717578961645,1,0
evt_372,1944,2173,2173_name_防疫課,民生局,welfare,防疫課,NA,Unknown,non_engineer,2,5869,different_department,1,28,0,0,0,0,0,0,0.6931471805599453,3.367295829986474,1,0
evt_372,1944,2173,2173_name_防疫課,民生局,welfare,防疫課,NA,Unknown,non_engineer,2,5908,different_department,2,27,0,0,0,0,0,0,1.0986122886681098,3.332204510175204,1,0
evt_372,1944,2173,2173_name_防疫課,民生局,welfare,防疫課,NA,Unknown,non_engineer,2,6184,different_department,2,24,0,0,0,0,0,0,1.0986122886681098,3.2188758248682006,1,0
evt_372,1944,2173,2173_name_防疫課,民生局,welfare,防疫課,NA,Unknown,non_engineer,2,6233,different_department,1,23,0,0,0,0,0,0,0.6931471805599453,3.1780538303479458,1,0
evt_372,1944,2173,2173_name_防疫課,民生局,welfare,防疫課,NA,Unknown,non_engineer,2,6328,different_department,1,26,0,0,0,0,0,0,0.6931471805599453,3.295836866004329,1,0
evt_372,1944,2173,2173_name_防疫課,民生局,welfare,防疫課,NA,Unknown,non_engineer,2,6337,different_department,4,5,0,0,0,0,0,0,1.6094379124341003,1.791759469228055,1,0
evt_372,1944,2173,2173_name_防疫課,民生局,welfare,防疫課,NA,Unknown,non_engineer,2,6701,different_department,17,12,0,0,0,0,0,0,2.8903717578961645,2.5649493574615367,1,0
evt_372,1944,2173,2173_name_防疫課,民生局,welfare,防疫課,NA,Unknown,non_engineer,2,6791,different_department,2,23,0,0,0,0,0,0,1.0986122886681098,3.1780538303479458,1,0
evt_372,1944,2173,2173_name_防疫課,民生局,welfare,防疫課,NA,Unknown,non_engineer,2,6946,different_department,3,58,0,0,0,0,0,0,1.3862943611198906,4.07753744390572,1,0
evt_372,1944,2173,2173_name_防疫課,民生局,welfare,防疫課,NA,Unknown,non_engineer,2,6953,different_department,4,25,0,0,0,0,0,0,1.6094379124341003,3.258096538021482,1,0
evt_372,1944,2173,2173_name_防疫課,民生局,welfare,防疫課,NA,Unknown,non_engineer,2,7029,different_department,2,26,0,0,0,0,0,0,1.0986122886681098,3.295836866004329,1,0
evt_372,1944,2173,2173_name_防疫課,民生局,welfare,防疫課,NA,Unknown,non_engineer,2,7051,different_department,2,9,0,0,0,0,0,0,1.0986122886681098,2.302585092994046,1,0
evt_372,1944,2173,2173_name_防疫課,民生局,welfare,防疫課,NA,Unknown,non_engineer,2,7191,different_department,1,19,0,0,0,0,0,0,0.6931471805599453,2.995732273553991,1,0
evt_372,1944,2173,2173_name_防疫課,民生局,welfare,防疫課,NA,Unknown,non_engineer,2,7235,different_department,1,23,0,0,0,0,0,0,0.6931471805599453,3.1780538303479458,1,0
evt_372,1944,2173,2173_name_防疫課,民生局,welfare,防疫課,NA,Unknown,non_engineer,2,7461,different_department,1,20,0,0,0,0,0,0,0.6931471805599453,3.044522437723423,1,0
evt_372,1944,2173,2173_name_防疫課,民生局,welfare,防疫課,NA,Unknown,non_engineer,2,7484,different_department,2,29,0,0,0,0,0,0,1.0986122886681098,3.4011973816621555,1,0
evt_372,1944,2173,2173_name_防疫課,民生局,welfare,防疫課,NA,Unknown,non_engineer,2,7492,different_department,1,26,0,0,0,0,0,0,0.6931471805599453,3.295836866004329,1,0
evt_372,1944,2173,2173_name_防疫課,民生局,welfare,防疫課,NA,Unknown,non_engineer,2,7506,different_department,7,93,0,0,0,0,0,0,2.0794415416798357,4.543294782270004,1,0
evt_372,1944,2173,2173_name_防疫課,民生局,welfare,防疫課,NA,Unknown,non_engineer,2,7525,different_department,4,5,0,0,0,0,0,0,1.6094379124341003,1.791759469228055,1,0
evt_372,1944,2173,2173_name_防疫課,民生局,welfare,防疫課,NA,Unknown,non_engineer,2,7748,different_department,4,38,0,0,0,0,0,0,1.6094379124341003,3.6635616461296463,1,0
evt_372,1944,2173,2173_name_防疫課,民生局,welfare,防疫課,NA,Unknown,non_engineer,2,7836,different_department,1,2,0,0,0,0,0,0,0.6931471805599453,1.0986122886681098,1,0
evt_372,1944,2173,2173_name_防疫課,民生局,welfare,防疫課,NA,Unknown,non_engineer,2,7910,different_department,2,30,0,0,0,0,0,0,1.0986122886681098,3.4339872044851463,1,0
evt_372,1944,2173,2173_name_防疫課,民生局,welfare,防疫課,NA,Unknown,non_engineer,2,8164,different_department,2,42,0,0,0,0,0,0,1.0986122886681098,3.7612001156935624,1,0
evt_372,1944,2173,2173_name_防疫課,民生局,welfare,防疫課,NA,Unknown,non_engineer,2,8358,different_department,1,9,1,0,0,0,0,0,0.6931471805599453,2.302585092994046,1,0
evt_372,1944,2173,2173_name_防疫課,民生局,welfare,防疫課,NA,Unknown,non_engineer,2,8426,different_department,1,3,0,0,0,0,0,0,0.6931471805599453,1.3862943611198906,1,0
evt_372,1944,2173,2173_name_防疫課,民生局,welfare,防疫課,NA,Unknown,non_engineer,2,8514,same_department,1,2,0,0,0,0,0,1,0.6931471805599453,1.0986122886681098,1,0
evt_372,1944,2173,2173_name_防疫課,民生局,welfare,防疫課,NA,Unknown,non_engineer,2,8594,different_department,1,16,0,0,0,0,0,0,0.6931471805599453,2.833213344056216,1,0
evt_372,1944,2173,2173_name_防疫課,民生局,welfare,防疫課,NA,Unknown,non_engineer,2,8664,different_department,2,8,0,0,0,0,0,0,1.0986122886681098,2.1972245773362196,1,0
evt_372,1944,2173,2173_name_防疫課,民生局,welfare,防疫課,NA,Unknown,non_engineer,2,8882,different_department,1,28,0,0,0,0,0,0,0.6931471805599453,3.367295829986474,1,0
evt_372,1944,2173,2173_name_防疫課,民生局,welfare,防疫課,NA,Unknown,non_engineer,2,8905,different_department,6,14,0,0,0,0,0,0,1.9459101490553132,2.70805020110221,1,0
evt_380,1944,2189,2189_grp_457,交通局,transport,電気課,457,Unknown,non_engineer,2,1130,different_department,7,2,0,0,0,0,0,0,2.0794415416798357,1.0986122886681098,0,0
evt_380,1944,2189,2189_grp_457,交通局,transport,電気課,457,Unknown,non_engineer,2,1147,same_department,1,3,0,0,0,0,0,1,0.6931471805599453,1.3862943611198906,0,0
evt_380,1944,2189,2189_grp_457,交通局,transport,電気課,457,Unknown,non_engineer,2,1190,same_department,3,20,0,0,0,0,0,1,1.3862943611198906,3.044522437723423,0,0
evt_380,1944,2189,2189_grp_457,交通局,transport,電気課,457,Unknown,non_engineer,2,1193,same_department,7,4,1,0,0,0,0,1,2.0794415416798357,1.6094379124341003,0,0
evt_380,1944,2189,2189_grp_457,交通局,transport,電気課,457,Unknown,non_engineer,2,1225,different_department,1,1,0,0,0,0,0,0,0.6931471805599453,0.6931471805599453,0,0
evt_380,1944,2189,2189_grp_457,交通局,transport,電気課,457,Unknown,non_engineer,2,1233,same_department,5,7,0,0,0,0,0,1,1.791759469228055,2.0794415416798357,0,0
evt_380,1944,2189,2189_grp_457,交通局,transport,電気課,457,Unknown,non_engineer,2,1317,different_department,5,10,0,0,0,0,0,0,1.791759469228055,2.3978952727983707,0,0
evt_380,1944,2189,2189_grp_457,交通局,transport,電気課,457,Unknown,non_engineer,2,1335,different_department,1,25,0,0,0,0,0,0,0.6931471805599453,3.258096538021482,0,0
evt_380,1944,2189,2189_grp_457,交通局,transport,電気課,457,Unknown,non_engineer,2,1402,different_department,8,2,0,0,0,0,0,0,2.1972245773362196,1.0986122886681098,0,0
evt_380,1944,2189,2189_grp_457,交通局,transport,電気課,457,Unknown,non_engineer,2,1449,different_department,11,20,0,0,0,0,0,0,2.4849066497880004,3.044522437723423,0,0
evt_380,1944,2189,2189_grp_457,交通局,transport,電気課,457,Unknown,non_engineer,2,1478,different_department,4,5,0,0,0,0,0,0,1.6094379124341003,1.791759469228055,0,0
evt_380,1944,2189,2189_grp_457,交通局,transport,電気課,457,Unknown,non_engineer,2,1486,different_department,1,2,0,0,0,0,0,0,0.6931471805599453,1.0986122886681098,0,0
evt_380,1944,2189,2189_grp_457,交通局,transport,電気課,457,Unknown,non_engineer,2,1490,different_department,1,1,0,0,0,0,0,0,0.6931471805599453,0.6931471805599453,0,0
evt_380,1944,2189,2189_grp_457,交通局,transport,電気課,457,Unknown,non_engineer,2,1501,different_department,1,9,0,0,0,0,0,0,0.6931471805599453,2.302585092994046,0,0
evt_380,1944,2189,2189_grp_457,交通局,transport,電気課,457,Unknown,non_engineer,2,1531,different_department,2,1,0,0,0,0,0,0,1.0986122886681098,0.6931471805599453,0,0
evt_380,1944,2189,2189_grp_457,交通局,transport,電気課,457,Unknown,non_engineer,2,1538,same_department,1,4,0,0,0,0,0,1,0.6931471805599453,1.6094379124341003,0,0
evt_380,1944,2189,2189_grp_457,交通局,transport,電気課,457,Unknown,non_engineer,2,1555,same_department,3,11,0,0,0,0,0,1,1.3862943611198906,2.4849066497880004,0,0
evt_380,1944,2189,2189_grp_457,交通局,transport,電気課,457,Unknown,non_engineer,2,1642,different_department,1,15,0,0,0,0,0,0,0.6931471805599453,2.772588722239781,0,0
evt_380,1944,2189,2189_grp_457,交通局,transport,電気課,457,Unknown,non_engineer,2,1676,different_department,3,16,0,0,0,0,0,0,1.3862943611198906,2.833213344056216,0,0
evt_380,1944,2189,2189_grp_457,交通局,transport,電気課,457,Unknown,non_engineer,2,1697,different_department,1,2,0,0,0,0,0,0,0.6931471805599453,1.0986122886681098,0,0
evt_380,1944,2189,2189_grp_457,交通局,transport,電気課,457,Unknown,non_engineer,2,1752,different_department,5,11,0,0,0,0,0,0,1.791759469228055,2.4849066497880004,0,0
evt_380,1944,2189,2189_grp_457,交通局,transport,電気課,457,Unknown,non_engineer,2,1761,different_department,2,1,0,0,0,0,0,0,1.0986122886681098,0.6931471805599453,0,0
evt_380,1944,2189,2189_grp_457,交通局,transport,電気課,457,Unknown,non_engineer,2,1787,different_department,2,5,0,0,0,0,0,0,1.0986122886681098,1.791759469228055,0,0
evt_380,1944,2189,2189_grp_457,交通局,transport,電気課,457,Unknown,non_engineer,2,1794,different_department,7,7,0,0,0,0,0,0,2.0794415416798357,2.0794415416798357,0,0
evt_380,1944,2189,2189_grp_457,交通局,transport,電気課,457,Unknown,non_engineer,2,1896,different_department,3,1,0,0,0,0,0,0,1.3862943611198906,0.6931471805599453,0,0
evt_380,1944,2189,2189_grp_457,交通局,transport,電気課,457,Unknown,non_engineer,2,1906,different_department,1,15,0,0,0,0,0,0,0.6931471805599453,2.772588722239781,0,0
evt_380,1944,2189,2189_grp_457,交通局,transport,電気課,457,Unknown,non_engineer,2,1919,same_department,2,1,0,0,0,0,0,1,1.0986122886681098,0.6931471805599453,0,0
evt_380,1944,2189,2189_grp_457,交通局,transport,電気課,457,Unknown,non_engineer,2,1989,different_department,1,41,0,0,0,0,0,0,0.6931471805599453,3.7376696182833684,0,0
evt_380,1944,2189,2189_grp_457,交通局,transport,電気課,457,Unknown,non_engineer,2,2003,different_department,1,25,0,0,0,0,0,0,0.6931471805599453,3.258096538021482,0,0
evt_380,1944,2189,2189_grp_457,交通局,transport,電気課,457,Unknown,non_engineer,2,2033,different_department,4,1,0,0,0,0,0,0,1.6094379124341003,0.6931471805599453,0,0
evt_380,1944,2189,2189_grp_457,交通局,transport,電気課,457,Unknown,non_engineer,2,2056,same_department,4,15,0,0,0,0,0,1,1.6094379124341003,2.772588722239781,0,0
evt_380,1944,2189,2189_grp_457,交通局,transport,電気課,457,Unknown,non_engineer,2,2071,same_department,8,16,1,0,0,0,0,1,2.1972245773362196,2.833213344056216,0,0
evt_380,1944,2189,2189_grp_457,交通局,transport,電気課,457,Unknown,non_engineer,2,2072,different_department,3,1,0,0,0,0,0,0,1.3862943611198906,0.6931471805599453,0,0
evt_380,1944,2189,2189_grp_457,交通局,transport,電気課,457,Unknown,non_engineer,2,2109,different_department,4,6,0,0,0,0,0,0,1.6094379124341003,1.9459101490553132,0,0
evt_380,1944,2189,2189_grp_457,交通局,transport,電気課,457,Unknown,non_engineer,2,2123,same_department,2,1,0,0,0,0,0,1,1.0986122886681098,0.6931471805599453,0,0
evt_380,1944,2189,2189_grp_457,交通局,transport,電気課,457,Unknown,non_engineer,2,2125,different_department,4,7,0,0,0,0,0,0,1.6094379124341003,2.0794415416798357,0,0
evt_380,1944,2189,2189_grp_457,交通局,transport,電気課,457,Unknown,non_engineer,2,2138,different_department,6,5,0,0,0,0,0,0,1.9459101490553132,1.791759469228055,0,0
evt_380,1944,2189,2189_grp_457,交通局,transport,電気課,457,Unknown,non_engineer,2,2143,same_department,1,10,0,0,0,0,0,1,0.6931471805599453,2.3978952727983707,0,0
evt_380,1944,2189,2189_grp_457,交通局,transport,電気課,457,Unknown,non_engineer,2,2158,different_department,1,1,0,0,0,0,0,0,0.6931471805599453,0.6931471805599453,0,0
evt_380,1944,2189,2189_grp_457,交通局,transport,電気課,457,Unknown,non_engineer,2,2174,different_department,5,4,0,0,0,0,0,0,1.791759469228055,1.6094379124341003,0,0
evt_380,1944,2189,2189_grp_457,交通局,transport,電気課,457,Unknown,non_engineer,2,2183,same_department,7,42,1,0,0,0,0,1,2.0794415416798357,3.7612001156935624,0,0
evt_380,1944,2189,2189_grp_457,交通局,transport,電気課,457,Unknown,non_engineer,2,2213,different_department,1,7,0,0,0,0,0,0,0.6931471805599453,2.0794415416798357,0,0
evt_380,1944,2189,2189_grp_457,交通局,transport,電気課,457,Unknown,non_engineer,2,2221,same_department,2,1,0,0,0,0,0,1,1.0986122886681098,0.6931471805599453,0,0
evt_380,1944,2189,2189_grp_457,交通局,transport,電気課,457,Unknown,non_engineer,2,5764,different_department,3,17,0,0,0,0,0,0,1.3862943611198906,2.8903717578961645,0,0
evt_380,1944,2189,2189_grp_457,交通局,transport,電気課,457,Unknown,non_engineer,2,5869,same_department,1,28,0,0,0,0,0,1,0.6931471805599453,3.367295829986474,0,0
evt_380,1944,2189,2189_grp_457,交通局,transport,電気課,457,Unknown,non_engineer,2,5908,different_department,2,27,0,0,0,0,0,0,1.0986122886681098,3.332204510175204,0,0
evt_380,1944,2189,2189_grp_457,交通局,transport,電気課,457,Unknown,non_engineer,2,6184,different_department,2,24,0,0,0,0,0,0,1.0986122886681098,3.2188758248682006,0,0
evt_380,1944,2189,2189_grp_457,交通局,transport,電気課,457,Unknown,non_engineer,2,6233,different_department,1,23,0,0,0,0,0,0,0.6931471805599453,3.1780538303479458,0,0
evt_380,1944,2189,2189_grp_457,交通局,transport,電気課,457,Unknown,non_engineer,2,6328,different_department,1,26,0,0,0,0,0,0,0.6931471805599453,3.295836866004329,0,0
evt_380,1944,2189,2189_grp_457,交通局,transport,電気課,457,Unknown,non_engineer,2,6337,different_department,4,5,0,0,0,0,0,0,1.6094379124341003,1.791759469228055,0,0
evt_380,1944,2189,2189_grp_457,交通局,transport,電気課,457,Unknown,non_engineer,2,6701,different_department,17,12,0,0,0,0,0,0,2.8903717578961645,2.5649493574615367,0,0
evt_380,1944,2189,2189_grp_457,交通局,transport,電気課,457,Unknown,non_engineer,2,6791,different_department,2,23,0,0,0,0,0,0,1.0986122886681098,3.1780538303479458,0,0
evt_380,1944,2189,2189_grp_457,交通局,transport,電気課,457,Unknown,non_engineer,2,6946,different_department,3,58,0,0,0,0,0,0,1.3862943611198906,4.07753744390572,0,0
evt_380,1944,2189,2189_grp_457,交通局,transport,電気課,457,Unknown,non_engineer,2,6953,different_department,4,25,0,0,0,0,0,0,1.6094379124341003,3.258096538021482,0,0
evt_380,1944,2189,2189_grp_457,交通局,transport,電気課,457,Unknown,non_engineer,2,7029,different_department,2,26,0,0,0,0,0,0,1.0986122886681098,3.295836866004329,0,0
evt_380,1944,2189,2189_grp_457,交通局,transport,電気課,457,Unknown,non_engineer,2,7051,same_department,2,9,0,0,0,0,0,1,1.0986122886681098,2.302585092994046,0,0
evt_380,1944,2189,2189_grp_457,交通局,transport,電気課,457,Unknown,non_engineer,2,7191,different_department,1,19,0,0,0,0,0,0,0.6931471805599453,2.995732273553991,0,0
evt_380,1944,2189,2189_grp_457,交通局,transport,電気課,457,Unknown,non_engineer,2,7235,different_department,1,23,0,0,0,0,0,0,0.6931471805599453,3.1780538303479458,0,0
evt_380,1944,2189,2189_grp_457,交通局,transport,電気課,457,Unknown,non_engineer,2,7461,different_department,1,20,0,0,0,0,0,0,0.6931471805599453,3.044522437723423,0,0
evt_380,1944,2189,2189_grp_457,交通局,transport,電気課,457,Unknown,non_engineer,2,7484,different_department,2,29,0,0,0,0,0,0,1.0986122886681098,3.4011973816621555,0,0
evt_380,1944,2189,2189_grp_457,交通局,transport,電気課,457,Unknown,non_engineer,2,7492,different_department,1,26,0,0,0,0,0,0,0.6931471805599453,3.295836866004329,0,0
evt_380,1944,2189,2189_grp_457,交通局,transport,電気課,457,Unknown,non_engineer,2,7506,different_department,7,93,0,0,0,0,0,0,2.0794415416798357,4.543294782270004,0,0
evt_380,1944,2189,2189_grp_457,交通局,transport,電気課,457,Unknown,non_engineer,2,7525,same_department,4,5,0,0,0,0,0,1,1.6094379124341003,1.791759469228055,0,0
evt_380,1944,2189,2189_grp_457,交通局,transport,電気課,457,Unknown,non_engineer,2,7748,different_department,4,38,0,0,0,0,0,0,1.6094379124341003,3.6635616461296463,0,0
evt_380,1944,2189,2189_grp_457,交通局,transport,電気課,457,Unknown,non_engineer,2,7836,same_department,1,2,1,0,0,0,0,1,0.6931471805599453,1.0986122886681098,0,0
evt_380,1944,2189,2189_grp_457,交通局,transport,電気課,457,Unknown,non_engineer,2,7910,different_department,2,30,0,0,0,0,0,0,1.0986122886681098,3.4339872044851463,0,0
evt_380,1944,2189,2189_grp_457,交通局,transport,電気課,457,Unknown,non_engineer,2,8164,different_department,2,42,0,0,0,0,0,0,1.0986122886681098,3.7612001156935624,0,0
evt_380,1944,2189,2189_grp_457,交通局,transport,電気課,457,Unknown,non_engineer,2,8358,different_department,1,9,0,0,0,0,0,0,0.6931471805599453,2.302585092994046,0,0
evt_380,1944,2189,2189_grp_457,交通局,transport,電気課,457,Unknown,non_engineer,2,8426,different_department,1,3,0,0,0,0,0,0,0.6931471805599453,1.3862943611198906,0,0
evt_380,1944,2189,2189_grp_457,交通局,transport,電気課,457,Unknown,non_engineer,2,8514,different_department,1,2,0,0,0,0,0,0,0.6931471805599453,1.0986122886681098,0,0
evt_380,1944,2189,2189_grp_457,交通局,transport,電気課,457,Unknown,non_engineer,2,8594,same_department,1,16,0,0,0,0,0,1,0.6931471805599453,2.833213344056216,0,0
evt_380,1944,2189,2189_grp_457,交通局,transport,電気課,457,Unknown,non_engineer,2,8664,different_department,2,8,0,0,0,0,0,0,1.0986122886681098,2.1972245773362196,0,0
evt_380,1944,2189,2189_grp_457,交通局,transport,電気課,457,Unknown,non_engineer,2,8882,different_department,1,28,0,0,0,0,0,0,0.6931471805599453,3.367295829986474,0,0
evt_380,1944,2189,2189_grp_457,交通局,transport,電気課,457,Unknown,non_engineer,2,8905,different_department,6,14,0,0,0,0,0,0,1.9459101490553132,2.70805020110221,0,0
evt_385,1944,2191,2191_grp_456,交通局,transport,車輛課,456,Unknown,non_engineer,2,1130,different_department,7,2,0,0,0,0,0,0,2.0794415416798357,1.0986122886681098,0,0
evt_385,1944,2191,2191_grp_456,交通局,transport,車輛課,456,Unknown,non_engineer,2,1147,same_department,1,3,0,0,0,0,0,1,0.6931471805599453,1.3862943611198906,0,0
evt_385,1944,2191,2191_grp_456,交通局,transport,車輛課,456,Unknown,non_engineer,2,1190,same_department,3,20,0,0,0,0,0,1,1.3862943611198906,3.044522437723423,0,0
evt_385,1944,2191,2191_grp_456,交通局,transport,車輛課,456,Unknown,non_engineer,2,1193,same_department,7,4,0,0,0,0,0,1,2.0794415416798357,1.6094379124341003,0,0
evt_385,1944,2191,2191_grp_456,交通局,transport,車輛課,456,Unknown,non_engineer,2,1225,different_department,1,1,0,0,0,0,0,0,0.6931471805599453,0.6931471805599453,0,0
evt_385,1944,2191,2191_grp_456,交通局,transport,車輛課,456,Unknown,non_engineer,2,1233,same_department,5,7,0,0,0,0,0,1,1.791759469228055,2.0794415416798357,0,0
evt_385,1944,2191,2191_grp_456,交通局,transport,車輛課,456,Unknown,non_engineer,2,1317,different_department,5,10,0,0,0,0,0,0,1.791759469228055,2.3978952727983707,0,0
evt_385,1944,2191,2191_grp_456,交通局,transport,車輛課,456,Unknown,non_engineer,2,1335,different_department,1,25,0,0,0,0,0,0,0.6931471805599453,3.258096538021482,0,0
evt_385,1944,2191,2191_grp_456,交通局,transport,車輛課,456,Unknown,non_engineer,2,1402,different_department,8,2,0,0,0,0,0,0,2.1972245773362196,1.0986122886681098,0,0
evt_385,1944,2191,2191_grp_456,交通局,transport,車輛課,456,Unknown,non_engineer,2,1449,different_department,11,20,0,0,0,0,0,0,2.4849066497880004,3.044522437723423,0,0
evt_385,1944,2191,2191_grp_456,交通局,transport,車輛課,456,Unknown,non_engineer,2,1478,different_department,4,5,0,0,0,0,0,0,1.6094379124341003,1.791759469228055,0,0
evt_385,1944,2191,2191_grp_456,交通局,transport,車輛課,456,Unknown,non_engineer,2,1486,different_department,1,2,0,0,0,0,0,0,0.6931471805599453,1.0986122886681098,0,0
evt_385,1944,2191,2191_grp_456,交通局,transport,車輛課,456,Unknown,non_engineer,2,1490,different_department,1,1,0,0,0,0,0,0,0.6931471805599453,0.6931471805599453,0,0
evt_385,1944,2191,2191_grp_456,交通局,transport,車輛課,456,Unknown,non_engineer,2,1501,different_department,1,9,0,0,0,0,0,0,0.6931471805599453,2.302585092994046,0,0
evt_385,1944,2191,2191_grp_456,交通局,transport,車輛課,456,Unknown,non_engineer,2,1531,different_department,2,1,0,0,0,0,0,0,1.0986122886681098,0.6931471805599453,0,0
evt_385,1944,2191,2191_grp_456,交通局,transport,車輛課,456,Unknown,non_engineer,2,1538,same_department,1,4,0,0,0,0,0,1,0.6931471805599453,1.6094379124341003,0,0
evt_385,1944,2191,2191_grp_456,交通局,transport,車輛課,456,Unknown,non_engineer,2,1555,same_department,3,11,0,0,0,0,0,1,1.3862943611198906,2.4849066497880004,0,0
evt_385,1944,2191,2191_grp_456,交通局,transport,車輛課,456,Unknown,non_engineer,2,1642,different_department,1,15,0,0,0,0,0,0,0.6931471805599453,2.772588722239781,0,0
evt_385,1944,2191,2191_grp_456,交通局,transport,車輛課,456,Unknown,non_engineer,2,1676,different_department,3,16,0,0,0,0,0,0,1.3862943611198906,2.833213344056216,0,0
evt_385,1944,2191,2191_grp_456,交通局,transport,車輛課,456,Unknown,non_engineer,2,1697,different_department,1,2,0,0,0,0,0,0,0.6931471805599453,1.0986122886681098,0,0
evt_385,1944,2191,2191_grp_456,交通局,transport,車輛課,456,Unknown,non_engineer,2,1752,different_department,5,11,0,0,0,0,0,0,1.791759469228055,2.4849066497880004,0,0
evt_385,1944,2191,2191_grp_456,交通局,transport,車輛課,456,Unknown,non_engineer,2,1761,different_department,2,1,0,0,0,0,0,0,1.0986122886681098,0.6931471805599453,0,0
evt_385,1944,2191,2191_grp_456,交通局,transport,車輛課,456,Unknown,non_engineer,2,1787,different_department,2,5,0,0,0,0,0,0,1.0986122886681098,1.791759469228055,0,0
evt_385,1944,2191,2191_grp_456,交通局,transport,車輛課,456,Unknown,non_engineer,2,1794,different_department,7,7,0,0,0,0,0,0,2.0794415416798357,2.0794415416798357,0,0
evt_385,1944,2191,2191_grp_456,交通局,transport,車輛課,456,Unknown,non_engineer,2,1896,different_department,3,1,0,0,0,0,0,0,1.3862943611198906,0.6931471805599453,0,0
evt_385,1944,2191,2191_grp_456,交通局,transport,車輛課,456,Unknown,non_engineer,2,1906,different_department,1,15,0,0,0,0,0,0,0.6931471805599453,2.772588722239781,0,0
evt_385,1944,2191,2191_grp_456,交通局,transport,車輛課,456,Unknown,non_engineer,2,1919,same_department,2,1,0,0,0,0,0,1,1.0986122886681098,0.6931471805599453,0,0
evt_385,1944,2191,2191_grp_456,交通局,transport,車輛課,456,Unknown,non_engineer,2,1989,different_department,1,41,0,0,0,0,0,0,0.6931471805599453,3.7376696182833684,0,0
evt_385,1944,2191,2191_grp_456,交通局,transport,車輛課,456,Unknown,non_engineer,2,2003,different_department,1,25,0,0,0,0,0,0,0.6931471805599453,3.258096538021482,0,0
evt_385,1944,2191,2191_grp_456,交通局,transport,車輛課,456,Unknown,non_engineer,2,2033,different_department,4,1,0,0,0,0,0,0,1.6094379124341003,0.6931471805599453,0,0
evt_385,1944,2191,2191_grp_456,交通局,transport,車輛課,456,Unknown,non_engineer,2,2056,same_department,4,15,0,0,0,0,0,1,1.6094379124341003,2.772588722239781,0,0
evt_385,1944,2191,2191_grp_456,交通局,transport,車輛課,456,Unknown,non_engineer,2,2071,same_department,8,16,0,0,0,0,0,1,2.1972245773362196,2.833213344056216,0,0
evt_385,1944,2191,2191_grp_456,交通局,transport,車輛課,456,Unknown,non_engineer,2,2072,different_department,3,1,0,0,0,0,0,0,1.3862943611198906,0.6931471805599453,0,0
evt_385,1944,2191,2191_grp_456,交通局,transport,車輛課,456,Unknown,non_engineer,2,2109,different_department,4,6,0,0,0,0,0,0,1.6094379124341003,1.9459101490553132,0,0
evt_385,1944,2191,2191_grp_456,交通局,transport,車輛課,456,Unknown,non_engineer,2,2123,same_department,2,1,1,0,0,0,0,1,1.0986122886681098,0.6931471805599453,0,0
evt_385,1944,2191,2191_grp_456,交通局,transport,車輛課,456,Unknown,non_engineer,2,2125,different_department,4,7,0,0,0,0,0,0,1.6094379124341003,2.0794415416798357,0,0
evt_385,1944,2191,2191_grp_456,交通局,transport,車輛課,456,Unknown,non_engineer,2,2138,different_department,6,5,0,0,0,0,0,0,1.9459101490553132,1.791759469228055,0,0
evt_385,1944,2191,2191_grp_456,交通局,transport,車輛課,456,Unknown,non_engineer,2,2143,same_department,1,10,0,0,0,0,0,1,0.6931471805599453,2.3978952727983707,0,0
evt_385,1944,2191,2191_grp_456,交通局,transport,車輛課,456,Unknown,non_engineer,2,2158,different_department,1,1,0,0,0,0,0,0,0.6931471805599453,0.6931471805599453,0,0
evt_385,1944,2191,2191_grp_456,交通局,transport,車輛課,456,Unknown,non_engineer,2,2174,different_department,5,4,0,0,0,0,0,0,1.791759469228055,1.6094379124341003,0,0
evt_385,1944,2191,2191_grp_456,交通局,transport,車輛課,456,Unknown,non_engineer,2,2183,same_department,7,42,0,0,0,0,0,1,2.0794415416798357,3.7612001156935624,0,0
evt_385,1944,2191,2191_grp_456,交通局,transport,車輛課,456,Unknown,non_engineer,2,2213,different_department,1,7,0,0,0,0,0,0,0.6931471805599453,2.0794415416798357,0,0
evt_385,1944,2191,2191_grp_456,交通局,transport,車輛課,456,Unknown,non_engineer,2,2221,same_department,2,1,0,0,0,0,0,1,1.0986122886681098,0.6931471805599453,0,0
evt_385,1944,2191,2191_grp_456,交通局,transport,車輛課,456,Unknown,non_engineer,2,5764,different_department,3,17,0,0,0,0,0,0,1.3862943611198906,2.8903717578961645,0,0
evt_385,1944,2191,2191_grp_456,交通局,transport,車輛課,456,Unknown,non_engineer,2,5869,same_department,1,28,0,0,0,0,0,1,0.6931471805599453,3.367295829986474,0,0
evt_385,1944,2191,2191_grp_456,交通局,transport,車輛課,456,Unknown,non_engineer,2,5908,different_department,2,27,0,0,0,0,0,0,1.0986122886681098,3.332204510175204,0,0
evt_385,1944,2191,2191_grp_456,交通局,transport,車輛課,456,Unknown,non_engineer,2,6184,different_department,2,24,0,0,0,0,0,0,1.0986122886681098,3.2188758248682006,0,0
evt_385,1944,2191,2191_grp_456,交通局,transport,車輛課,456,Unknown,non_engineer,2,6233,different_department,1,23,0,0,0,0,0,0,0.6931471805599453,3.1780538303479458,0,0
evt_385,1944,2191,2191_grp_456,交通局,transport,車輛課,456,Unknown,non_engineer,2,6328,different_department,1,26,0,0,0,0,0,0,0.6931471805599453,3.295836866004329,0,0
evt_385,1944,2191,2191_grp_456,交通局,transport,車輛課,456,Unknown,non_engineer,2,6337,different_department,4,5,0,0,0,0,0,0,1.6094379124341003,1.791759469228055,0,0
evt_385,1944,2191,2191_grp_456,交通局,transport,車輛課,456,Unknown,non_engineer,2,6701,different_department,17,12,0,0,0,0,0,0,2.8903717578961645,2.5649493574615367,0,0
evt_385,1944,2191,2191_grp_456,交通局,transport,車輛課,456,Unknown,non_engineer,2,6791,different_department,2,23,0,0,0,0,0,0,1.0986122886681098,3.1780538303479458,0,0
evt_385,1944,2191,2191_grp_456,交通局,transport,車輛課,456,Unknown,non_engineer,2,6946,different_department,3,58,0,0,0,0,0,0,1.3862943611198906,4.07753744390572,0,0
evt_385,1944,2191,2191_grp_456,交通局,transport,車輛課,456,Unknown,non_engineer,2,6953,different_department,4,25,0,0,0,0,0,0,1.6094379124341003,3.258096538021482,0,0
evt_385,1944,2191,2191_grp_456,交通局,transport,車輛課,456,Unknown,non_engineer,2,7029,different_department,2,26,0,0,0,0,0,0,1.0986122886681098,3.295836866004329,0,0
evt_385,1944,2191,2191_grp_456,交通局,transport,車輛課,456,Unknown,non_engineer,2,7051,same_department,2,9,0,0,0,0,0,1,1.0986122886681098,2.302585092994046,0,0
evt_385,1944,2191,2191_grp_456,交通局,transport,車輛課,456,Unknown,non_engineer,2,7191,different_department,1,19,0,0,0,0,0,0,0.6931471805599453,2.995732273553991,0,0
evt_385,1944,2191,2191_grp_456,交通局,transport,車輛課,456,Unknown,non_engineer,2,7235,different_department,1,23,0,0,0,0,0,0,0.6931471805599453,3.1780538303479458,0,0
evt_385,1944,2191,2191_grp_456,交通局,transport,車輛課,456,Unknown,non_engineer,2,7461,different_department,1,20,0,0,0,0,0,0,0.6931471805599453,3.044522437723423,0,0
evt_385,1944,2191,2191_grp_456,交通局,transport,車輛課,456,Unknown,non_engineer,2,7484,different_department,2,29,0,0,0,0,0,0,1.0986122886681098,3.4011973816621555,0,0
evt_385,1944,2191,2191_grp_456,交通局,transport,車輛課,456,Unknown,non_engineer,2,7492,different_department,1,26,0,0,0,0,0,0,0.6931471805599453,3.295836866004329,0,0
evt_385,1944,2191,2191_grp_456,交通局,transport,車輛課,456,Unknown,non_engineer,2,7506,different_department,7,93,0,0,0,0,0,0,2.0794415416798357,4.543294782270004,0,0
evt_385,1944,2191,2191_grp_456,交通局,transport,車輛課,456,Unknown,non_engineer,2,7525,same_department,4,5,0,0,0,0,0,1,1.6094379124341003,1.791759469228055,0,0
evt_385,1944,2191,2191_grp_456,交通局,transport,車輛課,456,Unknown,non_engineer,2,7748,different_department,4,38,0,0,0,0,0,0,1.6094379124341003,3.6635616461296463,0,0
evt_385,1944,2191,2191_grp_456,交通局,transport,車輛課,456,Unknown,non_engineer,2,7836,same_department,1,2,0,0,0,0,0,1,0.6931471805599453,1.0986122886681098,0,0
evt_385,1944,2191,2191_grp_456,交通局,transport,車輛課,456,Unknown,non_engineer,2,7910,different_department,2,30,0,0,0,0,0,0,1.0986122886681098,3.4339872044851463,0,0
evt_385,1944,2191,2191_grp_456,交通局,transport,車輛課,456,Unknown,non_engineer,2,8164,different_department,2,42,0,0,0,0,0,0,1.0986122886681098,3.7612001156935624,0,0
evt_385,1944,2191,2191_grp_456,交通局,transport,車輛課,456,Unknown,non_engineer,2,8358,different_department,1,9,0,0,0,0,0,0,0.6931471805599453,2.302585092994046,0,0
evt_385,1944,2191,2191_grp_456,交通局,transport,車輛課,456,Unknown,non_engineer,2,8426,different_department,1,3,0,0,0,0,0,0,0.6931471805599453,1.3862943611198906,0,0
evt_385,1944,2191,2191_grp_456,交通局,transport,車輛課,456,Unknown,non_engineer,2,8514,different_department,1,2,0,0,0,0,0,0,0.6931471805599453,1.0986122886681098,0,0
evt_385,1944,2191,2191_grp_456,交通局,transport,車輛課,456,Unknown,non_engineer,2,8594,same_department,1,16,0,0,0,0,0,1,0.6931471805599453,2.833213344056216,0,0
evt_385,1944,2191,2191_grp_456,交通局,transport,車輛課,456,Unknown,non_engineer,2,8664,different_department,2,8,0,0,0,0,0,0,1.0986122886681098,2.1972245773362196,0,0
evt_385,1944,2191,2191_grp_456,交通局,transport,車輛課,456,Unknown,non_engineer,2,8882,different_department,1,28,0,0,0,0,0,0,0.6931471805599453,3.367295829986474,0,0
evt_385,1944,2191,2191_grp_456,交通局,transport,車輛課,456,Unknown,non_engineer,2,8905,different_department,6,14,0,0,0,0,0,0,1.9459101490553132,2.70805020110221,0,0
evt_413,1944,2627,2627_name_missing,交通局,transport,NA,NA,雇,yato,1,1130,different_department,2,2,0,0,0,0,0,0,1.0986122886681098,1.0986122886681098,0,0
evt_413,1944,2627,2627_name_missing,交通局,transport,NA,NA,雇,yato,1,1147,same_department,2,3,0,0,0,0,0,1,1.0986122886681098,1.3862943611198906,0,0
evt_413,1944,2627,2627_name_missing,交通局,transport,NA,NA,雇,yato,1,1190,same_department,10,20,0,0,0,0,0,1,2.3978952727983707,3.044522437723423,0,0
evt_413,1944,2627,2627_name_missing,交通局,transport,NA,NA,雇,yato,1,1225,different_department,1,1,0,0,0,0,0,0,0.6931471805599453,0.6931471805599453,0,0
evt_413,1944,2627,2627_name_missing,交通局,transport,NA,NA,雇,yato,1,1449,different_department,11,20,0,0,0,0,0,0,2.4849066497880004,3.044522437723423,0,0
evt_413,1944,2627,2627_name_missing,交通局,transport,NA,NA,雇,yato,1,1478,different_department,7,5,0,0,0,0,0,0,2.0794415416798357,1.791759469228055,0,0
evt_413,1944,2627,2627_name_missing,交通局,transport,NA,NA,雇,yato,1,1555,same_department,14,11,0,0,0,0,0,1,2.70805020110221,2.4849066497880004,0,0
evt_413,1944,2627,2627_name_missing,交通局,transport,NA,NA,雇,yato,1,1566,different_department,1,3,0,0,0,0,0,0,0.6931471805599453,1.3862943611198906,0,0
evt_413,1944,2627,2627_name_missing,交通局,transport,NA,NA,雇,yato,1,1642,different_department,4,15,0,0,0,0,0,0,1.6094379124341003,2.772588722239781,0,0
evt_413,1944,2627,2627_name_missing,交通局,transport,NA,NA,雇,yato,1,1697,different_department,2,2,0,0,0,0,0,0,1.0986122886681098,1.0986122886681098,0,0
evt_413,1944,2627,2627_name_missing,交通局,transport,NA,NA,雇,yato,1,1752,different_department,7,11,0,0,0,0,0,0,2.0794415416798357,2.4849066497880004,0,0
evt_413,1944,2627,2627_name_missing,交通局,transport,NA,NA,雇,yato,1,1896,different_department,5,1,0,0,0,0,0,0,1.791759469228055,0.6931471805599453,0,0
evt_413,1944,2627,2627_name_missing,交通局,transport,NA,NA,雇,yato,1,1906,different_department,1,15,0,0,0,0,0,0,0.6931471805599453,2.772588722239781,0,0
evt_413,1944,2627,2627_name_missing,交通局,transport,NA,NA,雇,yato,1,1972,same_department,1,13,0,0,0,0,0,1,0.6931471805599453,2.6390573296152584,0,0
evt_413,1944,2627,2627_name_missing,交通局,transport,NA,NA,雇,yato,1,1989,different_department,1,41,1,0,0,0,0,0,0.6931471805599453,3.7376696182833684,0,0
evt_413,1944,2627,2627_name_missing,交通局,transport,NA,NA,雇,yato,1,2051,same_department,3,1,0,0,0,0,0,1,1.3862943611198906,0.6931471805599453,0,0
evt_413,1944,2627,2627_name_missing,交通局,transport,NA,NA,雇,yato,1,2056,same_department,6,15,0,0,0,0,0,1,1.9459101490553132,2.772588722239781,0,0
evt_413,1944,2627,2627_name_missing,交通局,transport,NA,NA,雇,yato,1,2071,same_department,1,16,0,0,0,0,0,1,0.6931471805599453,2.833213344056216,0,0
evt_413,1944,2627,2627_name_missing,交通局,transport,NA,NA,雇,yato,1,2109,different_department,5,6,0,0,0,0,0,0,1.791759469228055,1.9459101490553132,0,0
evt_413,1944,2627,2627_name_missing,交通局,transport,NA,NA,雇,yato,1,2118,different_department,2,16,0,0,0,0,0,0,1.0986122886681098,2.833213344056216,0,0
evt_413,1944,2627,2627_name_missing,交通局,transport,NA,NA,雇,yato,1,2123,same_department,2,1,0,0,0,0,0,1,1.0986122886681098,0.6931471805599453,0,0
evt_413,1944,2627,2627_name_missing,交通局,transport,NA,NA,雇,yato,1,2125,different_department,5,7,0,0,0,0,0,0,1.791759469228055,2.0794415416798357,0,0
evt_413,1944,2627,2627_name_missing,交通局,transport,NA,NA,雇,yato,1,2138,different_department,3,5,0,0,0,0,0,0,1.3862943611198906,1.791759469228055,0,0
evt_413,1944,2627,2627_name_missing,交通局,transport,NA,NA,雇,yato,1,2143,same_department,4,10,0,0,0,0,0,1,1.6094379124341003,2.3978952727983707,0,0
evt_413,1944,2627,2627_name_missing,交通局,transport,NA,NA,雇,yato,1,2158,different_department,3,1,0,0,0,0,0,0,1.3862943611198906,0.6931471805599453,0,0
evt_413,1944,2627,2627_name_missing,交通局,transport,NA,NA,雇,yato,1,2159,different_department,2,4,0,0,0,0,0,0,1.0986122886681098,1.6094379124341003,0,0
evt_413,1944,2627,2627_name_missing,交通局,transport,NA,NA,雇,yato,1,2213,different_department,7,7,0,0,0,0,0,0,2.0794415416798357,2.0794415416798357,0,0
evt_413,1944,2627,2627_name_missing,交通局,transport,NA,NA,雇,yato,1,5869,same_department,3,28,0,0,0,0,0,1,1.3862943611198906,3.367295829986474,0,0
evt_413,1944,2627,2627_name_missing,交通局,transport,NA,NA,雇,yato,1,6328,different_department,5,26,0,0,0,0,0,0,1.791759469228055,3.295836866004329,0,0
evt_413,1944,2627,2627_name_missing,交通局,transport,NA,NA,雇,yato,1,6415,different_department,1,1,0,0,0,0,0,0,0.6931471805599453,0.6931471805599453,0,0
evt_413,1944,2627,2627_name_missing,交通局,transport,NA,NA,雇,yato,1,6501,different_department,1,2,0,0,0,0,0,0,0.6931471805599453,1.0986122886681098,0,0
evt_413,1944,2627,2627_name_missing,交通局,transport,NA,NA,雇,yato,1,6641,different_department,1,1,0,0,0,0,0,0,0.6931471805599453,0.6931471805599453,0,0
evt_413,1944,2627,2627_name_missing,交通局,transport,NA,NA,雇,yato,1,6701,different_department,1,12,0,0,0,0,0,0,0.6931471805599453,2.5649493574615367,0,0
evt_413,1944,2627,2627_name_missing,交通局,transport,NA,NA,雇,yato,1,6843,different_department,12,4,0,0,0,0,0,0,2.5649493574615367,1.6094379124341003,0,0
evt_413,1944,2627,2627_name_missing,交通局,transport,NA,NA,雇,yato,1,6844,different_department,1,6,0,0,0,0,0,0,0.6931471805599453,1.9459101490553132,0,0
evt_413,1944,2627,2627_name_missing,交通局,transport,NA,NA,雇,yato,1,6845,different_department,2,16,0,0,0,0,0,0,1.0986122886681098,2.833213344056216,0,0
evt_413,1944,2627,2627_name_missing,交通局,transport,NA,NA,雇,yato,1,6953,different_department,19,25,0,0,0,0,0,0,2.995732273553991,3.258096538021482,0,0
evt_413,1944,2627,2627_name_missing,交通局,transport,NA,NA,雇,yato,1,7506,different_department,2,93,0,0,0,0,0,0,1.0986122886681098,4.543294782270004,0,0
evt_413,1944,2627,2627_name_missing,交通局,transport,NA,NA,雇,yato,1,7525,same_department,4,5,0,0,0,0,0,1,1.6094379124341003,1.791759469228055,0,0
evt_413,1944,2627,2627_name_missing,交通局,transport,NA,NA,雇,yato,1,7782,same_department,5,32,0,0,0,0,0,1,1.791759469228055,3.4965075614664802,0,0
evt_413,1944,2627,2627_name_missing,交通局,transport,NA,NA,雇,yato,1,8164,same_department,7,9,1,0,0,0,0,1,2.0794415416798357,2.302585092994046,0,0
evt_413,1944,2627,2627_name_missing,交通局,transport,NA,NA,雇,yato,1,8321,same_department,4,7,0,0,0,0,0,1,1.6094379124341003,2.0794415416798357,0,0
evt_413,1944,2627,2627_name_missing,交通局,transport,NA,NA,雇,yato,1,8358,same_department,15,81,0,0,0,0,0,1,2.772588722239781,4.406719247264253,0,0
evt_413,1944,2627,2627_name_missing,交通局,transport,NA,NA,雇,yato,1,8490,different_department,11,37,0,0,0,0,0,0,2.4849066497880004,3.6375861597263857,0,0
evt_413,1944,2627,2627_name_missing,交通局,transport,NA,NA,雇,yato,1,8594,same_department,7,16,0,0,0,0,0,1,2.0794415416798357,2.833213344056216,0,0
evt_413,1944,2627,2627_name_missing,交通局,transport,NA,NA,雇,yato,1,8757,different_department,4,7,0,0,0,0,0,0,1.6094379124341003,2.0794415416798357,0,0
evt_413,1944,2627,2627_name_missing,交通局,transport,NA,NA,雇,yato,1,8882,different_department,1,28,0,0,0,0,0,0,0.6931471805599453,3.367295829986474,0,0
evt_413,1944,2627,2627_name_missing,交通局,transport,NA,NA,雇,yato,1,8899,same_department,4,9,0,0,0,0,0,1,1.6094379124341003,2.302585092994046,0,0
evt_413,1944,2627,2627_name_missing,交通局,transport,NA,NA,雇,yato,1,8905,different_department,19,14,0,0,0,0,0,0,2.995732273553991,2.70805020110221,0,0
evt_413,1944,2627,2627_name_missing,交通局,transport,NA,NA,雇,yato,1,8946,same_department,1,29,0,0,0,0,0,1,0.6931471805599453,3.4011973816621555,0,0
evt_413,1944,2627,2627_name_missing,交通局,transport,NA,NA,雇,yato,1,8994,different_department,13,28,0,0,0,0,0,0,2.6390573296152584,3.367295829986474,0,0
evt_413,1944,2627,2627_name_missing,交通局,transport,NA,NA,雇,yato,1,8996,different_department,2,2,0,0,0,0,0,0,1.0986122886681098,1.0986122886681098,0,0
evt_417,1944,3518,3518_grp_2,計晝局,NA,庶務課,2,Unknown,non_engineer,2,1335,same_section,1,25,1,0,0,0,1,0,0.6931471805599453,3.258096538021482,1,1
evt_417,1944,3518,3518_grp_2,計晝局,NA,庶務課,2,Unknown,non_engineer,2,1449,same_section,4,4,1,0,0,0,1,0,1.6094379124341003,1.6094379124341003,1,1
evt_427,1944,4832,4832_name_missing,経済局,economy,NA,NA,Unknown,non_engineer,2,1130,different_department,7,2,0,0,0,0,0,0,2.0794415416798357,1.0986122886681098,0,0
evt_427,1944,4832,4832_name_missing,経済局,economy,NA,NA,Unknown,non_engineer,2,1147,different_department,1,3,0,0,0,0,0,0,0.6931471805599453,1.3862943611198906,0,0
evt_427,1944,4832,4832_name_missing,経済局,economy,NA,NA,Unknown,non_engineer,2,1190,different_department,3,20,0,0,0,0,0,0,1.3862943611198906,3.044522437723423,0,0
evt_427,1944,4832,4832_name_missing,経済局,economy,NA,NA,Unknown,non_engineer,2,1193,different_department,7,4,0,0,0,0,0,0,2.0794415416798357,1.6094379124341003,0,0
evt_427,1944,4832,4832_name_missing,経済局,economy,NA,NA,Unknown,non_engineer,2,1225,same_department,1,1,0,0,0,0,0,1,0.6931471805599453,0.6931471805599453,0,0
evt_427,1944,4832,4832_name_missing,経済局,economy,NA,NA,Unknown,non_engineer,2,1233,different_department,5,7,0,0,0,0,0,0,1.791759469228055,2.0794415416798357,0,0
evt_427,1944,4832,4832_name_missing,経済局,economy,NA,NA,Unknown,non_engineer,2,1317,same_department,5,10,0,0,0,0,0,1,1.791759469228055,2.3978952727983707,0,0
evt_427,1944,4832,4832_name_missing,経済局,economy,NA,NA,Unknown,non_engineer,2,1335,different_department,1,25,0,0,0,0,0,0,0.6931471805599453,3.258096538021482,0,0
evt_427,1944,4832,4832_name_missing,経済局,economy,NA,NA,Unknown,non_engineer,2,1402,different_department,8,2,0,0,0,0,0,0,2.1972245773362196,1.0986122886681098,0,0
evt_427,1944,4832,4832_name_missing,経済局,economy,NA,NA,Unknown,non_engineer,2,1449,different_department,11,20,1,0,0,0,0,0,2.4849066497880004,3.044522437723423,0,0
evt_427,1944,4832,4832_name_missing,経済局,economy,NA,NA,Unknown,non_engineer,2,1478,different_department,4,5,0,0,0,0,0,0,1.6094379124341003,1.791759469228055,0,0
evt_427,1944,4832,4832_name_missing,経済局,economy,NA,NA,Unknown,non_engineer,2,1490,different_department,1,1,0,0,0,0,0,0,0.6931471805599453,0.6931471805599453,0,0
evt_427,1944,4832,4832_name_missing,経済局,economy,NA,NA,Unknown,non_engineer,2,1501,different_department,1,9,0,0,0,0,0,0,0.6931471805599453,2.302585092994046,0,0
evt_427,1944,4832,4832_name_missing,経済局,economy,NA,NA,Unknown,non_engineer,2,1531,different_department,2,1,0,0,0,0,0,0,1.0986122886681098,0.6931471805599453,0,0
evt_427,1944,4832,4832_name_missing,経済局,economy,NA,NA,Unknown,non_engineer,2,1538,different_department,1,4,0,0,0,0,0,0,0.6931471805599453,1.6094379124341003,0,0
evt_427,1944,4832,4832_name_missing,経済局,economy,NA,NA,Unknown,non_engineer,2,1555,different_department,3,11,0,0,0,0,0,0,1.3862943611198906,2.4849066497880004,0,0
evt_427,1944,4832,4832_name_missing,経済局,economy,NA,NA,Unknown,non_engineer,2,1642,different_department,1,15,0,0,0,0,0,0,0.6931471805599453,2.772588722239781,0,0
evt_427,1944,4832,4832_name_missing,経済局,economy,NA,NA,Unknown,non_engineer,2,1676,different_department,3,16,0,0,0,0,0,0,1.3862943611198906,2.833213344056216,0,0
evt_427,1944,4832,4832_name_missing,経済局,economy,NA,NA,Unknown,non_engineer,2,1697,different_department,1,2,0,0,0,0,0,0,0.6931471805599453,1.0986122886681098,0,0
evt_427,1944,4832,4832_name_missing,経済局,economy,NA,NA,Unknown,non_engineer,2,1752,different_department,5,11,0,0,0,0,0,0,1.791759469228055,2.4849066497880004,0,0
evt_427,1944,4832,4832_name_missing,経済局,economy,NA,NA,Unknown,non_engineer,2,1761,same_department,2,1,0,0,0,0,0,1,1.0986122886681098,0.6931471805599453,0,0
evt_427,1944,4832,4832_name_missing,経済局,economy,NA,NA,Unknown,non_engineer,2,1787,different_department,2,5,0,0,0,0,0,0,1.0986122886681098,1.791759469228055,0,0
evt_427,1944,4832,4832_name_missing,経済局,economy,NA,NA,Unknown,non_engineer,2,1794,same_department,7,7,1,0,0,0,0,1,2.0794415416798357,2.0794415416798357,0,0
evt_427,1944,4832,4832_name_missing,経済局,economy,NA,NA,Unknown,non_engineer,2,1896,different_department,3,1,0,0,0,0,0,0,1.3862943611198906,0.6931471805599453,0,0
evt_427,1944,4832,4832_name_missing,経済局,economy,NA,NA,Unknown,non_engineer,2,1919,different_department,2,1,0,0,0,0,0,0,1.0986122886681098,0.6931471805599453,0,0
evt_427,1944,4832,4832_name_missing,経済局,economy,NA,NA,Unknown,non_engineer,2,1989,different_department,1,41,0,0,0,0,0,0,0.6931471805599453,3.7376696182833684,0,0
evt_427,1944,4832,4832_name_missing,経済局,economy,NA,NA,Unknown,non_engineer,2,2003,different_department,1,25,0,0,0,0,0,0,0.6931471805599453,3.258096538021482,0,0
evt_427,1944,4832,4832_name_missing,経済局,economy,NA,NA,Unknown,non_engineer,2,2033,different_department,4,1,0,0,0,0,0,0,1.6094379124341003,0.6931471805599453,0,0
evt_427,1944,4832,4832_name_missing,経済局,economy,NA,NA,Unknown,non_engineer,2,2056,different_department,4,15,0,0,0,0,0,0,1.6094379124341003,2.772588722239781,0,0
evt_427,1944,4832,4832_name_missing,経済局,economy,NA,NA,Unknown,non_engineer,2,2071,different_department,8,16,0,0,0,0,0,0,2.1972245773362196,2.833213344056216,0,0
evt_427,1944,4832,4832_name_missing,経済局,economy,NA,NA,Unknown,non_engineer,2,2072,different_department,3,1,0,0,0,0,0,0,1.3862943611198906,0.6931471805599453,0,0
evt_427,1944,4832,4832_name_missing,経済局,economy,NA,NA,Unknown,non_engineer,2,2109,different_department,4,6,0,0,0,0,0,0,1.6094379124341003,1.9459101490553132,0,0
evt_427,1944,4832,4832_name_missing,経済局,economy,NA,NA,Unknown,non_engineer,2,2123,different_department,2,1,0,0,0,0,0,0,1.0986122886681098,0.6931471805599453,0,0
evt_427,1944,4832,4832_name_missing,経済局,economy,NA,NA,Unknown,non_engineer,2,2125,different_department,4,7,0,0,0,0,0,0,1.6094379124341003,2.0794415416798357,0,0
evt_427,1944,4832,4832_name_missing,経済局,economy,NA,NA,Unknown,non_engineer,2,2138,same_department,6,5,0,0,0,0,0,1,1.9459101490553132,1.791759469228055,0,0
evt_427,1944,4832,4832_name_missing,経済局,economy,NA,NA,Unknown,non_engineer,2,2143,different_department,1,10,0,0,0,0,0,0,0.6931471805599453,2.3978952727983707,0,0
evt_427,1944,4832,4832_name_missing,経済局,economy,NA,NA,Unknown,non_engineer,2,2158,same_department,1,1,1,0,0,0,0,1,0.6931471805599453,0.6931471805599453,0,0
evt_427,1944,4832,4832_name_missing,経済局,economy,NA,NA,Unknown,non_engineer,2,2174,different_department,5,4,0,0,0,0,0,0,1.791759469228055,1.6094379124341003,0,0
evt_427,1944,4832,4832_name_missing,経済局,economy,NA,NA,Unknown,non_engineer,2,2183,different_department,7,42,0,0,0,0,0,0,2.0794415416798357,3.7612001156935624,0,0
evt_427,1944,4832,4832_name_missing,経済局,economy,NA,NA,Unknown,non_engineer,2,2213,different_department,1,7,0,0,0,0,0,0,0.6931471805599453,2.0794415416798357,0,0
evt_427,1944,4832,4832_name_missing,経済局,economy,NA,NA,Unknown,non_engineer,2,2221,different_department,2,1,0,0,0,0,0,0,1.0986122886681098,0.6931471805599453,0,0
evt_427,1944,4832,4832_name_missing,経済局,economy,NA,NA,Unknown,non_engineer,2,5764,different_department,3,17,0,0,0,0,0,0,1.3862943611198906,2.8903717578961645,0,0
evt_427,1944,4832,4832_name_missing,経済局,economy,NA,NA,Unknown,non_engineer,2,5869,different_department,1,28,0,0,0,0,0,0,0.6931471805599453,3.367295829986474,0,0
evt_427,1944,4832,4832_name_missing,経済局,economy,NA,NA,Unknown,non_engineer,2,5908,different_department,2,27,0,0,0,0,0,0,1.0986122886681098,3.332204510175204,0,0
evt_427,1944,4832,4832_name_missing,経済局,economy,NA,NA,Unknown,non_engineer,2,6184,different_department,2,24,0,0,0,0,0,0,1.0986122886681098,3.2188758248682006,0,0
evt_427,1944,4832,4832_name_missing,経済局,economy,NA,NA,Unknown,non_engineer,2,6233,different_department,1,23,0,0,0,0,0,0,0.6931471805599453,3.1780538303479458,0,0
evt_427,1944,4832,4832_name_missing,経済局,economy,NA,NA,Unknown,non_engineer,2,6328,different_department,1,26,0,0,0,0,0,0,0.6931471805599453,3.295836866004329,0,0
evt_427,1944,4832,4832_name_missing,経済局,economy,NA,NA,Unknown,non_engineer,2,6337,different_department,4,5,0,0,0,0,0,0,1.6094379124341003,1.791759469228055,0,0
evt_427,1944,4832,4832_name_missing,経済局,economy,NA,NA,Unknown,non_engineer,2,6701,different_department,17,12,0,0,0,0,0,0,2.8903717578961645,2.5649493574615367,0,0
evt_427,1944,4832,4832_name_missing,経済局,economy,NA,NA,Unknown,non_engineer,2,6791,different_department,2,23,0,0,0,0,0,0,1.0986122886681098,3.1780538303479458,0,0
evt_427,1944,4832,4832_name_missing,経済局,economy,NA,NA,Unknown,non_engineer,2,6946,different_department,3,58,0,0,0,0,0,0,1.3862943611198906,4.07753744390572,0,0
evt_427,1944,4832,4832_name_missing,経済局,economy,NA,NA,Unknown,non_engineer,2,7029,different_department,2,26,0,0,0,0,0,0,1.0986122886681098,3.295836866004329,0,0
evt_427,1944,4832,4832_name_missing,経済局,economy,NA,NA,Unknown,non_engineer,2,7051,different_department,2,9,0,0,0,0,0,0,1.0986122886681098,2.302585092994046,0,0
evt_427,1944,4832,4832_name_missing,経済局,economy,NA,NA,Unknown,non_engineer,2,7191,different_department,1,19,0,0,0,0,0,0,0.6931471805599453,2.995732273553991,0,0
evt_427,1944,4832,4832_name_missing,経済局,economy,NA,NA,Unknown,non_engineer,2,7235,different_department,1,23,0,0,0,0,0,0,0.6931471805599453,3.1780538303479458,0,0
evt_427,1944,4832,4832_name_missing,経済局,economy,NA,NA,Unknown,non_engineer,2,7461,different_department,1,20,0,0,0,0,0,0,0.6931471805599453,3.044522437723423,0,0
evt_427,1944,4832,4832_name_missing,経済局,economy,NA,NA,Unknown,non_engineer,2,7484,different_department,2,29,0,0,0,0,0,0,1.0986122886681098,3.4011973816621555,0,0
evt_427,1944,4832,4832_name_missing,経済局,economy,NA,NA,Unknown,non_engineer,2,7492,different_department,1,26,0,0,0,0,0,0,0.6931471805599453,3.295836866004329,0,0
evt_427,1944,4832,4832_name_missing,経済局,economy,NA,NA,Unknown,non_engineer,2,7506,different_department,7,93,0,0,0,0,0,0,2.0794415416798357,4.543294782270004,0,0
evt_427,1944,4832,4832_name_missing,経済局,economy,NA,NA,Unknown,non_engineer,2,7525,different_department,4,5,0,0,0,0,0,0,1.6094379124341003,1.791759469228055,0,0
evt_427,1944,4832,4832_name_missing,経済局,economy,NA,NA,Unknown,non_engineer,2,7748,different_department,4,38,0,0,0,0,0,0,1.6094379124341003,3.6635616461296463,0,0
evt_427,1944,4832,4832_name_missing,経済局,economy,NA,NA,Unknown,non_engineer,2,7836,different_department,1,2,0,0,0,0,0,0,0.6931471805599453,1.0986122886681098,0,0
evt_427,1944,4832,4832_name_missing,経済局,economy,NA,NA,Unknown,non_engineer,2,7910,different_department,2,30,0,0,0,0,0,0,1.0986122886681098,3.4339872044851463,0,0
evt_427,1944,4832,4832_name_missing,経済局,economy,NA,NA,Unknown,non_engineer,2,8164,different_department,2,42,0,0,0,0,0,0,1.0986122886681098,3.7612001156935624,0,0
evt_427,1944,4832,4832_name_missing,経済局,economy,NA,NA,Unknown,non_engineer,2,8358,same_department,1,9,0,0,0,0,0,1,0.6931471805599453,2.302585092994046,0,0
evt_427,1944,4832,4832_name_missing,経済局,economy,NA,NA,Unknown,non_engineer,2,8426,different_department,1,3,0,0,0,0,0,0,0.6931471805599453,1.3862943611198906,0,0
evt_427,1944,4832,4832_name_missing,経済局,economy,NA,NA,Unknown,non_engineer,2,8514,different_department,1,2,0,0,0,0,0,0,0.6931471805599453,1.0986122886681098,0,0
evt_427,1944,4832,4832_name_missing,経済局,economy,NA,NA,Unknown,non_engineer,2,8594,different_department,1,16,0,0,0,0,0,0,0.6931471805599453,2.833213344056216,0,0
evt_427,1944,4832,4832_name_missing,経済局,economy,NA,NA,Unknown,non_engineer,2,8664,different_department,2,8,0,0,0,0,0,0,1.0986122886681098,2.1972245773362196,0,0
evt_427,1944,4832,4832_name_missing,経済局,economy,NA,NA,Unknown,non_engineer,2,8882,different_department,1,28,0,0,0,0,0,0,0.6931471805599453,3.367295829986474,0,0
evt_427,1944,4832,4832_name_missing,経済局,economy,NA,NA,Unknown,non_engineer,2,8905,different_department,6,14,0,0,0,0,0,0,1.9459101490553132,2.70805020110221,0,0
evt_432,1944,4912,4912_name_missing,長官官房,finance_admin,NA,NA,囑託員,yato,2,1130,different_department,3,2,0,0,0,0,0,0,1.3862943611198906,1.0986122886681098,0,0
evt_432,1944,4912,4912_name_missing,長官官房,finance_admin,NA,NA,囑託員,yato,2,1449,different_department,3,1,0,0,0,0,0,0,1.3862943611198906,0.6931471805599453,0,0
evt_432,1944,4912,4912_name_missing,長官官房,finance_admin,NA,NA,囑託員,yato,2,1490,different_department,2,1,0,0,0,0,0,0,1.0986122886681098,0.6931471805599453,0,0
evt_432,1944,4912,4912_name_missing,長官官房,finance_admin,NA,NA,囑託員,yato,2,1642,different_department,1,15,0,0,0,0,0,0,0.6931471805599453,2.772588722239781,0,0
evt_432,1944,4912,4912_name_missing,長官官房,finance_admin,NA,NA,囑託員,yato,2,2051,different_department,1,1,0,0,0,0,0,0,0.6931471805599453,0.6931471805599453,0,0
evt_432,1944,4912,4912_name_missing,長官官房,finance_admin,NA,NA,囑託員,yato,2,2072,different_department,3,1,0,0,0,0,0,0,1.3862943611198906,0.6931471805599453,0,0
evt_432,1944,4912,4912_name_missing,長官官房,finance_admin,NA,NA,囑託員,yato,2,2138,different_department,2,5,0,0,0,0,0,0,1.0986122886681098,1.791759469228055,0,0
evt_432,1944,4912,4912_name_missing,長官官房,finance_admin,NA,NA,囑託員,yato,2,2183,different_department,1,42,0,0,0,0,0,0,0.6931471805599453,3.7612001156935624,0,0
evt_432,1944,4912,4912_name_missing,長官官房,finance_admin,NA,NA,囑託員,yato,2,6328,different_department,4,26,0,0,0,0,0,0,1.6094379124341003,3.295836866004329,0,0
evt_432,1944,4912,4912_name_missing,長官官房,finance_admin,NA,NA,囑託員,yato,2,6701,different_department,1,12,0,0,0,0,0,0,0.6931471805599453,2.5649493574615367,0,0
evt_432,1944,4912,4912_name_missing,長官官房,finance_admin,NA,NA,囑託員,yato,2,6843,different_department,11,4,1,0,0,0,0,0,2.4849066497880004,1.6094379124341003,0,0
evt_432,1944,4912,4912_name_missing,長官官房,finance_admin,NA,NA,囑託員,yato,2,6946,different_department,8,58,0,0,0,0,0,0,2.1972245773362196,4.07753744390572,0,0
evt_432,1944,4912,4912_name_missing,長官官房,finance_admin,NA,NA,囑託員,yato,2,7506,different_department,3,93,0,0,0,0,0,0,1.3862943611198906,4.543294782270004,0,0
evt_432,1944,4912,4912_name_missing,長官官房,finance_admin,NA,NA,囑託員,yato,2,7525,different_department,2,5,0,0,0,0,0,0,1.0986122886681098,1.791759469228055,0,0
evt_433,1944,5814,5814_name_人事課,長官官房,finance_admin,人事課,NA,Unknown,non_engineer,2,1130,different_department,7,2,0,0,0,0,0,0,2.0794415416798357,1.0986122886681098,0,0
evt_433,1944,5814,5814_name_人事課,長官官房,finance_admin,人事課,NA,Unknown,non_engineer,2,1147,different_department,1,3,0,0,0,0,0,0,0.6931471805599453,1.3862943611198906,0,0
evt_433,1944,5814,5814_name_人事課,長官官房,finance_admin,人事課,NA,Unknown,non_engineer,2,1190,different_department,3,20,0,0,0,0,0,0,1.3862943611198906,3.044522437723423,0,0
evt_433,1944,5814,5814_name_人事課,長官官房,finance_admin,人事課,NA,Unknown,non_engineer,2,1193,different_department,7,4,0,0,0,0,0,0,2.0794415416798357,1.6094379124341003,0,0
evt_433,1944,5814,5814_name_人事課,長官官房,finance_admin,人事課,NA,Unknown,non_engineer,2,1225,different_department,1,1,0,0,0,0,0,0,0.6931471805599453,0.6931471805599453,0,0
evt_433,1944,5814,5814_name_人事課,長官官房,finance_admin,人事課,NA,Unknown,non_engineer,2,1233,different_department,5,7,0,0,0,0,0,0,1.791759469228055,2.0794415416798357,0,0
evt_433,1944,5814,5814_name_人事課,長官官房,finance_admin,人事課,NA,Unknown,non_engineer,2,1317,different_department,5,10,0,0,0,0,0,0,1.791759469228055,2.3978952727983707,0,0
evt_433,1944,5814,5814_name_人事課,長官官房,finance_admin,人事課,NA,Unknown,non_engineer,2,1335,different_department,1,25,0,0,0,0,0,0,0.6931471805599453,3.258096538021482,0,0
evt_433,1944,5814,5814_name_人事課,長官官房,finance_admin,人事課,NA,Unknown,non_engineer,2,1402,different_department,8,2,0,0,0,0,0,0,2.1972245773362196,1.0986122886681098,0,0
evt_433,1944,5814,5814_name_人事課,長官官房,finance_admin,人事課,NA,Unknown,non_engineer,2,1449,different_department,11,20,0,0,0,0,0,0,2.4849066497880004,3.044522437723423,0,0
evt_433,1944,5814,5814_name_人事課,長官官房,finance_admin,人事課,NA,Unknown,non_engineer,2,1478,different_department,4,5,0,0,0,0,0,0,1.6094379124341003,1.791759469228055,0,0
evt_433,1944,5814,5814_name_人事課,長官官房,finance_admin,人事課,NA,Unknown,non_engineer,2,1486,different_department,1,2,0,0,0,0,0,0,0.6931471805599453,1.0986122886681098,0,0
evt_433,1944,5814,5814_name_人事課,長官官房,finance_admin,人事課,NA,Unknown,non_engineer,2,1490,different_department,1,1,0,0,0,0,0,0,0.6931471805599453,0.6931471805599453,0,0
evt_433,1944,5814,5814_name_人事課,長官官房,finance_admin,人事課,NA,Unknown,non_engineer,2,1501,different_department,1,9,0,0,0,0,0,0,0.6931471805599453,2.302585092994046,0,0
evt_433,1944,5814,5814_name_人事課,長官官房,finance_admin,人事課,NA,Unknown,non_engineer,2,1531,different_department,2,1,0,0,0,0,0,0,1.0986122886681098,0.6931471805599453,0,0
evt_433,1944,5814,5814_name_人事課,長官官房,finance_admin,人事課,NA,Unknown,non_engineer,2,1538,different_department,1,4,0,0,0,0,0,0,0.6931471805599453,1.6094379124341003,0,0
evt_433,1944,5814,5814_name_人事課,長官官房,finance_admin,人事課,NA,Unknown,non_engineer,2,1555,different_department,3,11,0,0,0,0,0,0,1.3862943611198906,2.4849066497880004,0,0
evt_433,1944,5814,5814_name_人事課,長官官房,finance_admin,人事課,NA,Unknown,non_engineer,2,1642,different_department,1,15,0,0,0,0,0,0,0.6931471805599453,2.772588722239781,0,0
evt_433,1944,5814,5814_name_人事課,長官官房,finance_admin,人事課,NA,Unknown,non_engineer,2,1676,different_department,3,16,0,0,0,0,0,0,1.3862943611198906,2.833213344056216,0,0
evt_433,1944,5814,5814_name_人事課,長官官房,finance_admin,人事課,NA,Unknown,non_engineer,2,1697,different_department,1,2,0,0,0,0,0,0,0.6931471805599453,1.0986122886681098,0,0
evt_433,1944,5814,5814_name_人事課,長官官房,finance_admin,人事課,NA,Unknown,non_engineer,2,1752,different_department,5,11,0,0,0,0,0,0,1.791759469228055,2.4849066497880004,0,0
evt_433,1944,5814,5814_name_人事課,長官官房,finance_admin,人事課,NA,Unknown,non_engineer,2,1761,different_department,2,1,0,0,0,0,0,0,1.0986122886681098,0.6931471805599453,0,0
evt_433,1944,5814,5814_name_人事課,長官官房,finance_admin,人事課,NA,Unknown,non_engineer,2,1787,different_department,2,5,0,0,0,0,0,0,1.0986122886681098,1.791759469228055,0,0
evt_433,1944,5814,5814_name_人事課,長官官房,finance_admin,人事課,NA,Unknown,non_engineer,2,1794,different_department,7,7,0,0,0,0,0,0,2.0794415416798357,2.0794415416798357,0,0
evt_433,1944,5814,5814_name_人事課,長官官房,finance_admin,人事課,NA,Unknown,non_engineer,2,1896,different_department,3,1,0,0,0,0,0,0,1.3862943611198906,0.6931471805599453,0,0
evt_433,1944,5814,5814_name_人事課,長官官房,finance_admin,人事課,NA,Unknown,non_engineer,2,1906,different_department,1,15,0,0,0,0,0,0,0.6931471805599453,2.772588722239781,0,0
evt_433,1944,5814,5814_name_人事課,長官官房,finance_admin,人事課,NA,Unknown,non_engineer,2,1919,different_department,2,1,0,0,0,0,0,0,1.0986122886681098,0.6931471805599453,0,0
evt_433,1944,5814,5814_name_人事課,長官官房,finance_admin,人事課,NA,Unknown,non_engineer,2,1989,different_department,1,41,0,0,0,0,0,0,0.6931471805599453,3.7376696182833684,0,0
evt_433,1944,5814,5814_name_人事課,長官官房,finance_admin,人事課,NA,Unknown,non_engineer,2,2003,different_department,1,25,0,0,0,0,0,0,0.6931471805599453,3.258096538021482,0,0
evt_433,1944,5814,5814_name_人事課,長官官房,finance_admin,人事課,NA,Unknown,non_engineer,2,2033,different_department,4,1,0,0,0,0,0,0,1.6094379124341003,0.6931471805599453,0,0
evt_433,1944,5814,5814_name_人事課,長官官房,finance_admin,人事課,NA,Unknown,non_engineer,2,2056,different_department,4,15,0,0,0,0,0,0,1.6094379124341003,2.772588722239781,0,0
evt_433,1944,5814,5814_name_人事課,長官官房,finance_admin,人事課,NA,Unknown,non_engineer,2,2071,different_department,8,16,0,0,0,0,0,0,2.1972245773362196,2.833213344056216,0,0
evt_433,1944,5814,5814_name_人事課,長官官房,finance_admin,人事課,NA,Unknown,non_engineer,2,2072,different_department,3,1,0,0,0,0,0,0,1.3862943611198906,0.6931471805599453,0,0
evt_433,1944,5814,5814_name_人事課,長官官房,finance_admin,人事課,NA,Unknown,non_engineer,2,2109,different_department,4,6,0,0,0,0,0,0,1.6094379124341003,1.9459101490553132,0,0
evt_433,1944,5814,5814_name_人事課,長官官房,finance_admin,人事課,NA,Unknown,non_engineer,2,2123,different_department,2,1,0,0,0,0,0,0,1.0986122886681098,0.6931471805599453,0,0
evt_433,1944,5814,5814_name_人事課,長官官房,finance_admin,人事課,NA,Unknown,non_engineer,2,2125,different_department,4,7,1,0,0,0,0,0,1.6094379124341003,2.0794415416798357,0,0
evt_433,1944,5814,5814_name_人事課,長官官房,finance_admin,人事課,NA,Unknown,non_engineer,2,2138,different_department,6,5,0,0,0,0,0,0,1.9459101490553132,1.791759469228055,0,0
evt_433,1944,5814,5814_name_人事課,長官官房,finance_admin,人事課,NA,Unknown,non_engineer,2,2143,different_department,1,10,0,0,0,0,0,0,0.6931471805599453,2.3978952727983707,0,0
evt_433,1944,5814,5814_name_人事課,長官官房,finance_admin,人事課,NA,Unknown,non_engineer,2,2158,different_department,1,1,0,0,0,0,0,0,0.6931471805599453,0.6931471805599453,0,0
evt_433,1944,5814,5814_name_人事課,長官官房,finance_admin,人事課,NA,Unknown,non_engineer,2,2174,different_department,5,4,0,0,0,0,0,0,1.791759469228055,1.6094379124341003,0,0
evt_433,1944,5814,5814_name_人事課,長官官房,finance_admin,人事課,NA,Unknown,non_engineer,2,2183,different_department,7,42,0,0,0,0,0,0,2.0794415416798357,3.7612001156935624,0,0
evt_433,1944,5814,5814_name_人事課,長官官房,finance_admin,人事課,NA,Unknown,non_engineer,2,2213,different_department,1,7,0,0,0,0,0,0,0.6931471805599453,2.0794415416798357,0,0
evt_433,1944,5814,5814_name_人事課,長官官房,finance_admin,人事課,NA,Unknown,non_engineer,2,2221,different_department,2,1,0,0,0,0,0,0,1.0986122886681098,0.6931471805599453,0,0
evt_433,1944,5814,5814_name_人事課,長官官房,finance_admin,人事課,NA,Unknown,non_engineer,2,5764,different_department,3,17,0,0,0,0,0,0,1.3862943611198906,2.8903717578961645,0,0
evt_433,1944,5814,5814_name_人事課,長官官房,finance_admin,人事課,NA,Unknown,non_engineer,2,5869,different_department,1,28,0,0,0,0,0,0,0.6931471805599453,3.367295829986474,0,0
evt_433,1944,5814,5814_name_人事課,長官官房,finance_admin,人事課,NA,Unknown,non_engineer,2,5908,different_department,2,27,0,0,0,0,0,0,1.0986122886681098,3.332204510175204,0,0
evt_433,1944,5814,5814_name_人事課,長官官房,finance_admin,人事課,NA,Unknown,non_engineer,2,6184,different_department,2,24,0,0,0,0,0,0,1.0986122886681098,3.2188758248682006,0,0
evt_433,1944,5814,5814_name_人事課,長官官房,finance_admin,人事課,NA,Unknown,non_engineer,2,6233,different_department,1,23,0,0,0,0,0,0,0.6931471805599453,3.1780538303479458,0,0
evt_433,1944,5814,5814_name_人事課,長官官房,finance_admin,人事課,NA,Unknown,non_engineer,2,6328,different_department,1,26,0,0,0,0,0,0,0.6931471805599453,3.295836866004329,0,0
evt_433,1944,5814,5814_name_人事課,長官官房,finance_admin,人事課,NA,Unknown,non_engineer,2,6337,different_department,4,5,0,0,0,0,0,0,1.6094379124341003,1.791759469228055,0,0
evt_433,1944,5814,5814_name_人事課,長官官房,finance_admin,人事課,NA,Unknown,non_engineer,2,6701,different_department,17,12,0,0,0,0,0,0,2.8903717578961645,2.5649493574615367,0,0
evt_433,1944,5814,5814_name_人事課,長官官房,finance_admin,人事課,NA,Unknown,non_engineer,2,6791,different_department,2,23,0,0,0,0,0,0,1.0986122886681098,3.1780538303479458,0,0
evt_433,1944,5814,5814_name_人事課,長官官房,finance_admin,人事課,NA,Unknown,non_engineer,2,6946,different_department,3,58,0,0,0,0,0,0,1.3862943611198906,4.07753744390572,0,0
evt_433,1944,5814,5814_name_人事課,長官官房,finance_admin,人事課,NA,Unknown,non_engineer,2,6953,different_department,4,25,0,0,0,0,0,0,1.6094379124341003,3.258096538021482,0,0
evt_433,1944,5814,5814_name_人事課,長官官房,finance_admin,人事課,NA,Unknown,non_engineer,2,7029,different_department,2,26,0,0,0,0,0,0,1.0986122886681098,3.295836866004329,0,0
evt_433,1944,5814,5814_name_人事課,長官官房,finance_admin,人事課,NA,Unknown,non_engineer,2,7051,different_department,2,9,0,0,0,0,0,0,1.0986122886681098,2.302585092994046,0,0
evt_433,1944,5814,5814_name_人事課,長官官房,finance_admin,人事課,NA,Unknown,non_engineer,2,7191,different_department,1,19,0,0,0,0,0,0,0.6931471805599453,2.995732273553991,0,0
evt_433,1944,5814,5814_name_人事課,長官官房,finance_admin,人事課,NA,Unknown,non_engineer,2,7235,different_department,1,23,0,0,0,0,0,0,0.6931471805599453,3.1780538303479458,0,0
evt_433,1944,5814,5814_name_人事課,長官官房,finance_admin,人事課,NA,Unknown,non_engineer,2,7461,different_department,1,20,0,0,0,0,0,0,0.6931471805599453,3.044522437723423,0,0
evt_433,1944,5814,5814_name_人事課,長官官房,finance_admin,人事課,NA,Unknown,non_engineer,2,7484,different_department,2,29,0,0,0,0,0,0,1.0986122886681098,3.4011973816621555,0,0
evt_433,1944,5814,5814_name_人事課,長官官房,finance_admin,人事課,NA,Unknown,non_engineer,2,7492,different_department,1,26,0,0,0,0,0,0,0.6931471805599453,3.295836866004329,0,0
evt_433,1944,5814,5814_name_人事課,長官官房,finance_admin,人事課,NA,Unknown,non_engineer,2,7506,different_department,7,93,0,0,0,0,0,0,2.0794415416798357,4.543294782270004,0,0
evt_433,1944,5814,5814_name_人事課,長官官房,finance_admin,人事課,NA,Unknown,non_engineer,2,7525,different_department,4,5,0,0,0,0,0,0,1.6094379124341003,1.791759469228055,0,0
evt_433,1944,5814,5814_name_人事課,長官官房,finance_admin,人事課,NA,Unknown,non_engineer,2,7748,different_department,4,38,0,0,0,0,0,0,1.6094379124341003,3.6635616461296463,0,0
evt_433,1944,5814,5814_name_人事課,長官官房,finance_admin,人事課,NA,Unknown,non_engineer,2,7836,different_department,1,2,0,0,0,0,0,0,0.6931471805599453,1.0986122886681098,0,0
evt_433,1944,5814,5814_name_人事課,長官官房,finance_admin,人事課,NA,Unknown,non_engineer,2,7910,different_department,2,30,0,0,0,0,0,0,1.0986122886681098,3.4339872044851463,0,0
evt_433,1944,5814,5814_name_人事課,長官官房,finance_admin,人事課,NA,Unknown,non_engineer,2,8164,different_department,2,42,0,0,0,0,0,0,1.0986122886681098,3.7612001156935624,0,0
evt_433,1944,5814,5814_name_人事課,長官官房,finance_admin,人事課,NA,Unknown,non_engineer,2,8358,different_department,1,9,0,0,0,0,0,0,0.6931471805599453,2.302585092994046,0,0
evt_433,1944,5814,5814_name_人事課,長官官房,finance_admin,人事課,NA,Unknown,non_engineer,2,8426,different_department,1,3,0,0,0,0,0,0,0.6931471805599453,1.3862943611198906,0,0
evt_433,1944,5814,5814_name_人事課,長官官房,finance_admin,人事課,NA,Unknown,non_engineer,2,8514,different_department,1,2,0,0,0,0,0,0,0.6931471805599453,1.0986122886681098,0,0
evt_433,1944,5814,5814_name_人事課,長官官房,finance_admin,人事課,NA,Unknown,non_engineer,2,8594,different_department,1,16,0,0,0,0,0,0,0.6931471805599453,2.833213344056216,0,0
evt_433,1944,5814,5814_name_人事課,長官官房,finance_admin,人事課,NA,Unknown,non_engineer,2,8664,different_department,2,8,0,0,0,0,0,0,1.0986122886681098,2.1972245773362196,0,0
evt_433,1944,5814,5814_name_人事課,長官官房,finance_admin,人事課,NA,Unknown,non_engineer,2,8882,different_department,1,28,0,0,0,0,0,0,0.6931471805599453,3.367295829986474,0,0
evt_433,1944,5814,5814_name_人事課,長官官房,finance_admin,人事課,NA,Unknown,non_engineer,2,8905,different_department,6,14,0,0,0,0,0,0,1.9459101490553132,2.70805020110221,0,0
evt_435,1944,5814,5814_name_人事課,長官官房,finance_admin,人事課,NA,雇,yato,1,1130,different_department,2,2,0,0,0,0,0,0,1.0986122886681098,1.0986122886681098,0,0
evt_435,1944,5814,5814_name_人事課,長官官房,finance_admin,人事課,NA,雇,yato,1,1147,different_department,2,3,0,0,0,0,0,0,1.0986122886681098,1.3862943611198906,0,0
evt_435,1944,5814,5814_name_人事課,長官官房,finance_admin,人事課,NA,雇,yato,1,1190,different_department,10,20,0,0,0,0,0,0,2.3978952727983707,3.044522437723423,0,0
evt_435,1944,5814,5814_name_人事課,長官官房,finance_admin,人事課,NA,雇,yato,1,1225,different_department,1,1,0,0,0,0,0,0,0.6931471805599453,0.6931471805599453,0,0
evt_435,1944,5814,5814_name_人事課,長官官房,finance_admin,人事課,NA,雇,yato,1,1449,different_department,11,20,0,0,0,0,0,0,2.4849066497880004,3.044522437723423,0,0
evt_435,1944,5814,5814_name_人事課,長官官房,finance_admin,人事課,NA,雇,yato,1,1478,different_department,7,5,0,0,0,0,0,0,2.0794415416798357,1.791759469228055,0,0
evt_435,1944,5814,5814_name_人事課,長官官房,finance_admin,人事課,NA,雇,yato,1,1555,different_department,14,11,0,0,0,0,0,0,2.70805020110221,2.4849066497880004,0,0
evt_435,1944,5814,5814_name_人事課,長官官房,finance_admin,人事課,NA,雇,yato,1,1566,different_department,1,3,0,0,0,0,0,0,0.6931471805599453,1.3862943611198906,0,0
evt_435,1944,5814,5814_name_人事課,長官官房,finance_admin,人事課,NA,雇,yato,1,1642,different_department,4,15,0,0,0,0,0,0,1.6094379124341003,2.772588722239781,0,0
evt_435,1944,5814,5814_name_人事課,長官官房,finance_admin,人事課,NA,雇,yato,1,1697,different_department,2,2,0,0,0,0,0,0,1.0986122886681098,1.0986122886681098,0,0
evt_435,1944,5814,5814_name_人事課,長官官房,finance_admin,人事課,NA,雇,yato,1,1752,different_department,7,11,0,0,0,0,0,0,2.0794415416798357,2.4849066497880004,0,0
evt_435,1944,5814,5814_name_人事課,長官官房,finance_admin,人事課,NA,雇,yato,1,1896,different_department,5,1,0,0,0,0,0,0,1.791759469228055,0.6931471805599453,0,0
evt_435,1944,5814,5814_name_人事課,長官官房,finance_admin,人事課,NA,雇,yato,1,1906,different_department,1,15,0,0,0,0,0,0,0.6931471805599453,2.772588722239781,0,0
evt_435,1944,5814,5814_name_人事課,長官官房,finance_admin,人事課,NA,雇,yato,1,1972,different_department,1,13,0,0,0,0,0,0,0.6931471805599453,2.6390573296152584,0,0
evt_435,1944,5814,5814_name_人事課,長官官房,finance_admin,人事課,NA,雇,yato,1,1989,different_department,1,41,0,0,0,0,0,0,0.6931471805599453,3.7376696182833684,0,0
evt_435,1944,5814,5814_name_人事課,長官官房,finance_admin,人事課,NA,雇,yato,1,2051,different_department,3,1,0,0,0,0,0,0,1.3862943611198906,0.6931471805599453,0,0
evt_435,1944,5814,5814_name_人事課,長官官房,finance_admin,人事課,NA,雇,yato,1,2056,different_department,6,15,0,0,0,0,0,0,1.9459101490553132,2.772588722239781,0,0
evt_435,1944,5814,5814_name_人事課,長官官房,finance_admin,人事課,NA,雇,yato,1,2071,different_department,1,16,0,0,0,0,0,0,0.6931471805599453,2.833213344056216,0,0
evt_435,1944,5814,5814_name_人事課,長官官房,finance_admin,人事課,NA,雇,yato,1,2109,different_department,5,6,0,0,0,0,0,0,1.791759469228055,1.9459101490553132,0,0
evt_435,1944,5814,5814_name_人事課,長官官房,finance_admin,人事課,NA,雇,yato,1,2118,different_department,2,16,0,0,0,0,0,0,1.0986122886681098,2.833213344056216,0,0
evt_435,1944,5814,5814_name_人事課,長官官房,finance_admin,人事課,NA,雇,yato,1,2123,different_department,2,1,0,0,0,0,0,0,1.0986122886681098,0.6931471805599453,0,0
evt_435,1944,5814,5814_name_人事課,長官官房,finance_admin,人事課,NA,雇,yato,1,2125,different_department,5,7,0,0,0,0,0,0,1.791759469228055,2.0794415416798357,0,0
evt_435,1944,5814,5814_name_人事課,長官官房,finance_admin,人事課,NA,雇,yato,1,2138,different_department,3,5,0,0,0,0,0,0,1.3862943611198906,1.791759469228055,0,0
evt_435,1944,5814,5814_name_人事課,長官官房,finance_admin,人事課,NA,雇,yato,1,2143,different_department,4,10,0,0,0,0,0,0,1.6094379124341003,2.3978952727983707,0,0
evt_435,1944,5814,5814_name_人事課,長官官房,finance_admin,人事課,NA,雇,yato,1,2158,different_department,3,1,0,0,0,0,0,0,1.3862943611198906,0.6931471805599453,0,0
evt_435,1944,5814,5814_name_人事課,長官官房,finance_admin,人事課,NA,雇,yato,1,2159,different_department,2,4,0,0,0,0,0,0,1.0986122886681098,1.6094379124341003,0,0
evt_435,1944,5814,5814_name_人事課,長官官房,finance_admin,人事課,NA,雇,yato,1,2213,different_department,7,7,0,0,0,0,0,0,2.0794415416798357,2.0794415416798357,0,0
evt_435,1944,5814,5814_name_人事課,長官官房,finance_admin,人事課,NA,雇,yato,1,5869,different_department,3,28,0,0,0,0,0,0,1.3862943611198906,3.367295829986474,0,0
evt_435,1944,5814,5814_name_人事課,長官官房,finance_admin,人事課,NA,雇,yato,1,6328,different_department,5,26,0,0,0,0,0,0,1.791759469228055,3.295836866004329,0,0
evt_435,1944,5814,5814_name_人事課,長官官房,finance_admin,人事課,NA,雇,yato,1,6415,different_department,1,1,0,0,0,0,0,0,0.6931471805599453,0.6931471805599453,0,0
evt_435,1944,5814,5814_name_人事課,長官官房,finance_admin,人事課,NA,雇,yato,1,6501,different_department,1,2,0,0,0,0,0,0,0.6931471805599453,1.0986122886681098,0,0
evt_435,1944,5814,5814_name_人事課,長官官房,finance_admin,人事課,NA,雇,yato,1,6641,different_department,1,1,0,0,0,0,0,0,0.6931471805599453,0.6931471805599453,0,0
evt_435,1944,5814,5814_name_人事課,長官官房,finance_admin,人事課,NA,雇,yato,1,6701,different_department,1,12,0,0,0,0,0,0,0.6931471805599453,2.5649493574615367,0,0
evt_435,1944,5814,5814_name_人事課,長官官房,finance_admin,人事課,NA,雇,yato,1,6843,different_department,12,4,0,0,0,0,0,0,2.5649493574615367,1.6094379124341003,0,0
evt_435,1944,5814,5814_name_人事課,長官官房,finance_admin,人事課,NA,雇,yato,1,6844,different_department,1,6,0,0,0,0,0,0,0.6931471805599453,1.9459101490553132,0,0
evt_435,1944,5814,5814_name_人事課,長官官房,finance_admin,人事課,NA,雇,yato,1,6845,different_department,2,16,0,0,0,0,0,0,1.0986122886681098,2.833213344056216,0,0
evt_435,1944,5814,5814_name_人事課,長官官房,finance_admin,人事課,NA,雇,yato,1,6953,different_department,19,25,0,0,0,0,0,0,2.995732273553991,3.258096538021482,0,0
evt_435,1944,5814,5814_name_人事課,長官官房,finance_admin,人事課,NA,雇,yato,1,7506,different_department,2,93,0,0,0,0,0,0,1.0986122886681098,4.543294782270004,0,0
evt_435,1944,5814,5814_name_人事課,長官官房,finance_admin,人事課,NA,雇,yato,1,7525,different_department,4,5,0,0,0,0,0,0,1.6094379124341003,1.791759469228055,0,0
evt_435,1944,5814,5814_name_人事課,長官官房,finance_admin,人事課,NA,雇,yato,1,7782,different_department,5,32,0,0,0,0,0,0,1.791759469228055,3.4965075614664802,0,0
evt_435,1944,5814,5814_name_人事課,長官官房,finance_admin,人事課,NA,雇,yato,1,8164,different_department,7,9,0,0,0,0,0,0,2.0794415416798357,2.302585092994046,0,0
evt_435,1944,5814,5814_name_人事課,長官官房,finance_admin,人事課,NA,雇,yato,1,8321,different_department,4,7,0,0,0,0,0,0,1.6094379124341003,2.0794415416798357,0,0
evt_435,1944,5814,5814_name_人事課,長官官房,finance_admin,人事課,NA,雇,yato,1,8358,different_department,15,81,1,0,0,0,0,0,2.772588722239781,4.406719247264253,0,0
evt_435,1944,5814,5814_name_人事課,長官官房,finance_admin,人事課,NA,雇,yato,1,8490,different_department,11,37,0,0,0,0,0,0,2.4849066497880004,3.6375861597263857,0,0
evt_435,1944,5814,5814_name_人事課,長官官房,finance_admin,人事課,NA,雇,yato,1,8594,different_department,7,16,0,0,0,0,0,0,2.0794415416798357,2.833213344056216,0,0
evt_435,1944,5814,5814_name_人事課,長官官房,finance_admin,人事課,NA,雇,yato,1,8757,different_department,4,7,0,0,0,0,0,0,1.6094379124341003,2.0794415416798357,0,0
evt_435,1944,5814,5814_name_人事課,長官官房,finance_admin,人事課,NA,雇,yato,1,8882,different_department,1,28,0,0,0,0,0,0,0.6931471805599453,3.367295829986474,0,0
evt_435,1944,5814,5814_name_人事課,長官官房,finance_admin,人事課,NA,雇,yato,1,8899,different_department,4,9,0,0,0,0,0,0,1.6094379124341003,2.302585092994046,0,0
evt_435,1944,5814,5814_name_人事課,長官官房,finance_admin,人事課,NA,雇,yato,1,8905,different_department,19,14,0,0,0,0,0,0,2.995732273553991,2.70805020110221,0,0
evt_435,1944,5814,5814_name_人事課,長官官房,finance_admin,人事課,NA,雇,yato,1,8946,different_department,1,29,0,0,0,0,0,0,0.6931471805599453,3.4011973816621555,0,0
evt_435,1944,5814,5814_name_人事課,長官官房,finance_admin,人事課,NA,雇,yato,1,8994,different_department,13,28,0,0,0,0,0,0,2.6390573296152584,3.367295829986474,0,0
evt_435,1944,5814,5814_name_人事課,長官官房,finance_admin,人事課,NA,雇,yato,1,8996,different_department,2,2,0,0,0,0,0,0,1.0986122886681098,1.0986122886681098,0,0
evt_436,1944,5817,5817_name_用度課,長官官房,finance_admin,用度課,NA,Unknown,non_engineer,2,1130,different_department,7,2,0,0,0,0,0,0,2.0794415416798357,1.0986122886681098,0,0
evt_436,1944,5817,5817_name_用度課,長官官房,finance_admin,用度課,NA,Unknown,non_engineer,2,1147,different_department,1,3,0,0,0,0,0,0,0.6931471805599453,1.3862943611198906,0,0
evt_436,1944,5817,5817_name_用度課,長官官房,finance_admin,用度課,NA,Unknown,non_engineer,2,1190,different_department,3,20,0,0,0,0,0,0,1.3862943611198906,3.044522437723423,0,0
evt_436,1944,5817,5817_name_用度課,長官官房,finance_admin,用度課,NA,Unknown,non_engineer,2,1193,different_department,7,4,0,0,0,0,0,0,2.0794415416798357,1.6094379124341003,0,0
evt_436,1944,5817,5817_name_用度課,長官官房,finance_admin,用度課,NA,Unknown,non_engineer,2,1225,different_department,1,1,0,0,0,0,0,0,0.6931471805599453,0.6931471805599453,0,0
evt_436,1944,5817,5817_name_用度課,長官官房,finance_admin,用度課,NA,Unknown,non_engineer,2,1233,different_department,5,7,0,0,0,0,0,0,1.791759469228055,2.0794415416798357,0,0
evt_436,1944,5817,5817_name_用度課,長官官房,finance_admin,用度課,NA,Unknown,non_engineer,2,1317,different_department,5,10,0,0,0,0,0,0,1.791759469228055,2.3978952727983707,0,0
evt_436,1944,5817,5817_name_用度課,長官官房,finance_admin,用度課,NA,Unknown,non_engineer,2,1335,different_department,1,25,0,0,0,0,0,0,0.6931471805599453,3.258096538021482,0,0
evt_436,1944,5817,5817_name_用度課,長官官房,finance_admin,用度課,NA,Unknown,non_engineer,2,1402,different_department,8,2,0,0,0,0,0,0,2.1972245773362196,1.0986122886681098,0,0
evt_436,1944,5817,5817_name_用度課,長官官房,finance_admin,用度課,NA,Unknown,non_engineer,2,1449,different_department,11,20,0,0,0,0,0,0,2.4849066497880004,3.044522437723423,0,0
evt_436,1944,5817,5817_name_用度課,長官官房,finance_admin,用度課,NA,Unknown,non_engineer,2,1478,different_department,4,5,0,0,0,0,0,0,1.6094379124341003,1.791759469228055,0,0
evt_436,1944,5817,5817_name_用度課,長官官房,finance_admin,用度課,NA,Unknown,non_engineer,2,1486,different_department,1,2,0,0,0,0,0,0,0.6931471805599453,1.0986122886681098,0,0
evt_436,1944,5817,5817_name_用度課,長官官房,finance_admin,用度課,NA,Unknown,non_engineer,2,1490,different_department,1,1,0,0,0,0,0,0,0.6931471805599453,0.6931471805599453,0,0
evt_436,1944,5817,5817_name_用度課,長官官房,finance_admin,用度課,NA,Unknown,non_engineer,2,1501,different_department,1,9,0,0,0,0,0,0,0.6931471805599453,2.302585092994046,0,0
evt_436,1944,5817,5817_name_用度課,長官官房,finance_admin,用度課,NA,Unknown,non_engineer,2,1531,different_department,2,1,0,0,0,0,0,0,1.0986122886681098,0.6931471805599453,0,0
evt_436,1944,5817,5817_name_用度課,長官官房,finance_admin,用度課,NA,Unknown,non_engineer,2,1538,different_department,1,4,0,0,0,0,0,0,0.6931471805599453,1.6094379124341003,0,0
evt_436,1944,5817,5817_name_用度課,長官官房,finance_admin,用度課,NA,Unknown,non_engineer,2,1555,different_department,3,11,0,0,0,0,0,0,1.3862943611198906,2.4849066497880004,0,0
evt_436,1944,5817,5817_name_用度課,長官官房,finance_admin,用度課,NA,Unknown,non_engineer,2,1642,different_department,1,15,0,0,0,0,0,0,0.6931471805599453,2.772588722239781,0,0
evt_436,1944,5817,5817_name_用度課,長官官房,finance_admin,用度課,NA,Unknown,non_engineer,2,1676,different_department,3,16,0,0,0,0,0,0,1.3862943611198906,2.833213344056216,0,0
evt_436,1944,5817,5817_name_用度課,長官官房,finance_admin,用度課,NA,Unknown,non_engineer,2,1697,different_department,1,2,0,0,0,0,0,0,0.6931471805599453,1.0986122886681098,0,0
evt_436,1944,5817,5817_name_用度課,長官官房,finance_admin,用度課,NA,Unknown,non_engineer,2,1752,different_department,5,11,0,0,0,0,0,0,1.791759469228055,2.4849066497880004,0,0
evt_436,1944,5817,5817_name_用度課,長官官房,finance_admin,用度課,NA,Unknown,non_engineer,2,1761,different_department,2,1,0,0,0,0,0,0,1.0986122886681098,0.6931471805599453,0,0
evt_436,1944,5817,5817_name_用度課,長官官房,finance_admin,用度課,NA,Unknown,non_engineer,2,1787,different_department,2,5,1,0,0,0,0,0,1.0986122886681098,1.791759469228055,0,0
evt_436,1944,5817,5817_name_用度課,長官官房,finance_admin,用度課,NA,Unknown,non_engineer,2,1794,different_department,7,7,0,0,0,0,0,0,2.0794415416798357,2.0794415416798357,0,0
evt_436,1944,5817,5817_name_用度課,長官官房,finance_admin,用度課,NA,Unknown,non_engineer,2,1896,different_department,3,1,0,0,0,0,0,0,1.3862943611198906,0.6931471805599453,0,0
evt_436,1944,5817,5817_name_用度課,長官官房,finance_admin,用度課,NA,Unknown,non_engineer,2,1906,different_department,1,15,0,0,0,0,0,0,0.6931471805599453,2.772588722239781,0,0
evt_436,1944,5817,5817_name_用度課,長官官房,finance_admin,用度課,NA,Unknown,non_engineer,2,1919,different_department,2,1,0,0,0,0,0,0,1.0986122886681098,0.6931471805599453,0,0
evt_436,1944,5817,5817_name_用度課,長官官房,finance_admin,用度課,NA,Unknown,non_engineer,2,1989,different_department,1,41,0,0,0,0,0,0,0.6931471805599453,3.7376696182833684,0,0
evt_436,1944,5817,5817_name_用度課,長官官房,finance_admin,用度課,NA,Unknown,non_engineer,2,2003,different_department,1,25,0,0,0,0,0,0,0.6931471805599453,3.258096538021482,0,0
evt_436,1944,5817,5817_name_用度課,長官官房,finance_admin,用度課,NA,Unknown,non_engineer,2,2033,different_department,4,1,0,0,0,0,0,0,1.6094379124341003,0.6931471805599453,0,0
evt_436,1944,5817,5817_name_用度課,長官官房,finance_admin,用度課,NA,Unknown,non_engineer,2,2056,different_department,4,15,0,0,0,0,0,0,1.6094379124341003,2.772588722239781,0,0
evt_436,1944,5817,5817_name_用度課,長官官房,finance_admin,用度課,NA,Unknown,non_engineer,2,2071,different_department,8,16,0,0,0,0,0,0,2.1972245773362196,2.833213344056216,0,0
evt_436,1944,5817,5817_name_用度課,長官官房,finance_admin,用度課,NA,Unknown,non_engineer,2,2072,different_department,3,1,0,0,0,0,0,0,1.3862943611198906,0.6931471805599453,0,0
evt_436,1944,5817,5817_name_用度課,長官官房,finance_admin,用度課,NA,Unknown,non_engineer,2,2109,different_department,4,6,1,0,0,0,0,0,1.6094379124341003,1.9459101490553132,0,0
evt_436,1944,5817,5817_name_用度課,長官官房,finance_admin,用度課,NA,Unknown,non_engineer,2,2123,different_department,2,1,0,0,0,0,0,0,1.0986122886681098,0.6931471805599453,0,0
evt_436,1944,5817,5817_name_用度課,長官官房,finance_admin,用度課,NA,Unknown,non_engineer,2,2125,different_department,4,7,0,0,0,0,0,0,1.6094379124341003,2.0794415416798357,0,0
evt_436,1944,5817,5817_name_用度課,長官官房,finance_admin,用度課,NA,Unknown,non_engineer,2,2138,different_department,6,5,0,0,0,0,0,0,1.9459101490553132,1.791759469228055,0,0
evt_436,1944,5817,5817_name_用度課,長官官房,finance_admin,用度課,NA,Unknown,non_engineer,2,2143,different_department,1,10,0,0,0,0,0,0,0.6931471805599453,2.3978952727983707,0,0
evt_436,1944,5817,5817_name_用度課,長官官房,finance_admin,用度課,NA,Unknown,non_engineer,2,2158,different_department,1,1,0,0,0,0,0,0,0.6931471805599453,0.6931471805599453,0,0
evt_436,1944,5817,5817_name_用度課,長官官房,finance_admin,用度課,NA,Unknown,non_engineer,2,2174,different_department,5,4,0,0,0,0,0,0,1.791759469228055,1.6094379124341003,0,0
evt_436,1944,5817,5817_name_用度課,長官官房,finance_admin,用度課,NA,Unknown,non_engineer,2,2183,different_department,7,42,0,0,0,0,0,0,2.0794415416798357,3.7612001156935624,0,0
evt_436,1944,5817,5817_name_用度課,長官官房,finance_admin,用度課,NA,Unknown,non_engineer,2,2213,different_department,1,7,0,0,0,0,0,0,0.6931471805599453,2.0794415416798357,0,0
evt_436,1944,5817,5817_name_用度課,長官官房,finance_admin,用度課,NA,Unknown,non_engineer,2,2221,different_department,2,1,0,0,0,0,0,0,1.0986122886681098,0.6931471805599453,0,0
evt_436,1944,5817,5817_name_用度課,長官官房,finance_admin,用度課,NA,Unknown,non_engineer,2,5764,different_department,3,17,0,0,0,0,0,0,1.3862943611198906,2.8903717578961645,0,0
evt_436,1944,5817,5817_name_用度課,長官官房,finance_admin,用度課,NA,Unknown,non_engineer,2,5869,different_department,1,28,0,0,0,0,0,0,0.6931471805599453,3.367295829986474,0,0
evt_436,1944,5817,5817_name_用度課,長官官房,finance_admin,用度課,NA,Unknown,non_engineer,2,5908,different_department,2,27,0,0,0,0,0,0,1.0986122886681098,3.332204510175204,0,0
evt_436,1944,5817,5817_name_用度課,長官官房,finance_admin,用度課,NA,Unknown,non_engineer,2,6184,different_department,2,24,0,0,0,0,0,0,1.0986122886681098,3.2188758248682006,0,0
evt_436,1944,5817,5817_name_用度課,長官官房,finance_admin,用度課,NA,Unknown,non_engineer,2,6233,different_department,1,23,0,0,0,0,0,0,0.6931471805599453,3.1780538303479458,0,0
evt_436,1944,5817,5817_name_用度課,長官官房,finance_admin,用度課,NA,Unknown,non_engineer,2,6328,different_department,1,26,0,0,0,0,0,0,0.6931471805599453,3.295836866004329,0,0
evt_436,1944,5817,5817_name_用度課,長官官房,finance_admin,用度課,NA,Unknown,non_engineer,2,6337,different_department,4,5,0,0,0,0,0,0,1.6094379124341003,1.791759469228055,0,0
evt_436,1944,5817,5817_name_用度課,長官官房,finance_admin,用度課,NA,Unknown,non_engineer,2,6701,different_department,17,12,0,0,0,0,0,0,2.8903717578961645,2.5649493574615367,0,0
evt_436,1944,5817,5817_name_用度課,長官官房,finance_admin,用度課,NA,Unknown,non_engineer,2,6791,different_department,2,23,0,0,0,0,0,0,1.0986122886681098,3.1780538303479458,0,0
evt_436,1944,5817,5817_name_用度課,長官官房,finance_admin,用度課,NA,Unknown,non_engineer,2,6946,different_department,3,58,0,0,0,0,0,0,1.3862943611198906,4.07753744390572,0,0
evt_436,1944,5817,5817_name_用度課,長官官房,finance_admin,用度課,NA,Unknown,non_engineer,2,6953,different_department,4,25,0,0,0,0,0,0,1.6094379124341003,3.258096538021482,0,0
evt_436,1944,5817,5817_name_用度課,長官官房,finance_admin,用度課,NA,Unknown,non_engineer,2,7029,different_department,2,26,0,0,0,0,0,0,1.0986122886681098,3.295836866004329,0,0
evt_436,1944,5817,5817_name_用度課,長官官房,finance_admin,用度課,NA,Unknown,non_engineer,2,7051,different_department,2,9,0,0,0,0,0,0,1.0986122886681098,2.302585092994046,0,0
evt_436,1944,5817,5817_name_用度課,長官官房,finance_admin,用度課,NA,Unknown,non_engineer,2,7191,different_department,1,19,0,0,0,0,0,0,0.6931471805599453,2.995732273553991,0,0
evt_436,1944,5817,5817_name_用度課,長官官房,finance_admin,用度課,NA,Unknown,non_engineer,2,7235,different_department,1,23,0,0,0,0,0,0,0.6931471805599453,3.1780538303479458,0,0
evt_436,1944,5817,5817_name_用度課,長官官房,finance_admin,用度課,NA,Unknown,non_engineer,2,7461,different_department,1,20,0,0,0,0,0,0,0.6931471805599453,3.044522437723423,0,0
evt_436,1944,5817,5817_name_用度課,長官官房,finance_admin,用度課,NA,Unknown,non_engineer,2,7484,different_department,2,29,0,0,0,0,0,0,1.0986122886681098,3.4011973816621555,0,0
evt_436,1944,5817,5817_name_用度課,長官官房,finance_admin,用度課,NA,Unknown,non_engineer,2,7492,different_department,1,26,0,0,0,0,0,0,0.6931471805599453,3.295836866004329,0,0
evt_436,1944,5817,5817_name_用度課,長官官房,finance_admin,用度課,NA,Unknown,non_engineer,2,7506,different_department,7,93,0,0,0,0,0,0,2.0794415416798357,4.543294782270004,0,0
evt_436,1944,5817,5817_name_用度課,長官官房,finance_admin,用度課,NA,Unknown,non_engineer,2,7525,different_department,4,5,0,0,0,0,0,0,1.6094379124341003,1.791759469228055,0,0
evt_436,1944,5817,5817_name_用度課,長官官房,finance_admin,用度課,NA,Unknown,non_engineer,2,7748,different_department,4,38,0,0,0,0,0,0,1.6094379124341003,3.6635616461296463,0,0
evt_436,1944,5817,5817_name_用度課,長官官房,finance_admin,用度課,NA,Unknown,non_engineer,2,7836,different_department,1,2,0,0,0,0,0,0,0.6931471805599453,1.0986122886681098,0,0
evt_436,1944,5817,5817_name_用度課,長官官房,finance_admin,用度課,NA,Unknown,non_engineer,2,7910,different_department,2,30,0,0,0,0,0,0,1.0986122886681098,3.4339872044851463,0,0
evt_436,1944,5817,5817_name_用度課,長官官房,finance_admin,用度課,NA,Unknown,non_engineer,2,8164,different_department,2,42,0,0,0,0,0,0,1.0986122886681098,3.7612001156935624,0,0
evt_436,1944,5817,5817_name_用度課,長官官房,finance_admin,用度課,NA,Unknown,non_engineer,2,8358,different_department,1,9,0,0,0,0,0,0,0.6931471805599453,2.302585092994046,0,0
evt_436,1944,5817,5817_name_用度課,長官官房,finance_admin,用度課,NA,Unknown,non_engineer,2,8426,different_department,1,3,0,0,0,0,0,0,0.6931471805599453,1.3862943611198906,0,0
evt_436,1944,5817,5817_name_用度課,長官官房,finance_admin,用度課,NA,Unknown,non_engineer,2,8514,different_department,1,2,0,0,0,0,0,0,0.6931471805599453,1.0986122886681098,0,0
evt_436,1944,5817,5817_name_用度課,長官官房,finance_admin,用度課,NA,Unknown,non_engineer,2,8594,different_department,1,16,0,0,0,0,0,0,0.6931471805599453,2.833213344056216,0,0
evt_436,1944,5817,5817_name_用度課,長官官房,finance_admin,用度課,NA,Unknown,non_engineer,2,8664,different_department,2,8,0,0,0,0,0,0,1.0986122886681098,2.1972245773362196,0,0
evt_436,1944,5817,5817_name_用度課,長官官房,finance_admin,用度課,NA,Unknown,non_engineer,2,8882,different_department,1,28,0,0,0,0,0,0,0.6931471805599453,3.367295829986474,0,0
evt_436,1944,5817,5817_name_用度課,長官官房,finance_admin,用度課,NA,Unknown,non_engineer,2,8905,different_department,6,14,0,0,0,0,0,0,1.9459101490553132,2.70805020110221,0,0
evt_453,1944,5893,5893_grp_4,交通局,transport,交通局経理課,4,Unknown,non_engineer,2,1130,different_department,7,2,0,0,0,0,0,0,2.0794415416798357,1.0986122886681098,1,0
evt_453,1944,5893,5893_grp_4,交通局,transport,交通局経理課,4,Unknown,non_engineer,2,1147,same_department,1,3,0,0,0,0,0,1,0.6931471805599453,1.3862943611198906,1,0
evt_453,1944,5893,5893_grp_4,交通局,transport,交通局経理課,4,Unknown,non_engineer,2,1190,same_department,3,20,0,0,0,0,0,1,1.3862943611198906,3.044522437723423,1,0
evt_453,1944,5893,5893_grp_4,交通局,transport,交通局経理課,4,Unknown,non_engineer,2,1193,same_department,7,4,0,0,0,0,0,1,2.0794415416798357,1.6094379124341003,1,0
evt_453,1944,5893,5893_grp_4,交通局,transport,交通局経理課,4,Unknown,non_engineer,2,1225,different_department,1,1,0,0,0,0,0,0,0.6931471805599453,0.6931471805599453,1,0
evt_453,1944,5893,5893_grp_4,交通局,transport,交通局経理課,4,Unknown,non_engineer,2,1233,same_department,5,7,0,0,0,0,0,1,1.791759469228055,2.0794415416798357,1,0
evt_453,1944,5893,5893_grp_4,交通局,transport,交通局経理課,4,Unknown,non_engineer,2,1317,different_department,5,10,0,0,0,0,0,0,1.791759469228055,2.3978952727983707,1,0
evt_453,1944,5893,5893_grp_4,交通局,transport,交通局経理課,4,Unknown,non_engineer,2,1335,different_department,1,25,0,0,0,0,0,0,0.6931471805599453,3.258096538021482,1,0
evt_453,1944,5893,5893_grp_4,交通局,transport,交通局経理課,4,Unknown,non_engineer,2,1402,different_department,8,2,0,0,0,0,0,0,2.1972245773362196,1.0986122886681098,1,0
evt_453,1944,5893,5893_grp_4,交通局,transport,交通局経理課,4,Unknown,non_engineer,2,1449,different_department,11,20,0,0,0,0,0,0,2.4849066497880004,3.044522437723423,1,0
evt_453,1944,5893,5893_grp_4,交通局,transport,交通局経理課,4,Unknown,non_engineer,2,1478,different_department,4,5,0,0,0,0,0,0,1.6094379124341003,1.791759469228055,1,0
evt_453,1944,5893,5893_grp_4,交通局,transport,交通局経理課,4,Unknown,non_engineer,2,1486,different_department,1,2,0,0,0,0,0,0,0.6931471805599453,1.0986122886681098,1,0
evt_453,1944,5893,5893_grp_4,交通局,transport,交通局経理課,4,Unknown,non_engineer,2,1490,different_department,1,1,0,0,0,0,0,0,0.6931471805599453,0.6931471805599453,1,0
evt_453,1944,5893,5893_grp_4,交通局,transport,交通局経理課,4,Unknown,non_engineer,2,1501,different_department,1,9,0,0,0,0,0,0,0.6931471805599453,2.302585092994046,1,0
evt_453,1944,5893,5893_grp_4,交通局,transport,交通局経理課,4,Unknown,non_engineer,2,1531,different_department,2,1,0,0,0,0,0,0,1.0986122886681098,0.6931471805599453,1,0
evt_453,1944,5893,5893_grp_4,交通局,transport,交通局経理課,4,Unknown,non_engineer,2,1538,same_department,1,4,0,0,0,0,0,1,0.6931471805599453,1.6094379124341003,1,0
evt_453,1944,5893,5893_grp_4,交通局,transport,交通局経理課,4,Unknown,non_engineer,2,1555,same_section,3,11,0,0,0,0,1,0,1.3862943611198906,2.4849066497880004,1,0
evt_453,1944,5893,5893_grp_4,交通局,transport,交通局経理課,4,Unknown,non_engineer,2,1642,different_department,1,15,0,0,0,0,0,0,0.6931471805599453,2.772588722239781,1,0
evt_453,1944,5893,5893_grp_4,交通局,transport,交通局経理課,4,Unknown,non_engineer,2,1676,different_department,3,16,0,0,0,0,0,0,1.3862943611198906,2.833213344056216,1,0
evt_453,1944,5893,5893_grp_4,交通局,transport,交通局経理課,4,Unknown,non_engineer,2,1697,different_department,1,2,0,0,0,0,0,0,0.6931471805599453,1.0986122886681098,1,0
evt_453,1944,5893,5893_grp_4,交通局,transport,交通局経理課,4,Unknown,non_engineer,2,1752,different_department,5,11,0,0,0,0,0,0,1.791759469228055,2.4849066497880004,1,0
evt_453,1944,5893,5893_grp_4,交通局,transport,交通局経理課,4,Unknown,non_engineer,2,1761,different_department,2,1,0,0,0,0,0,0,1.0986122886681098,0.6931471805599453,1,0
evt_453,1944,5893,5893_grp_4,交通局,transport,交通局経理課,4,Unknown,non_engineer,2,1787,different_department,2,5,0,0,0,0,0,0,1.0986122886681098,1.791759469228055,1,0
evt_453,1944,5893,5893_grp_4,交通局,transport,交通局経理課,4,Unknown,non_engineer,2,1794,different_department,7,7,0,0,0,0,0,0,2.0794415416798357,2.0794415416798357,1,0
evt_453,1944,5893,5893_grp_4,交通局,transport,交通局経理課,4,Unknown,non_engineer,2,1896,different_department,3,1,0,0,0,0,0,0,1.3862943611198906,0.6931471805599453,1,0
evt_453,1944,5893,5893_grp_4,交通局,transport,交通局経理課,4,Unknown,non_engineer,2,1906,different_department,1,15,0,0,0,0,0,0,0.6931471805599453,2.772588722239781,1,0
evt_453,1944,5893,5893_grp_4,交通局,transport,交通局経理課,4,Unknown,non_engineer,2,1919,same_section,2,1,0,0,0,0,1,0,1.0986122886681098,0.6931471805599453,1,0
evt_453,1944,5893,5893_grp_4,交通局,transport,交通局経理課,4,Unknown,non_engineer,2,1989,different_department,1,41,0,0,0,0,0,0,0.6931471805599453,3.7376696182833684,1,0
evt_453,1944,5893,5893_grp_4,交通局,transport,交通局経理課,4,Unknown,non_engineer,2,2003,different_department,1,25,0,0,0,0,0,0,0.6931471805599453,3.258096538021482,1,0
evt_453,1944,5893,5893_grp_4,交通局,transport,交通局経理課,4,Unknown,non_engineer,2,2033,different_department,4,1,0,0,0,0,0,0,1.6094379124341003,0.6931471805599453,1,0
evt_453,1944,5893,5893_grp_4,交通局,transport,交通局経理課,4,Unknown,non_engineer,2,2056,same_department,4,15,0,0,0,0,0,1,1.6094379124341003,2.772588722239781,1,0
evt_453,1944,5893,5893_grp_4,交通局,transport,交通局経理課,4,Unknown,non_engineer,2,2071,same_department,8,16,1,0,0,0,0,1,2.1972245773362196,2.833213344056216,1,0
evt_453,1944,5893,5893_grp_4,交通局,transport,交通局経理課,4,Unknown,non_engineer,2,2072,different_department,3,1,0,0,0,0,0,0,1.3862943611198906,0.6931471805599453,1,0
evt_453,1944,5893,5893_grp_4,交通局,transport,交通局経理課,4,Unknown,non_engineer,2,2109,different_department,4,6,0,0,0,0,0,0,1.6094379124341003,1.9459101490553132,1,0
evt_453,1944,5893,5893_grp_4,交通局,transport,交通局経理課,4,Unknown,non_engineer,2,2123,same_department,2,1,0,0,0,0,0,1,1.0986122886681098,0.6931471805599453,1,0
evt_453,1944,5893,5893_grp_4,交通局,transport,交通局経理課,4,Unknown,non_engineer,2,2125,different_department,4,7,0,0,0,0,0,0,1.6094379124341003,2.0794415416798357,1,0
evt_453,1944,5893,5893_grp_4,交通局,transport,交通局経理課,4,Unknown,non_engineer,2,2138,different_department,6,5,0,0,0,0,0,0,1.9459101490553132,1.791759469228055,1,0
evt_453,1944,5893,5893_grp_4,交通局,transport,交通局経理課,4,Unknown,non_engineer,2,2143,same_department,1,10,0,0,0,0,0,1,0.6931471805599453,2.3978952727983707,1,0
evt_453,1944,5893,5893_grp_4,交通局,transport,交通局経理課,4,Unknown,non_engineer,2,2158,different_department,1,1,0,0,0,0,0,0,0.6931471805599453,0.6931471805599453,1,0
evt_453,1944,5893,5893_grp_4,交通局,transport,交通局経理課,4,Unknown,non_engineer,2,2174,different_department,5,4,0,0,0,0,0,0,1.791759469228055,1.6094379124341003,1,0
evt_453,1944,5893,5893_grp_4,交通局,transport,交通局経理課,4,Unknown,non_engineer,2,2183,same_department,7,42,0,0,0,0,0,1,2.0794415416798357,3.7612001156935624,1,0
evt_453,1944,5893,5893_grp_4,交通局,transport,交通局経理課,4,Unknown,non_engineer,2,2213,different_department,1,7,0,0,0,0,0,0,0.6931471805599453,2.0794415416798357,1,0
evt_453,1944,5893,5893_grp_4,交通局,transport,交通局経理課,4,Unknown,non_engineer,2,2221,same_department,2,1,0,0,0,0,0,1,1.0986122886681098,0.6931471805599453,1,0
evt_453,1944,5893,5893_grp_4,交通局,transport,交通局経理課,4,Unknown,non_engineer,2,5764,different_department,3,17,0,0,0,0,0,0,1.3862943611198906,2.8903717578961645,1,0
evt_453,1944,5893,5893_grp_4,交通局,transport,交通局経理課,4,Unknown,non_engineer,2,5869,same_department,1,28,0,0,0,0,0,1,0.6931471805599453,3.367295829986474,1,0
evt_453,1944,5893,5893_grp_4,交通局,transport,交通局経理課,4,Unknown,non_engineer,2,5908,different_department,2,27,0,0,0,0,0,0,1.0986122886681098,3.332204510175204,1,0
evt_453,1944,5893,5893_grp_4,交通局,transport,交通局経理課,4,Unknown,non_engineer,2,6184,different_department,2,24,0,0,0,0,0,0,1.0986122886681098,3.2188758248682006,1,0
evt_453,1944,5893,5893_grp_4,交通局,transport,交通局経理課,4,Unknown,non_engineer,2,6233,different_department,1,23,0,0,0,0,0,0,0.6931471805599453,3.1780538303479458,1,0
evt_453,1944,5893,5893_grp_4,交通局,transport,交通局経理課,4,Unknown,non_engineer,2,6328,different_department,1,26,0,0,0,0,0,0,0.6931471805599453,3.295836866004329,1,0
evt_453,1944,5893,5893_grp_4,交通局,transport,交通局経理課,4,Unknown,non_engineer,2,6337,different_department,4,5,0,0,0,0,0,0,1.6094379124341003,1.791759469228055,1,0
evt_453,1944,5893,5893_grp_4,交通局,transport,交通局経理課,4,Unknown,non_engineer,2,6701,different_department,17,12,0,0,0,0,0,0,2.8903717578961645,2.5649493574615367,1,0
evt_453,1944,5893,5893_grp_4,交通局,transport,交通局経理課,4,Unknown,non_engineer,2,6791,different_department,2,23,0,0,0,0,0,0,1.0986122886681098,3.1780538303479458,1,0
evt_453,1944,5893,5893_grp_4,交通局,transport,交通局経理課,4,Unknown,non_engineer,2,6946,different_department,3,58,0,0,0,0,0,0,1.3862943611198906,4.07753744390572,1,0
evt_453,1944,5893,5893_grp_4,交通局,transport,交通局経理課,4,Unknown,non_engineer,2,6953,different_department,4,25,0,0,0,0,0,0,1.6094379124341003,3.258096538021482,1,0
evt_453,1944,5893,5893_grp_4,交通局,transport,交通局経理課,4,Unknown,non_engineer,2,7029,different_department,2,26,0,0,0,0,0,0,1.0986122886681098,3.295836866004329,1,0
evt_453,1944,5893,5893_grp_4,交通局,transport,交通局経理課,4,Unknown,non_engineer,2,7051,same_department,2,9,0,0,0,0,0,1,1.0986122886681098,2.302585092994046,1,0
evt_453,1944,5893,5893_grp_4,交通局,transport,交通局経理課,4,Unknown,non_engineer,2,7191,different_department,1,19,0,0,0,0,0,0,0.6931471805599453,2.995732273553991,1,0
evt_453,1944,5893,5893_grp_4,交通局,transport,交通局経理課,4,Unknown,non_engineer,2,7235,different_department,1,23,0,0,0,0,0,0,0.6931471805599453,3.1780538303479458,1,0
evt_453,1944,5893,5893_grp_4,交通局,transport,交通局経理課,4,Unknown,non_engineer,2,7461,different_department,1,20,0,0,0,0,0,0,0.6931471805599453,3.044522437723423,1,0
evt_453,1944,5893,5893_grp_4,交通局,transport,交通局経理課,4,Unknown,non_engineer,2,7484,different_department,2,29,0,0,0,0,0,0,1.0986122886681098,3.4011973816621555,1,0
evt_453,1944,5893,5893_grp_4,交通局,transport,交通局経理課,4,Unknown,non_engineer,2,7492,different_department,1,26,0,0,0,0,0,0,0.6931471805599453,3.295836866004329,1,0
evt_453,1944,5893,5893_grp_4,交通局,transport,交通局経理課,4,Unknown,non_engineer,2,7506,different_department,7,93,0,0,0,0,0,0,2.0794415416798357,4.543294782270004,1,0
evt_453,1944,5893,5893_grp_4,交通局,transport,交通局経理課,4,Unknown,non_engineer,2,7525,same_department,4,5,0,0,0,0,0,1,1.6094379124341003,1.791759469228055,1,0
evt_453,1944,5893,5893_grp_4,交通局,transport,交通局経理課,4,Unknown,non_engineer,2,7748,different_department,4,38,0,0,0,0,0,0,1.6094379124341003,3.6635616461296463,1,0
evt_453,1944,5893,5893_grp_4,交通局,transport,交通局経理課,4,Unknown,non_engineer,2,7836,same_department,1,2,0,0,0,0,0,1,0.6931471805599453,1.0986122886681098,1,0
evt_453,1944,5893,5893_grp_4,交通局,transport,交通局経理課,4,Unknown,non_engineer,2,7910,different_department,2,30,0,0,0,0,0,0,1.0986122886681098,3.4339872044851463,1,0
evt_453,1944,5893,5893_grp_4,交通局,transport,交通局経理課,4,Unknown,non_engineer,2,8164,different_department,2,42,0,0,0,0,0,0,1.0986122886681098,3.7612001156935624,1,0
evt_453,1944,5893,5893_grp_4,交通局,transport,交通局経理課,4,Unknown,non_engineer,2,8358,different_department,1,9,0,0,0,0,0,0,0.6931471805599453,2.302585092994046,1,0
evt_453,1944,5893,5893_grp_4,交通局,transport,交通局経理課,4,Unknown,non_engineer,2,8426,different_department,1,3,0,0,0,0,0,0,0.6931471805599453,1.3862943611198906,1,0
evt_453,1944,5893,5893_grp_4,交通局,transport,交通局経理課,4,Unknown,non_engineer,2,8514,different_department,1,2,0,0,0,0,0,0,0.6931471805599453,1.0986122886681098,1,0
evt_453,1944,5893,5893_grp_4,交通局,transport,交通局経理課,4,Unknown,non_engineer,2,8594,same_department,1,16,0,0,0,0,0,1,0.6931471805599453,2.833213344056216,1,0
evt_453,1944,5893,5893_grp_4,交通局,transport,交通局経理課,4,Unknown,non_engineer,2,8664,different_department,2,8,0,0,0,0,0,0,1.0986122886681098,2.1972245773362196,1,0
evt_453,1944,5893,5893_grp_4,交通局,transport,交通局経理課,4,Unknown,non_engineer,2,8882,different_department,1,28,0,0,0,0,0,0,0.6931471805599453,3.367295829986474,1,0
evt_453,1944,5893,5893_grp_4,交通局,transport,交通局経理課,4,Unknown,non_engineer,2,8905,different_department,6,14,0,0,0,0,0,0,1.9459101490553132,2.70805020110221,1,0
evt_459,1944,5893,5893_grp_4,交通局,transport,交通局経理課,4,雇,yato,1,1130,different_department,2,2,0,0,0,0,0,0,1.0986122886681098,1.0986122886681098,1,1
evt_459,1944,5893,5893_grp_4,交通局,transport,交通局経理課,4,雇,yato,1,1147,same_department,2,3,0,0,0,0,0,1,1.0986122886681098,1.3862943611198906,1,1
evt_459,1944,5893,5893_grp_4,交通局,transport,交通局経理課,4,雇,yato,1,1190,same_department,10,20,0,0,0,0,0,1,2.3978952727983707,3.044522437723423,1,1
evt_459,1944,5893,5893_grp_4,交通局,transport,交通局経理課,4,雇,yato,1,1225,different_department,1,1,0,0,0,0,0,0,0.6931471805599453,0.6931471805599453,1,1
evt_459,1944,5893,5893_grp_4,交通局,transport,交通局経理課,4,雇,yato,1,1449,different_department,11,20,0,0,0,0,0,0,2.4849066497880004,3.044522437723423,1,1
evt_459,1944,5893,5893_grp_4,交通局,transport,交通局経理課,4,雇,yato,1,1478,different_department,7,5,0,0,0,0,0,0,2.0794415416798357,1.791759469228055,1,1
evt_459,1944,5893,5893_grp_4,交通局,transport,交通局経理課,4,雇,yato,1,1555,same_section,14,11,1,0,0,0,1,0,2.70805020110221,2.4849066497880004,1,1
evt_459,1944,5893,5893_grp_4,交通局,transport,交通局経理課,4,雇,yato,1,1566,different_department,1,3,0,0,0,0,0,0,0.6931471805599453,1.3862943611198906,1,1
evt_459,1944,5893,5893_grp_4,交通局,transport,交通局経理課,4,雇,yato,1,1642,different_department,4,15,0,0,0,0,0,0,1.6094379124341003,2.772588722239781,1,1
evt_459,1944,5893,5893_grp_4,交通局,transport,交通局経理課,4,雇,yato,1,1697,different_department,2,2,0,0,0,0,0,0,1.0986122886681098,1.0986122886681098,1,1
evt_459,1944,5893,5893_grp_4,交通局,transport,交通局経理課,4,雇,yato,1,1752,different_department,7,11,0,0,0,0,0,0,2.0794415416798357,2.4849066497880004,1,1
evt_459,1944,5893,5893_grp_4,交通局,transport,交通局経理課,4,雇,yato,1,1896,different_department,5,1,0,0,0,0,0,0,1.791759469228055,0.6931471805599453,1,1
evt_459,1944,5893,5893_grp_4,交通局,transport,交通局経理課,4,雇,yato,1,1906,different_department,1,15,0,0,0,0,0,0,0.6931471805599453,2.772588722239781,1,1
evt_459,1944,5893,5893_grp_4,交通局,transport,交通局経理課,4,雇,yato,1,1972,same_department,1,13,0,0,0,0,0,1,0.6931471805599453,2.6390573296152584,1,1
evt_459,1944,5893,5893_grp_4,交通局,transport,交通局経理課,4,雇,yato,1,1989,different_department,1,41,0,0,0,0,0,0,0.6931471805599453,3.7376696182833684,1,1
evt_459,1944,5893,5893_grp_4,交通局,transport,交通局経理課,4,雇,yato,1,2051,same_department,3,1,0,0,0,0,0,1,1.3862943611198906,0.6931471805599453,1,1
evt_459,1944,5893,5893_grp_4,交通局,transport,交通局経理課,4,雇,yato,1,2056,same_department,6,15,0,0,0,0,0,1,1.9459101490553132,2.772588722239781,1,1
evt_459,1944,5893,5893_grp_4,交通局,transport,交通局経理課,4,雇,yato,1,2071,same_department,1,16,0,0,0,0,0,1,0.6931471805599453,2.833213344056216,1,1
evt_459,1944,5893,5893_grp_4,交通局,transport,交通局経理課,4,雇,yato,1,2109,different_department,5,6,0,0,0,0,0,0,1.791759469228055,1.9459101490553132,1,1
evt_459,1944,5893,5893_grp_4,交通局,transport,交通局経理課,4,雇,yato,1,2118,different_department,2,16,0,0,0,0,0,0,1.0986122886681098,2.833213344056216,1,1
evt_459,1944,5893,5893_grp_4,交通局,transport,交通局経理課,4,雇,yato,1,2123,same_department,2,1,0,0,0,0,0,1,1.0986122886681098,0.6931471805599453,1,1
evt_459,1944,5893,5893_grp_4,交通局,transport,交通局経理課,4,雇,yato,1,2125,different_department,5,7,0,0,0,0,0,0,1.791759469228055,2.0794415416798357,1,1
evt_459,1944,5893,5893_grp_4,交通局,transport,交通局経理課,4,雇,yato,1,2138,different_department,3,5,0,0,0,0,0,0,1.3862943611198906,1.791759469228055,1,1
evt_459,1944,5893,5893_grp_4,交通局,transport,交通局経理課,4,雇,yato,1,2143,same_department,4,10,0,0,0,0,0,1,1.6094379124341003,2.3978952727983707,1,1
evt_459,1944,5893,5893_grp_4,交通局,transport,交通局経理課,4,雇,yato,1,2158,different_department,3,1,0,0,0,0,0,0,1.3862943611198906,0.6931471805599453,1,1
evt_459,1944,5893,5893_grp_4,交通局,transport,交通局経理課,4,雇,yato,1,2159,different_department,2,4,0,0,0,0,0,0,1.0986122886681098,1.6094379124341003,1,1
evt_459,1944,5893,5893_grp_4,交通局,transport,交通局経理課,4,雇,yato,1,2213,different_department,7,7,0,0,0,0,0,0,2.0794415416798357,2.0794415416798357,1,1
evt_459,1944,5893,5893_grp_4,交通局,transport,交通局経理課,4,雇,yato,1,5869,same_department,3,28,0,0,0,0,0,1,1.3862943611198906,3.367295829986474,1,1
evt_459,1944,5893,5893_grp_4,交通局,transport,交通局経理課,4,雇,yato,1,6328,different_department,5,26,0,0,0,0,0,0,1.791759469228055,3.295836866004329,1,1
evt_459,1944,5893,5893_grp_4,交通局,transport,交通局経理課,4,雇,yato,1,6415,different_department,1,1,0,0,0,0,0,0,0.6931471805599453,0.6931471805599453,1,1
evt_459,1944,5893,5893_grp_4,交通局,transport,交通局経理課,4,雇,yato,1,6501,different_department,1,2,0,0,0,0,0,0,0.6931471805599453,1.0986122886681098,1,1
evt_459,1944,5893,5893_grp_4,交通局,transport,交通局経理課,4,雇,yato,1,6641,different_department,1,1,0,0,0,0,0,0,0.6931471805599453,0.6931471805599453,1,1
evt_459,1944,5893,5893_grp_4,交通局,transport,交通局経理課,4,雇,yato,1,6701,different_department,1,12,0,0,0,0,0,0,0.6931471805599453,2.5649493574615367,1,1
evt_459,1944,5893,5893_grp_4,交通局,transport,交通局経理課,4,雇,yato,1,6843,different_department,12,4,0,0,0,0,0,0,2.5649493574615367,1.6094379124341003,1,1
evt_459,1944,5893,5893_grp_4,交通局,transport,交通局経理課,4,雇,yato,1,6844,different_department,1,6,0,0,0,0,0,0,0.6931471805599453,1.9459101490553132,1,1
evt_459,1944,5893,5893_grp_4,交通局,transport,交通局経理課,4,雇,yato,1,6845,different_department,2,16,0,0,0,0,0,0,1.0986122886681098,2.833213344056216,1,1
evt_459,1944,5893,5893_grp_4,交通局,transport,交通局経理課,4,雇,yato,1,6953,different_department,19,25,0,0,0,0,0,0,2.995732273553991,3.258096538021482,1,1
evt_459,1944,5893,5893_grp_4,交通局,transport,交通局経理課,4,雇,yato,1,7506,different_department,2,93,0,0,0,0,0,0,1.0986122886681098,4.543294782270004,1,1
evt_459,1944,5893,5893_grp_4,交通局,transport,交通局経理課,4,雇,yato,1,7525,same_department,4,5,0,0,0,0,0,1,1.6094379124341003,1.791759469228055,1,1
evt_459,1944,5893,5893_grp_4,交通局,transport,交通局経理課,4,雇,yato,1,7782,same_department,5,32,0,0,0,0,0,1,1.791759469228055,3.4965075614664802,1,1
evt_459,1944,5893,5893_grp_4,交通局,transport,交通局経理課,4,雇,yato,1,8164,same_department,7,9,0,0,0,0,0,1,2.0794415416798357,2.302585092994046,1,1
evt_459,1944,5893,5893_grp_4,交通局,transport,交通局経理課,4,雇,yato,1,8321,same_department,4,7,0,0,0,0,0,1,1.6094379124341003,2.0794415416798357,1,1
evt_459,1944,5893,5893_grp_4,交通局,transport,交通局経理課,4,雇,yato,1,8358,same_department,15,81,0,0,0,0,0,1,2.772588722239781,4.406719247264253,1,1
evt_459,1944,5893,5893_grp_4,交通局,transport,交通局経理課,4,雇,yato,1,8490,different_department,11,37,0,0,0,0,0,0,2.4849066497880004,3.6375861597263857,1,1
evt_459,1944,5893,5893_grp_4,交通局,transport,交通局経理課,4,雇,yato,1,8594,same_department,7,16,0,0,0,0,0,1,2.0794415416798357,2.833213344056216,1,1
evt_459,1944,5893,5893_grp_4,交通局,transport,交通局経理課,4,雇,yato,1,8757,different_department,4,7,0,0,0,0,0,0,1.6094379124341003,2.0794415416798357,1,1
evt_459,1944,5893,5893_grp_4,交通局,transport,交通局経理課,4,雇,yato,1,8882,different_department,1,28,0,0,0,0,0,0,0.6931471805599453,3.367295829986474,1,1
evt_459,1944,5893,5893_grp_4,交通局,transport,交通局経理課,4,雇,yato,1,8899,same_department,4,9,0,0,0,0,0,1,1.6094379124341003,2.302585092994046,1,1
evt_459,1944,5893,5893_grp_4,交通局,transport,交通局経理課,4,雇,yato,1,8905,different_department,19,14,0,0,0,0,0,0,2.995732273553991,2.70805020110221,1,1
evt_459,1944,5893,5893_grp_4,交通局,transport,交通局経理課,4,雇,yato,1,8946,same_department,1,29,0,0,0,0,0,1,0.6931471805599453,3.4011973816621555,1,1
evt_459,1944,5893,5893_grp_4,交通局,transport,交通局経理課,4,雇,yato,1,8994,different_department,13,28,0,0,0,0,0,0,2.6390573296152584,3.367295829986474,1,1
evt_459,1944,5893,5893_grp_4,交通局,transport,交通局経理課,4,雇,yato,1,8996,different_department,2,2,0,0,0,0,0,0,1.0986122886681098,1.0986122886681098,1,1
evt_460,1944,5894,5894_grp_178,交通局,transport,交通局経理課運輪課,178,Unknown,non_engineer,2,1130,different_department,7,2,0,0,0,0,0,0,2.0794415416798357,1.0986122886681098,0,0
evt_460,1944,5894,5894_grp_178,交通局,transport,交通局経理課運輪課,178,Unknown,non_engineer,2,1147,same_department,1,3,0,0,0,0,0,1,0.6931471805599453,1.3862943611198906,0,0
evt_460,1944,5894,5894_grp_178,交通局,transport,交通局経理課運輪課,178,Unknown,non_engineer,2,1190,same_department,3,20,0,0,0,0,0,1,1.3862943611198906,3.044522437723423,0,0
evt_460,1944,5894,5894_grp_178,交通局,transport,交通局経理課運輪課,178,Unknown,non_engineer,2,1193,same_department,7,4,0,0,0,0,0,1,2.0794415416798357,1.6094379124341003,0,0
evt_460,1944,5894,5894_grp_178,交通局,transport,交通局経理課運輪課,178,Unknown,non_engineer,2,1225,different_department,1,1,0,0,0,0,0,0,0.6931471805599453,0.6931471805599453,0,0
evt_460,1944,5894,5894_grp_178,交通局,transport,交通局経理課運輪課,178,Unknown,non_engineer,2,1233,same_department,5,7,0,0,0,0,0,1,1.791759469228055,2.0794415416798357,0,0
evt_460,1944,5894,5894_grp_178,交通局,transport,交通局経理課運輪課,178,Unknown,non_engineer,2,1317,different_department,5,10,0,0,0,0,0,0,1.791759469228055,2.3978952727983707,0,0
evt_460,1944,5894,5894_grp_178,交通局,transport,交通局経理課運輪課,178,Unknown,non_engineer,2,1335,different_department,1,25,0,0,0,0,0,0,0.6931471805599453,3.258096538021482,0,0
evt_460,1944,5894,5894_grp_178,交通局,transport,交通局経理課運輪課,178,Unknown,non_engineer,2,1402,different_department,8,2,0,0,0,0,0,0,2.1972245773362196,1.0986122886681098,0,0
evt_460,1944,5894,5894_grp_178,交通局,transport,交通局経理課運輪課,178,Unknown,non_engineer,2,1449,different_department,11,20,0,0,0,0,0,0,2.4849066497880004,3.044522437723423,0,0
evt_460,1944,5894,5894_grp_178,交通局,transport,交通局経理課運輪課,178,Unknown,non_engineer,2,1478,different_department,4,5,0,0,0,0,0,0,1.6094379124341003,1.791759469228055,0,0
evt_460,1944,5894,5894_grp_178,交通局,transport,交通局経理課運輪課,178,Unknown,non_engineer,2,1486,different_department,1,2,0,0,0,0,0,0,0.6931471805599453,1.0986122886681098,0,0
evt_460,1944,5894,5894_grp_178,交通局,transport,交通局経理課運輪課,178,Unknown,non_engineer,2,1490,different_department,1,1,0,0,0,0,0,0,0.6931471805599453,0.6931471805599453,0,0
evt_460,1944,5894,5894_grp_178,交通局,transport,交通局経理課運輪課,178,Unknown,non_engineer,2,1501,different_department,1,9,0,0,0,0,0,0,0.6931471805599453,2.302585092994046,0,0
evt_460,1944,5894,5894_grp_178,交通局,transport,交通局経理課運輪課,178,Unknown,non_engineer,2,1531,different_department,2,1,0,0,0,0,0,0,1.0986122886681098,0.6931471805599453,0,0
evt_460,1944,5894,5894_grp_178,交通局,transport,交通局経理課運輪課,178,Unknown,non_engineer,2,1538,same_department,1,4,0,0,0,0,0,1,0.6931471805599453,1.6094379124341003,0,0
evt_460,1944,5894,5894_grp_178,交通局,transport,交通局経理課運輪課,178,Unknown,non_engineer,2,1555,same_department,3,11,0,0,0,0,0,1,1.3862943611198906,2.4849066497880004,0,0
evt_460,1944,5894,5894_grp_178,交通局,transport,交通局経理課運輪課,178,Unknown,non_engineer,2,1642,different_department,1,15,0,0,0,0,0,0,0.6931471805599453,2.772588722239781,0,0
evt_460,1944,5894,5894_grp_178,交通局,transport,交通局経理課運輪課,178,Unknown,non_engineer,2,1676,different_department,3,16,0,0,0,0,0,0,1.3862943611198906,2.833213344056216,0,0
evt_460,1944,5894,5894_grp_178,交通局,transport,交通局経理課運輪課,178,Unknown,non_engineer,2,1697,different_department,1,2,0,0,0,0,0,0,0.6931471805599453,1.0986122886681098,0,0
evt_460,1944,5894,5894_grp_178,交通局,transport,交通局経理課運輪課,178,Unknown,non_engineer,2,1752,different_department,5,11,0,0,0,0,0,0,1.791759469228055,2.4849066497880004,0,0
evt_460,1944,5894,5894_grp_178,交通局,transport,交通局経理課運輪課,178,Unknown,non_engineer,2,1761,different_department,2,1,0,0,0,0,0,0,1.0986122886681098,0.6931471805599453,0,0
evt_460,1944,5894,5894_grp_178,交通局,transport,交通局経理課運輪課,178,Unknown,non_engineer,2,1787,different_department,2,5,0,0,0,0,0,0,1.0986122886681098,1.791759469228055,0,0
evt_460,1944,5894,5894_grp_178,交通局,transport,交通局経理課運輪課,178,Unknown,non_engineer,2,1794,different_department,7,7,0,0,0,0,0,0,2.0794415416798357,2.0794415416798357,0,0
evt_460,1944,5894,5894_grp_178,交通局,transport,交通局経理課運輪課,178,Unknown,non_engineer,2,1896,different_department,3,1,0,0,0,0,0,0,1.3862943611198906,0.6931471805599453,0,0
evt_460,1944,5894,5894_grp_178,交通局,transport,交通局経理課運輪課,178,Unknown,non_engineer,2,1906,different_department,1,15,0,0,0,0,0,0,0.6931471805599453,2.772588722239781,0,0
evt_460,1944,5894,5894_grp_178,交通局,transport,交通局経理課運輪課,178,Unknown,non_engineer,2,1919,same_department,2,1,0,0,0,0,0,1,1.0986122886681098,0.6931471805599453,0,0
evt_460,1944,5894,5894_grp_178,交通局,transport,交通局経理課運輪課,178,Unknown,non_engineer,2,1989,different_department,1,41,0,0,0,0,0,0,0.6931471805599453,3.7376696182833684,0,0
evt_460,1944,5894,5894_grp_178,交通局,transport,交通局経理課運輪課,178,Unknown,non_engineer,2,2003,different_department,1,25,0,0,0,0,0,0,0.6931471805599453,3.258096538021482,0,0
evt_460,1944,5894,5894_grp_178,交通局,transport,交通局経理課運輪課,178,Unknown,non_engineer,2,2033,different_department,4,1,0,0,0,0,0,0,1.6094379124341003,0.6931471805599453,0,0
evt_460,1944,5894,5894_grp_178,交通局,transport,交通局経理課運輪課,178,Unknown,non_engineer,2,2056,same_department,4,15,0,0,0,0,0,1,1.6094379124341003,2.772588722239781,0,0
evt_460,1944,5894,5894_grp_178,交通局,transport,交通局経理課運輪課,178,Unknown,non_engineer,2,2071,same_department,8,16,1,0,0,0,0,1,2.1972245773362196,2.833213344056216,0,0
evt_460,1944,5894,5894_grp_178,交通局,transport,交通局経理課運輪課,178,Unknown,non_engineer,2,2072,different_department,3,1,0,0,0,0,0,0,1.3862943611198906,0.6931471805599453,0,0
evt_460,1944,5894,5894_grp_178,交通局,transport,交通局経理課運輪課,178,Unknown,non_engineer,2,2109,different_department,4,6,0,0,0,0,0,0,1.6094379124341003,1.9459101490553132,0,0
evt_460,1944,5894,5894_grp_178,交通局,transport,交通局経理課運輪課,178,Unknown,non_engineer,2,2123,same_department,2,1,0,0,0,0,0,1,1.0986122886681098,0.6931471805599453,0,0
evt_460,1944,5894,5894_grp_178,交通局,transport,交通局経理課運輪課,178,Unknown,non_engineer,2,2125,different_department,4,7,0,0,0,0,0,0,1.6094379124341003,2.0794415416798357,0,0
evt_460,1944,5894,5894_grp_178,交通局,transport,交通局経理課運輪課,178,Unknown,non_engineer,2,2138,different_department,6,5,0,0,0,0,0,0,1.9459101490553132,1.791759469228055,0,0
evt_460,1944,5894,5894_grp_178,交通局,transport,交通局経理課運輪課,178,Unknown,non_engineer,2,2143,same_department,1,10,0,0,0,0,0,1,0.6931471805599453,2.3978952727983707,0,0
evt_460,1944,5894,5894_grp_178,交通局,transport,交通局経理課運輪課,178,Unknown,non_engineer,2,2158,different_department,1,1,0,0,0,0,0,0,0.6931471805599453,0.6931471805599453,0,0
evt_460,1944,5894,5894_grp_178,交通局,transport,交通局経理課運輪課,178,Unknown,non_engineer,2,2174,different_department,5,4,0,0,0,0,0,0,1.791759469228055,1.6094379124341003,0,0
evt_460,1944,5894,5894_grp_178,交通局,transport,交通局経理課運輪課,178,Unknown,non_engineer,2,2183,same_department,7,42,0,0,0,0,0,1,2.0794415416798357,3.7612001156935624,0,0
evt_460,1944,5894,5894_grp_178,交通局,transport,交通局経理課運輪課,178,Unknown,non_engineer,2,2213,different_department,1,7,0,0,0,0,0,0,0.6931471805599453,2.0794415416798357,0,0
evt_460,1944,5894,5894_grp_178,交通局,transport,交通局経理課運輪課,178,Unknown,non_engineer,2,2221,same_department,2,1,0,0,0,0,0,1,1.0986122886681098,0.6931471805599453,0,0
evt_460,1944,5894,5894_grp_178,交通局,transport,交通局経理課運輪課,178,Unknown,non_engineer,2,5764,different_department,3,17,0,0,0,0,0,0,1.3862943611198906,2.8903717578961645,0,0
evt_460,1944,5894,5894_grp_178,交通局,transport,交通局経理課運輪課,178,Unknown,non_engineer,2,5869,same_department,1,28,0,0,0,0,0,1,0.6931471805599453,3.367295829986474,0,0
evt_460,1944,5894,5894_grp_178,交通局,transport,交通局経理課運輪課,178,Unknown,non_engineer,2,5908,different_department,2,27,0,0,0,0,0,0,1.0986122886681098,3.332204510175204,0,0
evt_460,1944,5894,5894_grp_178,交通局,transport,交通局経理課運輪課,178,Unknown,non_engineer,2,6184,different_department,2,24,0,0,0,0,0,0,1.0986122886681098,3.2188758248682006,0,0
evt_460,1944,5894,5894_grp_178,交通局,transport,交通局経理課運輪課,178,Unknown,non_engineer,2,6233,different_department,1,23,0,0,0,0,0,0,0.6931471805599453,3.1780538303479458,0,0
evt_460,1944,5894,5894_grp_178,交通局,transport,交通局経理課運輪課,178,Unknown,non_engineer,2,6328,different_department,1,26,0,0,0,0,0,0,0.6931471805599453,3.295836866004329,0,0
evt_460,1944,5894,5894_grp_178,交通局,transport,交通局経理課運輪課,178,Unknown,non_engineer,2,6337,different_department,4,5,0,0,0,0,0,0,1.6094379124341003,1.791759469228055,0,0
evt_460,1944,5894,5894_grp_178,交通局,transport,交通局経理課運輪課,178,Unknown,non_engineer,2,6701,different_department,17,12,0,0,0,0,0,0,2.8903717578961645,2.5649493574615367,0,0
evt_460,1944,5894,5894_grp_178,交通局,transport,交通局経理課運輪課,178,Unknown,non_engineer,2,6791,different_department,2,23,0,0,0,0,0,0,1.0986122886681098,3.1780538303479458,0,0
evt_460,1944,5894,5894_grp_178,交通局,transport,交通局経理課運輪課,178,Unknown,non_engineer,2,6946,different_department,3,58,0,0,0,0,0,0,1.3862943611198906,4.07753744390572,0,0
evt_460,1944,5894,5894_grp_178,交通局,transport,交通局経理課運輪課,178,Unknown,non_engineer,2,6953,different_department,4,25,0,0,0,0,0,0,1.6094379124341003,3.258096538021482,0,0
evt_460,1944,5894,5894_grp_178,交通局,transport,交通局経理課運輪課,178,Unknown,non_engineer,2,7029,different_department,2,26,0,0,0,0,0,0,1.0986122886681098,3.295836866004329,0,0
evt_460,1944,5894,5894_grp_178,交通局,transport,交通局経理課運輪課,178,Unknown,non_engineer,2,7051,same_department,2,9,0,0,0,0,0,1,1.0986122886681098,2.302585092994046,0,0
evt_460,1944,5894,5894_grp_178,交通局,transport,交通局経理課運輪課,178,Unknown,non_engineer,2,7191,different_department,1,19,0,0,0,0,0,0,0.6931471805599453,2.995732273553991,0,0
evt_460,1944,5894,5894_grp_178,交通局,transport,交通局経理課運輪課,178,Unknown,non_engineer,2,7235,different_department,1,23,0,0,0,0,0,0,0.6931471805599453,3.1780538303479458,0,0
evt_460,1944,5894,5894_grp_178,交通局,transport,交通局経理課運輪課,178,Unknown,non_engineer,2,7461,different_department,1,20,0,0,0,0,0,0,0.6931471805599453,3.044522437723423,0,0
evt_460,1944,5894,5894_grp_178,交通局,transport,交通局経理課運輪課,178,Unknown,non_engineer,2,7484,different_department,2,29,0,0,0,0,0,0,1.0986122886681098,3.4011973816621555,0,0
evt_460,1944,5894,5894_grp_178,交通局,transport,交通局経理課運輪課,178,Unknown,non_engineer,2,7492,different_department,1,26,0,0,0,0,0,0,0.6931471805599453,3.295836866004329,0,0
evt_460,1944,5894,5894_grp_178,交通局,transport,交通局経理課運輪課,178,Unknown,non_engineer,2,7506,different_department,7,93,0,0,0,0,0,0,2.0794415416798357,4.543294782270004,0,0
evt_460,1944,5894,5894_grp_178,交通局,transport,交通局経理課運輪課,178,Unknown,non_engineer,2,7525,same_department,4,5,0,0,0,0,0,1,1.6094379124341003,1.791759469228055,0,0
evt_460,1944,5894,5894_grp_178,交通局,transport,交通局経理課運輪課,178,Unknown,non_engineer,2,7748,different_department,4,38,0,0,0,0,0,0,1.6094379124341003,3.6635616461296463,0,0
evt_460,1944,5894,5894_grp_178,交通局,transport,交通局経理課運輪課,178,Unknown,non_engineer,2,7836,same_department,1,2,0,0,0,0,0,1,0.6931471805599453,1.0986122886681098,0,0
evt_460,1944,5894,5894_grp_178,交通局,transport,交通局経理課運輪課,178,Unknown,non_engineer,2,7910,different_department,2,30,0,0,0,0,0,0,1.0986122886681098,3.4339872044851463,0,0
evt_460,1944,5894,5894_grp_178,交通局,transport,交通局経理課運輪課,178,Unknown,non_engineer,2,8164,different_department,2,42,0,0,0,0,0,0,1.0986122886681098,3.7612001156935624,0,0
evt_460,1944,5894,5894_grp_178,交通局,transport,交通局経理課運輪課,178,Unknown,non_engineer,2,8358,different_department,1,9,0,0,0,0,0,0,0.6931471805599453,2.302585092994046,0,0
evt_460,1944,5894,5894_grp_178,交通局,transport,交通局経理課運輪課,178,Unknown,non_engineer,2,8426,different_department,1,3,0,0,0,0,0,0,0.6931471805599453,1.3862943611198906,0,0
evt_460,1944,5894,5894_grp_178,交通局,transport,交通局経理課運輪課,178,Unknown,non_engineer,2,8514,different_department,1,2,0,0,0,0,0,0,0.6931471805599453,1.0986122886681098,0,0
evt_460,1944,5894,5894_grp_178,交通局,transport,交通局経理課運輪課,178,Unknown,non_engineer,2,8594,same_department,1,16,0,0,0,0,0,1,0.6931471805599453,2.833213344056216,0,0
evt_460,1944,5894,5894_grp_178,交通局,transport,交通局経理課運輪課,178,Unknown,non_engineer,2,8664,different_department,2,8,0,0,0,0,0,0,1.0986122886681098,2.1972245773362196,0,0
evt_460,1944,5894,5894_grp_178,交通局,transport,交通局経理課運輪課,178,Unknown,non_engineer,2,8882,different_department,1,28,0,0,0,0,0,0,0.6931471805599453,3.367295829986474,0,0
evt_460,1944,5894,5894_grp_178,交通局,transport,交通局経理課運輪課,178,Unknown,non_engineer,2,8905,different_department,6,14,0,0,0,0,0,0,1.9459101490553132,2.70805020110221,0,0
evt_47,1944,1237,1237_grp_1426,経済局,economy,化学工業指導所,1426,Unknown,non_engineer,2,1130,different_department,7,2,0,0,0,0,0,0,2.0794415416798357,1.0986122886681098,0,0
evt_47,1944,1237,1237_grp_1426,経済局,economy,化学工業指導所,1426,Unknown,non_engineer,2,1147,different_department,1,3,0,0,0,0,0,0,0.6931471805599453,1.3862943611198906,0,0
evt_47,1944,1237,1237_grp_1426,経済局,economy,化学工業指導所,1426,Unknown,non_engineer,2,1190,different_department,3,20,0,0,0,0,0,0,1.3862943611198906,3.044522437723423,0,0
evt_47,1944,1237,1237_grp_1426,経済局,economy,化学工業指導所,1426,Unknown,non_engineer,2,1193,different_department,7,4,0,0,0,0,0,0,2.0794415416798357,1.6094379124341003,0,0
evt_47,1944,1237,1237_grp_1426,経済局,economy,化学工業指導所,1426,Unknown,non_engineer,2,1225,same_department,1,1,0,0,0,0,0,1,0.6931471805599453,0.6931471805599453,0,0
evt_47,1944,1237,1237_grp_1426,経済局,economy,化学工業指導所,1426,Unknown,non_engineer,2,1233,different_department,5,7,0,0,0,0,0,0,1.791759469228055,2.0794415416798357,0,0
evt_47,1944,1237,1237_grp_1426,経済局,economy,化学工業指導所,1426,Unknown,non_engineer,2,1317,same_department,5,10,0,0,0,0,0,1,1.791759469228055,2.3978952727983707,0,0
evt_47,1944,1237,1237_grp_1426,経済局,economy,化学工業指導所,1426,Unknown,non_engineer,2,1335,different_department,1,25,0,0,0,0,0,0,0.6931471805599453,3.258096538021482,0,0
evt_47,1944,1237,1237_grp_1426,経済局,economy,化学工業指導所,1426,Unknown,non_engineer,2,1402,different_department,8,2,0,0,0,0,0,0,2.1972245773362196,1.0986122886681098,0,0
evt_47,1944,1237,1237_grp_1426,経済局,economy,化学工業指導所,1426,Unknown,non_engineer,2,1449,different_department,11,20,0,0,0,0,0,0,2.4849066497880004,3.044522437723423,0,0
evt_47,1944,1237,1237_grp_1426,経済局,economy,化学工業指導所,1426,Unknown,non_engineer,2,1478,different_department,4,5,0,0,0,0,0,0,1.6094379124341003,1.791759469228055,0,0
evt_47,1944,1237,1237_grp_1426,経済局,economy,化学工業指導所,1426,Unknown,non_engineer,2,1490,different_department,1,1,0,0,0,0,0,0,0.6931471805599453,0.6931471805599453,0,0
evt_47,1944,1237,1237_grp_1426,経済局,economy,化学工業指導所,1426,Unknown,non_engineer,2,1501,different_department,1,9,0,0,0,0,0,0,0.6931471805599453,2.302585092994046,0,0
evt_47,1944,1237,1237_grp_1426,経済局,economy,化学工業指導所,1426,Unknown,non_engineer,2,1531,different_department,2,1,0,0,0,0,0,0,1.0986122886681098,0.6931471805599453,0,0
evt_47,1944,1237,1237_grp_1426,経済局,economy,化学工業指導所,1426,Unknown,non_engineer,2,1538,different_department,1,4,0,0,0,0,0,0,0.6931471805599453,1.6094379124341003,0,0
evt_47,1944,1237,1237_grp_1426,経済局,economy,化学工業指導所,1426,Unknown,non_engineer,2,1555,different_department,3,11,0,0,0,0,0,0,1.3862943611198906,2.4849066497880004,0,0
evt_47,1944,1237,1237_grp_1426,経済局,economy,化学工業指導所,1426,Unknown,non_engineer,2,1642,different_department,1,15,0,0,0,0,0,0,0.6931471805599453,2.772588722239781,0,0
evt_47,1944,1237,1237_grp_1426,経済局,economy,化学工業指導所,1426,Unknown,non_engineer,2,1676,different_department,3,16,0,0,0,0,0,0,1.3862943611198906,2.833213344056216,0,0
evt_47,1944,1237,1237_grp_1426,経済局,economy,化学工業指導所,1426,Unknown,non_engineer,2,1697,different_department,1,2,0,0,0,0,0,0,0.6931471805599453,1.0986122886681098,0,0
evt_47,1944,1237,1237_grp_1426,経済局,economy,化学工業指導所,1426,Unknown,non_engineer,2,1752,different_department,5,11,0,0,0,0,0,0,1.791759469228055,2.4849066497880004,0,0
evt_47,1944,1237,1237_grp_1426,経済局,economy,化学工業指導所,1426,Unknown,non_engineer,2,1761,same_department,2,1,0,0,0,0,0,1,1.0986122886681098,0.6931471805599453,0,0
evt_47,1944,1237,1237_grp_1426,経済局,economy,化学工業指導所,1426,Unknown,non_engineer,2,1787,different_department,2,5,0,0,0,0,0,0,1.0986122886681098,1.791759469228055,0,0
evt_47,1944,1237,1237_grp_1426,経済局,economy,化学工業指導所,1426,Unknown,non_engineer,2,1794,same_department,7,7,0,0,0,0,0,1,2.0794415416798357,2.0794415416798357,0,0
evt_47,1944,1237,1237_grp_1426,経済局,economy,化学工業指導所,1426,Unknown,non_engineer,2,1896,different_department,3,1,0,0,0,0,0,0,1.3862943611198906,0.6931471805599453,0,0
evt_47,1944,1237,1237_grp_1426,経済局,economy,化学工業指導所,1426,Unknown,non_engineer,2,1919,different_department,2,1,0,0,0,0,0,0,1.0986122886681098,0.6931471805599453,0,0
evt_47,1944,1237,1237_grp_1426,経済局,economy,化学工業指導所,1426,Unknown,non_engineer,2,1989,different_department,1,41,0,0,0,0,0,0,0.6931471805599453,3.7376696182833684,0,0
evt_47,1944,1237,1237_grp_1426,経済局,economy,化学工業指導所,1426,Unknown,non_engineer,2,2003,different_department,1,25,0,0,0,0,0,0,0.6931471805599453,3.258096538021482,0,0
evt_47,1944,1237,1237_grp_1426,経済局,economy,化学工業指導所,1426,Unknown,non_engineer,2,2033,different_department,4,1,0,0,0,0,0,0,1.6094379124341003,0.6931471805599453,0,0
evt_47,1944,1237,1237_grp_1426,経済局,economy,化学工業指導所,1426,Unknown,non_engineer,2,2056,different_department,4,15,0,0,0,0,0,0,1.6094379124341003,2.772588722239781,0,0
evt_47,1944,1237,1237_grp_1426,経済局,economy,化学工業指導所,1426,Unknown,non_engineer,2,2071,different_department,8,16,0,0,0,0,0,0,2.1972245773362196,2.833213344056216,0,0
evt_47,1944,1237,1237_grp_1426,経済局,economy,化学工業指導所,1426,Unknown,non_engineer,2,2072,different_department,3,1,0,0,0,0,0,0,1.3862943611198906,0.6931471805599453,0,0
evt_47,1944,1237,1237_grp_1426,経済局,economy,化学工業指導所,1426,Unknown,non_engineer,2,2109,different_department,4,6,0,0,0,0,0,0,1.6094379124341003,1.9459101490553132,0,0
evt_47,1944,1237,1237_grp_1426,経済局,economy,化学工業指導所,1426,Unknown,non_engineer,2,2123,different_department,2,1,0,0,0,0,0,0,1.0986122886681098,0.6931471805599453,0,0
evt_47,1944,1237,1237_grp_1426,経済局,economy,化学工業指導所,1426,Unknown,non_engineer,2,2125,different_department,4,7,0,0,0,0,0,0,1.6094379124341003,2.0794415416798357,0,0
evt_47,1944,1237,1237_grp_1426,経済局,economy,化学工業指導所,1426,Unknown,non_engineer,2,2138,same_department,6,5,0,0,0,0,0,1,1.9459101490553132,1.791759469228055,0,0
evt_47,1944,1237,1237_grp_1426,経済局,economy,化学工業指導所,1426,Unknown,non_engineer,2,2143,different_department,1,10,0,0,0,0,0,0,0.6931471805599453,2.3978952727983707,0,0
evt_47,1944,1237,1237_grp_1426,経済局,economy,化学工業指導所,1426,Unknown,non_engineer,2,2158,same_department,1,1,0,0,0,0,0,1,0.6931471805599453,0.6931471805599453,0,0
evt_47,1944,1237,1237_grp_1426,経済局,economy,化学工業指導所,1426,Unknown,non_engineer,2,2174,different_department,5,4,0,0,0,0,0,0,1.791759469228055,1.6094379124341003,0,0
evt_47,1944,1237,1237_grp_1426,経済局,economy,化学工業指導所,1426,Unknown,non_engineer,2,2183,different_department,7,42,0,0,0,0,0,0,2.0794415416798357,3.7612001156935624,0,0
evt_47,1944,1237,1237_grp_1426,経済局,economy,化学工業指導所,1426,Unknown,non_engineer,2,2213,different_department,1,7,0,0,0,0,0,0,0.6931471805599453,2.0794415416798357,0,0
evt_47,1944,1237,1237_grp_1426,経済局,economy,化学工業指導所,1426,Unknown,non_engineer,2,2221,different_department,2,1,0,0,0,0,0,0,1.0986122886681098,0.6931471805599453,0,0
evt_47,1944,1237,1237_grp_1426,経済局,economy,化学工業指導所,1426,Unknown,non_engineer,2,5764,different_department,3,17,0,0,0,0,0,0,1.3862943611198906,2.8903717578961645,0,0
evt_47,1944,1237,1237_grp_1426,経済局,economy,化学工業指導所,1426,Unknown,non_engineer,2,5869,different_department,1,28,0,0,0,0,0,0,0.6931471805599453,3.367295829986474,0,0
evt_47,1944,1237,1237_grp_1426,経済局,economy,化学工業指導所,1426,Unknown,non_engineer,2,5908,different_department,2,27,0,0,0,0,0,0,1.0986122886681098,3.332204510175204,0,0
evt_47,1944,1237,1237_grp_1426,経済局,economy,化学工業指導所,1426,Unknown,non_engineer,2,6184,different_department,2,24,0,0,0,0,0,0,1.0986122886681098,3.2188758248682006,0,0
evt_47,1944,1237,1237_grp_1426,経済局,economy,化学工業指導所,1426,Unknown,non_engineer,2,6233,different_department,1,23,0,0,0,0,0,0,0.6931471805599453,3.1780538303479458,0,0
evt_47,1944,1237,1237_grp_1426,経済局,economy,化学工業指導所,1426,Unknown,non_engineer,2,6328,different_department,1,26,0,0,0,0,0,0,0.6931471805599453,3.295836866004329,0,0
evt_47,1944,1237,1237_grp_1426,経済局,economy,化学工業指導所,1426,Unknown,non_engineer,2,6337,different_department,4,5,0,0,0,0,0,0,1.6094379124341003,1.791759469228055,0,0
evt_47,1944,1237,1237_grp_1426,経済局,economy,化学工業指導所,1426,Unknown,non_engineer,2,6701,different_department,17,12,0,0,0,0,0,0,2.8903717578961645,2.5649493574615367,0,0
evt_47,1944,1237,1237_grp_1426,経済局,economy,化学工業指導所,1426,Unknown,non_engineer,2,6791,different_department,2,23,0,0,0,0,0,0,1.0986122886681098,3.1780538303479458,0,0
evt_47,1944,1237,1237_grp_1426,経済局,economy,化学工業指導所,1426,Unknown,non_engineer,2,6946,different_department,3,58,0,0,0,0,0,0,1.3862943611198906,4.07753744390572,0,0
evt_47,1944,1237,1237_grp_1426,経済局,economy,化学工業指導所,1426,Unknown,non_engineer,2,7029,different_department,2,26,0,0,0,0,0,0,1.0986122886681098,3.295836866004329,0,0
evt_47,1944,1237,1237_grp_1426,経済局,economy,化学工業指導所,1426,Unknown,non_engineer,2,7051,different_department,2,9,0,0,0,0,0,0,1.0986122886681098,2.302585092994046,0,0
evt_47,1944,1237,1237_grp_1426,経済局,economy,化学工業指導所,1426,Unknown,non_engineer,2,7191,different_department,1,19,0,0,0,0,0,0,0.6931471805599453,2.995732273553991,0,0
evt_47,1944,1237,1237_grp_1426,経済局,economy,化学工業指導所,1426,Unknown,non_engineer,2,7235,different_department,1,23,0,0,0,0,0,0,0.6931471805599453,3.1780538303479458,0,0
evt_47,1944,1237,1237_grp_1426,経済局,economy,化学工業指導所,1426,Unknown,non_engineer,2,7461,different_department,1,20,0,0,0,0,0,0,0.6931471805599453,3.044522437723423,0,0
evt_47,1944,1237,1237_grp_1426,経済局,economy,化学工業指導所,1426,Unknown,non_engineer,2,7484,different_department,2,29,0,0,0,0,0,0,1.0986122886681098,3.4011973816621555,0,0
evt_47,1944,1237,1237_grp_1426,経済局,economy,化学工業指導所,1426,Unknown,non_engineer,2,7492,different_department,1,26,0,0,0,0,0,0,0.6931471805599453,3.295836866004329,0,0
evt_47,1944,1237,1237_grp_1426,経済局,economy,化学工業指導所,1426,Unknown,non_engineer,2,7506,different_department,7,93,0,0,0,0,0,0,2.0794415416798357,4.543294782270004,0,0
evt_47,1944,1237,1237_grp_1426,経済局,economy,化学工業指導所,1426,Unknown,non_engineer,2,7525,different_department,4,5,0,0,0,0,0,0,1.6094379124341003,1.791759469228055,0,0
evt_47,1944,1237,1237_grp_1426,経済局,economy,化学工業指導所,1426,Unknown,non_engineer,2,7748,different_department,4,38,0,0,0,0,0,0,1.6094379124341003,3.6635616461296463,0,0
evt_47,1944,1237,1237_grp_1426,経済局,economy,化学工業指導所,1426,Unknown,non_engineer,2,7836,different_department,1,2,0,0,0,0,0,0,0.6931471805599453,1.0986122886681098,0,0
evt_47,1944,1237,1237_grp_1426,経済局,economy,化学工業指導所,1426,Unknown,non_engineer,2,7910,different_department,2,30,0,0,0,0,0,0,1.0986122886681098,3.4339872044851463,0,0
evt_47,1944,1237,1237_grp_1426,経済局,economy,化学工業指導所,1426,Unknown,non_engineer,2,8164,different_department,2,42,0,0,0,0,0,0,1.0986122886681098,3.7612001156935624,0,0
evt_47,1944,1237,1237_grp_1426,経済局,economy,化学工業指導所,1426,Unknown,non_engineer,2,8358,same_department,1,9,0,0,0,0,0,1,0.6931471805599453,2.302585092994046,0,0
evt_47,1944,1237,1237_grp_1426,経済局,economy,化学工業指導所,1426,Unknown,non_engineer,2,8426,different_department,1,3,0,0,0,0,0,0,0.6931471805599453,1.3862943611198906,0,0
evt_47,1944,1237,1237_grp_1426,経済局,economy,化学工業指導所,1426,Unknown,non_engineer,2,8514,different_department,1,2,0,0,0,0,0,0,0.6931471805599453,1.0986122886681098,0,0
evt_47,1944,1237,1237_grp_1426,経済局,economy,化学工業指導所,1426,Unknown,non_engineer,2,8594,different_department,1,16,0,0,0,0,0,0,0.6931471805599453,2.833213344056216,0,0
evt_47,1944,1237,1237_grp_1426,経済局,economy,化学工業指導所,1426,Unknown,non_engineer,2,8664,different_department,2,8,0,0,0,0,0,0,1.0986122886681098,2.1972245773362196,0,0
evt_47,1944,1237,1237_grp_1426,経済局,economy,化学工業指導所,1426,Unknown,non_engineer,2,8882,different_department,1,28,0,0,0,0,0,0,0.6931471805599453,3.367295829986474,0,0
evt_47,1944,1237,1237_grp_1426,経済局,economy,化学工業指導所,1426,Unknown,non_engineer,2,8905,different_department,6,14,1,0,0,0,0,0,1.9459101490553132,2.70805020110221,0,0
evt_475,1944,5991,5991_name_健民課,民生局,welfare,健民課,NA,Unknown,non_engineer,2,1130,different_department,7,2,0,0,0,0,0,0,2.0794415416798357,1.0986122886681098,0,0
evt_475,1944,5991,5991_name_健民課,民生局,welfare,健民課,NA,Unknown,non_engineer,2,1147,different_department,1,3,0,0,0,0,0,0,0.6931471805599453,1.3862943611198906,0,0
evt_475,1944,5991,5991_name_健民課,民生局,welfare,健民課,NA,Unknown,non_engineer,2,1190,different_department,3,20,0,0,0,0,0,0,1.3862943611198906,3.044522437723423,0,0
evt_475,1944,5991,5991_name_健民課,民生局,welfare,健民課,NA,Unknown,non_engineer,2,1193,different_department,7,4,0,0,0,0,0,0,2.0794415416798357,1.6094379124341003,0,0
evt_475,1944,5991,5991_name_健民課,民生局,welfare,健民課,NA,Unknown,non_engineer,2,1225,different_department,1,1,0,0,0,0,0,0,0.6931471805599453,0.6931471805599453,0,0
evt_475,1944,5991,5991_name_健民課,民生局,welfare,健民課,NA,Unknown,non_engineer,2,1233,different_department,5,7,0,0,0,0,0,0,1.791759469228055,2.0794415416798357,0,0
evt_475,1944,5991,5991_name_健民課,民生局,welfare,健民課,NA,Unknown,non_engineer,2,1317,different_department,5,10,0,0,0,0,0,0,1.791759469228055,2.3978952727983707,0,0
evt_475,1944,5991,5991_name_健民課,民生局,welfare,健民課,NA,Unknown,non_engineer,2,1335,different_department,1,25,0,0,0,0,0,0,0.6931471805599453,3.258096538021482,0,0
evt_475,1944,5991,5991_name_健民課,民生局,welfare,健民課,NA,Unknown,non_engineer,2,1402,different_department,8,2,0,0,0,0,0,0,2.1972245773362196,1.0986122886681098,0,0
evt_475,1944,5991,5991_name_健民課,民生局,welfare,健民課,NA,Unknown,non_engineer,2,1449,same_department,11,20,0,0,0,0,0,1,2.4849066497880004,3.044522437723423,0,0
evt_475,1944,5991,5991_name_健民課,民生局,welfare,健民課,NA,Unknown,non_engineer,2,1478,same_department,4,5,0,0,0,0,0,1,1.6094379124341003,1.791759469228055,0,0
evt_475,1944,5991,5991_name_健民課,民生局,welfare,健民課,NA,Unknown,non_engineer,2,1486,different_department,1,2,0,0,0,0,0,0,0.6931471805599453,1.0986122886681098,0,0
evt_475,1944,5991,5991_name_健民課,民生局,welfare,健民課,NA,Unknown,non_engineer,2,1490,different_department,1,1,0,0,0,0,0,0,0.6931471805599453,0.6931471805599453,0,0
evt_475,1944,5991,5991_name_健民課,民生局,welfare,健民課,NA,Unknown,non_engineer,2,1501,different_department,1,9,0,0,0,0,0,0,0.6931471805599453,2.302585092994046,0,0
evt_475,1944,5991,5991_name_健民課,民生局,welfare,健民課,NA,Unknown,non_engineer,2,1531,different_department,2,1,0,0,0,0,0,0,1.0986122886681098,0.6931471805599453,0,0
evt_475,1944,5991,5991_name_健民課,民生局,welfare,健民課,NA,Unknown,non_engineer,2,1538,different_department,1,4,0,0,0,0,0,0,0.6931471805599453,1.6094379124341003,0,0
evt_475,1944,5991,5991_name_健民課,民生局,welfare,健民課,NA,Unknown,non_engineer,2,1555,different_department,3,11,0,0,0,0,0,0,1.3862943611198906,2.4849066497880004,0,0
evt_475,1944,5991,5991_name_健民課,民生局,welfare,健民課,NA,Unknown,non_engineer,2,1642,same_department,1,15,0,0,0,0,0,1,0.6931471805599453,2.772588722239781,0,0
evt_475,1944,5991,5991_name_健民課,民生局,welfare,健民課,NA,Unknown,non_engineer,2,1676,different_department,3,16,0,0,0,0,0,0,1.3862943611198906,2.833213344056216,0,0
evt_475,1944,5991,5991_name_健民課,民生局,welfare,健民課,NA,Unknown,non_engineer,2,1697,same_department,1,2,0,0,0,0,0,1,0.6931471805599453,1.0986122886681098,0,0
evt_475,1944,5991,5991_name_健民課,民生局,welfare,健民課,NA,Unknown,non_engineer,2,1752,different_department,5,11,0,0,0,0,0,0,1.791759469228055,2.4849066497880004,0,0
evt_475,1944,5991,5991_name_健民課,民生局,welfare,健民課,NA,Unknown,non_engineer,2,1761,different_department,2,1,0,0,0,0,0,0,1.0986122886681098,0.6931471805599453,0,0
evt_475,1944,5991,5991_name_健民課,民生局,welfare,健民課,NA,Unknown,non_engineer,2,1787,different_department,2,5,0,0,0,0,0,0,1.0986122886681098,1.791759469228055,0,0
evt_475,1944,5991,5991_name_健民課,民生局,welfare,健民課,NA,Unknown,non_engineer,2,1794,different_department,7,7,0,0,0,0,0,0,2.0794415416798357,2.0794415416798357,0,0
evt_475,1944,5991,5991_name_健民課,民生局,welfare,健民課,NA,Unknown,non_engineer,2,1896,same_department,3,1,0,0,0,0,0,1,1.3862943611198906,0.6931471805599453,0,0
evt_475,1944,5991,5991_name_健民課,民生局,welfare,健民課,NA,Unknown,non_engineer,2,1906,different_department,1,15,0,0,0,0,0,0,0.6931471805599453,2.772588722239781,0,0
evt_475,1944,5991,5991_name_健民課,民生局,welfare,健民課,NA,Unknown,non_engineer,2,1919,different_department,2,1,1,0,0,0,0,0,1.0986122886681098,0.6931471805599453,0,0
evt_475,1944,5991,5991_name_健民課,民生局,welfare,健民課,NA,Unknown,non_engineer,2,1989,different_department,1,41,0,0,0,0,0,0,0.6931471805599453,3.7376696182833684,0,0
evt_475,1944,5991,5991_name_健民課,民生局,welfare,健民課,NA,Unknown,non_engineer,2,2003,different_department,1,25,0,0,0,0,0,0,0.6931471805599453,3.258096538021482,0,0
evt_475,1944,5991,5991_name_健民課,民生局,welfare,健民課,NA,Unknown,non_engineer,2,2033,same_department,4,1,0,0,0,0,0,1,1.6094379124341003,0.6931471805599453,0,0
evt_475,1944,5991,5991_name_健民課,民生局,welfare,健民課,NA,Unknown,non_engineer,2,2056,different_department,4,15,0,0,0,0,0,0,1.6094379124341003,2.772588722239781,0,0
evt_475,1944,5991,5991_name_健民課,民生局,welfare,健民課,NA,Unknown,non_engineer,2,2071,different_department,8,16,0,0,0,0,0,0,2.1972245773362196,2.833213344056216,0,0
evt_475,1944,5991,5991_name_健民課,民生局,welfare,健民課,NA,Unknown,non_engineer,2,2072,different_department,3,1,0,0,0,0,0,0,1.3862943611198906,0.6931471805599453,0,0
evt_475,1944,5991,5991_name_健民課,民生局,welfare,健民課,NA,Unknown,non_engineer,2,2109,different_department,4,6,0,0,0,0,0,0,1.6094379124341003,1.9459101490553132,0,0
evt_475,1944,5991,5991_name_健民課,民生局,welfare,健民課,NA,Unknown,non_engineer,2,2123,different_department,2,1,0,0,0,0,0,0,1.0986122886681098,0.6931471805599453,0,0
evt_475,1944,5991,5991_name_健民課,民生局,welfare,健民課,NA,Unknown,non_engineer,2,2125,same_department,4,7,0,0,0,0,0,1,1.6094379124341003,2.0794415416798357,0,0
evt_475,1944,5991,5991_name_健民課,民生局,welfare,健民課,NA,Unknown,non_engineer,2,2138,different_department,6,5,0,0,0,0,0,0,1.9459101490553132,1.791759469228055,0,0
evt_475,1944,5991,5991_name_健民課,民生局,welfare,健民課,NA,Unknown,non_engineer,2,2143,different_department,1,10,0,0,0,0,0,0,0.6931471805599453,2.3978952727983707,0,0
evt_475,1944,5991,5991_name_健民課,民生局,welfare,健民課,NA,Unknown,non_engineer,2,2158,different_department,1,1,0,0,0,0,0,0,0.6931471805599453,0.6931471805599453,0,0
evt_475,1944,5991,5991_name_健民課,民生局,welfare,健民課,NA,Unknown,non_engineer,2,2174,same_department,5,4,0,0,0,0,0,1,1.791759469228055,1.6094379124341003,0,0
evt_475,1944,5991,5991_name_健民課,民生局,welfare,健民課,NA,Unknown,non_engineer,2,2183,different_department,7,42,0,0,0,0,0,0,2.0794415416798357,3.7612001156935624,0,0
evt_475,1944,5991,5991_name_健民課,民生局,welfare,健民課,NA,Unknown,non_engineer,2,2213,same_department,1,7,1,0,0,0,0,1,0.6931471805599453,2.0794415416798357,0,0
evt_475,1944,5991,5991_name_健民課,民生局,welfare,健民課,NA,Unknown,non_engineer,2,2221,different_department,2,1,0,0,0,0,0,0,1.0986122886681098,0.6931471805599453,0,0
evt_475,1944,5991,5991_name_健民課,民生局,welfare,健民課,NA,Unknown,non_engineer,2,5764,different_department,3,17,0,0,0,0,0,0,1.3862943611198906,2.8903717578961645,0,0
evt_475,1944,5991,5991_name_健民課,民生局,welfare,健民課,NA,Unknown,non_engineer,2,5869,different_department,1,28,0,0,0,0,0,0,0.6931471805599453,3.367295829986474,0,0
evt_475,1944,5991,5991_name_健民課,民生局,welfare,健民課,NA,Unknown,non_engineer,2,5908,different_department,2,27,0,0,0,0,0,0,1.0986122886681098,3.332204510175204,0,0
evt_475,1944,5991,5991_name_健民課,民生局,welfare,健民課,NA,Unknown,non_engineer,2,6184,different_department,2,24,0,0,0,0,0,0,1.0986122886681098,3.2188758248682006,0,0
evt_475,1944,5991,5991_name_健民課,民生局,welfare,健民課,NA,Unknown,non_engineer,2,6233,different_department,1,23,0,0,0,0,0,0,0.6931471805599453,3.1780538303479458,0,0
evt_475,1944,5991,5991_name_健民課,民生局,welfare,健民課,NA,Unknown,non_engineer,2,6328,different_department,1,26,0,0,0,0,0,0,0.6931471805599453,3.295836866004329,0,0
evt_475,1944,5991,5991_name_健民課,民生局,welfare,健民課,NA,Unknown,non_engineer,2,6337,different_department,4,5,0,0,0,0,0,0,1.6094379124341003,1.791759469228055,0,0
evt_475,1944,5991,5991_name_健民課,民生局,welfare,健民課,NA,Unknown,non_engineer,2,6701,different_department,17,12,0,0,0,0,0,0,2.8903717578961645,2.5649493574615367,0,0
evt_475,1944,5991,5991_name_健民課,民生局,welfare,健民課,NA,Unknown,non_engineer,2,6791,different_department,2,23,0,0,0,0,0,0,1.0986122886681098,3.1780538303479458,0,0
evt_475,1944,5991,5991_name_健民課,民生局,welfare,健民課,NA,Unknown,non_engineer,2,6946,different_department,3,58,0,0,0,0,0,0,1.3862943611198906,4.07753744390572,0,0
evt_475,1944,5991,5991_name_健民課,民生局,welfare,健民課,NA,Unknown,non_engineer,2,6953,different_department,4,25,0,0,0,0,0,0,1.6094379124341003,3.258096538021482,0,0
evt_475,1944,5991,5991_name_健民課,民生局,welfare,健民課,NA,Unknown,non_engineer,2,7029,different_department,2,26,0,0,0,0,0,0,1.0986122886681098,3.295836866004329,0,0
evt_475,1944,5991,5991_name_健民課,民生局,welfare,健民課,NA,Unknown,non_engineer,2,7051,different_department,2,9,0,0,0,0,0,0,1.0986122886681098,2.302585092994046,0,0
evt_475,1944,5991,5991_name_健民課,民生局,welfare,健民課,NA,Unknown,non_engineer,2,7191,different_department,1,19,0,0,0,0,0,0,0.6931471805599453,2.995732273553991,0,0
evt_475,1944,5991,5991_name_健民課,民生局,welfare,健民課,NA,Unknown,non_engineer,2,7235,different_department,1,23,0,0,0,0,0,0,0.6931471805599453,3.1780538303479458,0,0
evt_475,1944,5991,5991_name_健民課,民生局,welfare,健民課,NA,Unknown,non_engineer,2,7461,different_department,1,20,0,0,0,0,0,0,0.6931471805599453,3.044522437723423,0,0
evt_475,1944,5991,5991_name_健民課,民生局,welfare,健民課,NA,Unknown,non_engineer,2,7484,different_department,2,29,0,0,0,0,0,0,1.0986122886681098,3.4011973816621555,0,0
evt_475,1944,5991,5991_name_健民課,民生局,welfare,健民課,NA,Unknown,non_engineer,2,7492,different_department,1,26,0,0,0,0,0,0,0.6931471805599453,3.295836866004329,0,0
evt_475,1944,5991,5991_name_健民課,民生局,welfare,健民課,NA,Unknown,non_engineer,2,7506,different_department,7,93,0,0,0,0,0,0,2.0794415416798357,4.543294782270004,0,0
evt_475,1944,5991,5991_name_健民課,民生局,welfare,健民課,NA,Unknown,non_engineer,2,7525,different_department,4,5,0,0,0,0,0,0,1.6094379124341003,1.791759469228055,0,0
evt_475,1944,5991,5991_name_健民課,民生局,welfare,健民課,NA,Unknown,non_engineer,2,7748,different_department,4,38,0,0,0,0,0,0,1.6094379124341003,3.6635616461296463,0,0
evt_475,1944,5991,5991_name_健民課,民生局,welfare,健民課,NA,Unknown,non_engineer,2,7836,different_department,1,2,0,0,0,0,0,0,0.6931471805599453,1.0986122886681098,0,0
evt_475,1944,5991,5991_name_健民課,民生局,welfare,健民課,NA,Unknown,non_engineer,2,7910,different_department,2,30,0,0,0,0,0,0,1.0986122886681098,3.4339872044851463,0,0
evt_475,1944,5991,5991_name_健民課,民生局,welfare,健民課,NA,Unknown,non_engineer,2,8164,different_department,2,42,0,0,0,0,0,0,1.0986122886681098,3.7612001156935624,0,0
evt_475,1944,5991,5991_name_健民課,民生局,welfare,健民課,NA,Unknown,non_engineer,2,8358,different_department,1,9,0,0,0,0,0,0,0.6931471805599453,2.302585092994046,0,0
evt_475,1944,5991,5991_name_健民課,民生局,welfare,健民課,NA,Unknown,non_engineer,2,8426,different_department,1,3,0,0,0,0,0,0,0.6931471805599453,1.3862943611198906,0,0
evt_475,1944,5991,5991_name_健民課,民生局,welfare,健民課,NA,Unknown,non_engineer,2,8514,same_department,1,2,0,0,0,0,0,1,0.6931471805599453,1.0986122886681098,0,0
evt_475,1944,5991,5991_name_健民課,民生局,welfare,健民課,NA,Unknown,non_engineer,2,8594,different_department,1,16,0,0,0,0,0,0,0.6931471805599453,2.833213344056216,0,0
evt_475,1944,5991,5991_name_健民課,民生局,welfare,健民課,NA,Unknown,non_engineer,2,8664,different_department,2,8,0,0,0,0,0,0,1.0986122886681098,2.1972245773362196,0,0
evt_475,1944,5991,5991_name_健民課,民生局,welfare,健民課,NA,Unknown,non_engineer,2,8882,different_department,1,28,0,0,0,0,0,0,0.6931471805599453,3.367295829986474,0,0
evt_475,1944,5991,5991_name_健民課,民生局,welfare,健民課,NA,Unknown,non_engineer,2,8905,different_department,6,14,0,0,0,0,0,0,1.9459101490553132,2.70805020110221,0,0
evt_478,1944,6015,6015_grp_39,計晝局,NA,公園緑地課,39,Unknown,non_engineer,2,1478,same_section,4,5,1,0,0,0,1,0,1.6094379124341003,1.791759469228055,1,1
evt_478,1944,6015,6015_grp_39,計晝局,NA,公園緑地課,39,Unknown,non_engineer,2,1896,same_section,3,1,0,0,0,0,1,0,1.3862943611198906,0.6931471805599453,1,1
evt_497,1944,6215,6215_grp_12,経済局,economy,商工課,12,Unknown,non_engineer,2,1130,different_department,7,2,0,0,0,0,0,0,2.0794415416798357,1.0986122886681098,1,1
evt_497,1944,6215,6215_grp_12,経済局,economy,商工課,12,Unknown,non_engineer,2,1147,different_department,1,3,0,0,0,0,0,0,0.6931471805599453,1.3862943611198906,1,1
evt_497,1944,6215,6215_grp_12,経済局,economy,商工課,12,Unknown,non_engineer,2,1190,different_department,3,20,0,0,0,0,0,0,1.3862943611198906,3.044522437723423,1,1
evt_497,1944,6215,6215_grp_12,経済局,economy,商工課,12,Unknown,non_engineer,2,1193,different_department,7,4,0,0,0,0,0,0,2.0794415416798357,1.6094379124341003,1,1
evt_497,1944,6215,6215_grp_12,経済局,economy,商工課,12,Unknown,non_engineer,2,1225,same_department,1,1,0,0,0,0,0,1,0.6931471805599453,0.6931471805599453,1,1
evt_497,1944,6215,6215_grp_12,経済局,economy,商工課,12,Unknown,non_engineer,2,1233,different_department,5,7,0,0,0,0,0,0,1.791759469228055,2.0794415416798357,1,1
evt_497,1944,6215,6215_grp_12,経済局,economy,商工課,12,Unknown,non_engineer,2,1317,same_section,5,10,0,0,0,0,1,0,1.791759469228055,2.3978952727983707,1,1
evt_497,1944,6215,6215_grp_12,経済局,economy,商工課,12,Unknown,non_engineer,2,1335,different_department,1,25,0,0,0,0,0,0,0.6931471805599453,3.258096538021482,1,1
evt_497,1944,6215,6215_grp_12,経済局,economy,商工課,12,Unknown,non_engineer,2,1402,different_department,8,2,0,0,0,0,0,0,2.1972245773362196,1.0986122886681098,1,1
evt_497,1944,6215,6215_grp_12,経済局,economy,商工課,12,Unknown,non_engineer,2,1449,different_department,11,20,0,0,0,0,0,0,2.4849066497880004,3.044522437723423,1,1
evt_497,1944,6215,6215_grp_12,経済局,economy,商工課,12,Unknown,non_engineer,2,1478,different_department,4,5,0,0,0,0,0,0,1.6094379124341003,1.791759469228055,1,1
evt_497,1944,6215,6215_grp_12,経済局,economy,商工課,12,Unknown,non_engineer,2,1490,different_department,1,1,0,0,0,0,0,0,0.6931471805599453,0.6931471805599453,1,1
evt_497,1944,6215,6215_grp_12,経済局,economy,商工課,12,Unknown,non_engineer,2,1501,different_department,1,9,0,0,0,0,0,0,0.6931471805599453,2.302585092994046,1,1
evt_497,1944,6215,6215_grp_12,経済局,economy,商工課,12,Unknown,non_engineer,2,1531,different_department,2,1,0,0,0,0,0,0,1.0986122886681098,0.6931471805599453,1,1
evt_497,1944,6215,6215_grp_12,経済局,economy,商工課,12,Unknown,non_engineer,2,1538,different_department,1,4,0,0,0,0,0,0,0.6931471805599453,1.6094379124341003,1,1
evt_497,1944,6215,6215_grp_12,経済局,economy,商工課,12,Unknown,non_engineer,2,1555,different_department,3,11,0,0,0,0,0,0,1.3862943611198906,2.4849066497880004,1,1
evt_497,1944,6215,6215_grp_12,経済局,economy,商工課,12,Unknown,non_engineer,2,1642,different_department,1,15,0,0,0,0,0,0,0.6931471805599453,2.772588722239781,1,1
evt_497,1944,6215,6215_grp_12,経済局,economy,商工課,12,Unknown,non_engineer,2,1676,different_department,3,16,0,0,0,0,0,0,1.3862943611198906,2.833213344056216,1,1
evt_497,1944,6215,6215_grp_12,経済局,economy,商工課,12,Unknown,non_engineer,2,1697,different_department,1,2,0,0,0,0,0,0,0.6931471805599453,1.0986122886681098,1,1
evt_497,1944,6215,6215_grp_12,経済局,economy,商工課,12,Unknown,non_engineer,2,1752,different_department,5,11,0,0,0,0,0,0,1.791759469228055,2.4849066497880004,1,1
evt_497,1944,6215,6215_grp_12,経済局,economy,商工課,12,Unknown,non_engineer,2,1761,same_section,2,1,1,0,0,0,1,0,1.0986122886681098,0.6931471805599453,1,1
evt_497,1944,6215,6215_grp_12,経済局,economy,商工課,12,Unknown,non_engineer,2,1787,different_department,2,5,0,0,0,0,0,0,1.0986122886681098,1.791759469228055,1,1
evt_497,1944,6215,6215_grp_12,経済局,economy,商工課,12,Unknown,non_engineer,2,1794,same_department,7,7,0,0,0,0,0,1,2.0794415416798357,2.0794415416798357,1,1
evt_497,1944,6215,6215_grp_12,経済局,economy,商工課,12,Unknown,non_engineer,2,1896,different_department,3,1,0,0,0,0,0,0,1.3862943611198906,0.6931471805599453,1,1
evt_497,1944,6215,6215_grp_12,経済局,economy,商工課,12,Unknown,non_engineer,2,1919,different_department,2,1,0,0,0,0,0,0,1.0986122886681098,0.6931471805599453,1,1
evt_497,1944,6215,6215_grp_12,経済局,economy,商工課,12,Unknown,non_engineer,2,1989,different_department,1,41,0,1,0.6931471805599453,1,0,0,0.6931471805599453,3.7376696182833684,1,1
evt_497,1944,6215,6215_grp_12,経済局,economy,商工課,12,Unknown,non_engineer,2,2003,different_department,1,25,0,0,0,0,0,0,0.6931471805599453,3.258096538021482,1,1
evt_497,1944,6215,6215_grp_12,経済局,economy,商工課,12,Unknown,non_engineer,2,2033,different_department,4,1,0,0,0,0,0,0,1.6094379124341003,0.6931471805599453,1,1
evt_497,1944,6215,6215_grp_12,経済局,economy,商工課,12,Unknown,non_engineer,2,2056,different_department,4,15,0,0,0,0,0,0,1.6094379124341003,2.772588722239781,1,1
evt_497,1944,6215,6215_grp_12,経済局,economy,商工課,12,Unknown,non_engineer,2,2071,different_department,8,16,0,0,0,0,0,0,2.1972245773362196,2.833213344056216,1,1
evt_497,1944,6215,6215_grp_12,経済局,economy,商工課,12,Unknown,non_engineer,2,2072,different_department,3,1,0,0,0,0,0,0,1.3862943611198906,0.6931471805599453,1,1
evt_497,1944,6215,6215_grp_12,経済局,economy,商工課,12,Unknown,non_engineer,2,2109,different_department,4,6,0,0,0,0,0,0,1.6094379124341003,1.9459101490553132,1,1
evt_497,1944,6215,6215_grp_12,経済局,economy,商工課,12,Unknown,non_engineer,2,2123,different_department,2,1,0,0,0,0,0,0,1.0986122886681098,0.6931471805599453,1,1
evt_497,1944,6215,6215_grp_12,経済局,economy,商工課,12,Unknown,non_engineer,2,2125,different_department,4,7,0,0,0,0,0,0,1.6094379124341003,2.0794415416798357,1,1
evt_497,1944,6215,6215_grp_12,経済局,economy,商工課,12,Unknown,non_engineer,2,2138,same_department,6,5,0,0,0,0,0,1,1.9459101490553132,1.791759469228055,1,1
evt_497,1944,6215,6215_grp_12,経済局,economy,商工課,12,Unknown,non_engineer,2,2143,different_department,1,10,0,0,0,0,0,0,0.6931471805599453,2.3978952727983707,1,1
evt_497,1944,6215,6215_grp_12,経済局,economy,商工課,12,Unknown,non_engineer,2,2158,same_department,1,1,0,0,0,0,0,1,0.6931471805599453,0.6931471805599453,1,1
evt_497,1944,6215,6215_grp_12,経済局,economy,商工課,12,Unknown,non_engineer,2,2174,different_department,5,4,0,0,0,0,0,0,1.791759469228055,1.6094379124341003,1,1
evt_497,1944,6215,6215_grp_12,経済局,economy,商工課,12,Unknown,non_engineer,2,2183,different_department,7,42,0,0,0,0,0,0,2.0794415416798357,3.7612001156935624,1,1
evt_497,1944,6215,6215_grp_12,経済局,economy,商工課,12,Unknown,non_engineer,2,2213,different_department,1,7,0,0,0,0,0,0,0.6931471805599453,2.0794415416798357,1,1
evt_497,1944,6215,6215_grp_12,経済局,economy,商工課,12,Unknown,non_engineer,2,2221,different_department,2,1,0,0,0,0,0,0,1.0986122886681098,0.6931471805599453,1,1
evt_497,1944,6215,6215_grp_12,経済局,economy,商工課,12,Unknown,non_engineer,2,5764,different_department,3,17,0,0,0,0,0,0,1.3862943611198906,2.8903717578961645,1,1
evt_497,1944,6215,6215_grp_12,経済局,economy,商工課,12,Unknown,non_engineer,2,5869,different_department,1,28,0,0,0,0,0,0,0.6931471805599453,3.367295829986474,1,1
evt_497,1944,6215,6215_grp_12,経済局,economy,商工課,12,Unknown,non_engineer,2,5908,different_department,2,27,0,0,0,0,0,0,1.0986122886681098,3.332204510175204,1,1
evt_497,1944,6215,6215_grp_12,経済局,economy,商工課,12,Unknown,non_engineer,2,6184,different_department,2,24,0,0,0,0,0,0,1.0986122886681098,3.2188758248682006,1,1
evt_497,1944,6215,6215_grp_12,経済局,economy,商工課,12,Unknown,non_engineer,2,6233,different_department,1,23,0,0,0,0,0,0,0.6931471805599453,3.1780538303479458,1,1
evt_497,1944,6215,6215_grp_12,経済局,economy,商工課,12,Unknown,non_engineer,2,6328,different_department,1,26,0,0,0,0,0,0,0.6931471805599453,3.295836866004329,1,1
evt_497,1944,6215,6215_grp_12,経済局,economy,商工課,12,Unknown,non_engineer,2,6337,different_department,4,5,0,0,0,0,0,0,1.6094379124341003,1.791759469228055,1,1
evt_497,1944,6215,6215_grp_12,経済局,economy,商工課,12,Unknown,non_engineer,2,6701,different_department,17,12,0,0,0,0,0,0,2.8903717578961645,2.5649493574615367,1,1
evt_497,1944,6215,6215_grp_12,経済局,economy,商工課,12,Unknown,non_engineer,2,6791,different_department,2,23,0,0,0,0,0,0,1.0986122886681098,3.1780538303479458,1,1
evt_497,1944,6215,6215_grp_12,経済局,economy,商工課,12,Unknown,non_engineer,2,6946,different_department,3,58,0,0,0,0,0,0,1.3862943611198906,4.07753744390572,1,1
evt_497,1944,6215,6215_grp_12,経済局,economy,商工課,12,Unknown,non_engineer,2,7029,different_department,2,26,0,0,0,0,0,0,1.0986122886681098,3.295836866004329,1,1
evt_497,1944,6215,6215_grp_12,経済局,economy,商工課,12,Unknown,non_engineer,2,7051,different_department,2,9,0,0,0,0,0,0,1.0986122886681098,2.302585092994046,1,1
evt_497,1944,6215,6215_grp_12,経済局,economy,商工課,12,Unknown,non_engineer,2,7191,different_department,1,19,0,0,0,0,0,0,0.6931471805599453,2.995732273553991,1,1
evt_497,1944,6215,6215_grp_12,経済局,economy,商工課,12,Unknown,non_engineer,2,7235,different_department,1,23,0,0,0,0,0,0,0.6931471805599453,3.1780538303479458,1,1
evt_497,1944,6215,6215_grp_12,経済局,economy,商工課,12,Unknown,non_engineer,2,7461,different_department,1,20,0,0,0,0,0,0,0.6931471805599453,3.044522437723423,1,1
evt_497,1944,6215,6215_grp_12,経済局,economy,商工課,12,Unknown,non_engineer,2,7484,different_department,2,29,0,0,0,0,0,0,1.0986122886681098,3.4011973816621555,1,1
evt_497,1944,6215,6215_grp_12,経済局,economy,商工課,12,Unknown,non_engineer,2,7492,different_department,1,26,0,0,0,0,0,0,0.6931471805599453,3.295836866004329,1,1
evt_497,1944,6215,6215_grp_12,経済局,economy,商工課,12,Unknown,non_engineer,2,7506,different_department,7,93,0,1,0.6931471805599453,1,0,0,2.0794415416798357,4.543294782270004,1,1
evt_497,1944,6215,6215_grp_12,経済局,economy,商工課,12,Unknown,non_engineer,2,7525,different_department,4,5,0,0,0,0,0,0,1.6094379124341003,1.791759469228055,1,1
evt_497,1944,6215,6215_grp_12,経済局,economy,商工課,12,Unknown,non_engineer,2,7748,different_department,4,38,0,0,0,0,0,0,1.6094379124341003,3.6635616461296463,1,1
evt_497,1944,6215,6215_grp_12,経済局,economy,商工課,12,Unknown,non_engineer,2,7836,different_department,1,2,0,0,0,0,0,0,0.6931471805599453,1.0986122886681098,1,1
evt_497,1944,6215,6215_grp_12,経済局,economy,商工課,12,Unknown,non_engineer,2,7910,different_department,2,30,0,0,0,0,0,0,1.0986122886681098,3.4339872044851463,1,1
evt_497,1944,6215,6215_grp_12,経済局,economy,商工課,12,Unknown,non_engineer,2,8164,different_department,2,42,0,0,0,0,0,0,1.0986122886681098,3.7612001156935624,1,1
evt_497,1944,6215,6215_grp_12,経済局,economy,商工課,12,Unknown,non_engineer,2,8358,same_department,1,9,0,0,0,0,0,1,0.6931471805599453,2.302585092994046,1,1
evt_497,1944,6215,6215_grp_12,経済局,economy,商工課,12,Unknown,non_engineer,2,8426,different_department,1,3,0,0,0,0,0,0,0.6931471805599453,1.3862943611198906,1,1
evt_497,1944,6215,6215_grp_12,経済局,economy,商工課,12,Unknown,non_engineer,2,8514,different_department,1,2,0,0,0,0,0,0,0.6931471805599453,1.0986122886681098,1,1
evt_497,1944,6215,6215_grp_12,経済局,economy,商工課,12,Unknown,non_engineer,2,8594,different_department,1,16,0,0,0,0,0,0,0.6931471805599453,2.833213344056216,1,1
evt_497,1944,6215,6215_grp_12,経済局,economy,商工課,12,Unknown,non_engineer,2,8664,different_department,2,8,0,0,0,0,0,0,1.0986122886681098,2.1972245773362196,1,1
evt_497,1944,6215,6215_grp_12,経済局,economy,商工課,12,Unknown,non_engineer,2,8882,different_department,1,28,0,0,0,0,0,0,0.6931471805599453,3.367295829986474,1,1
evt_497,1944,6215,6215_grp_12,経済局,economy,商工課,12,Unknown,non_engineer,2,8905,different_department,6,14,0,1,0.6931471805599453,1,0,0,1.9459101490553132,2.70805020110221,1,1
evt_513,1944,6597,6597_grp_2,計晝局,NA,庶務課,2,Unknown,non_engineer,2,1335,same_section,1,25,1,0,0,0,1,0,0.6931471805599453,3.258096538021482,1,1
evt_513,1944,6597,6597_grp_2,計晝局,NA,庶務課,2,Unknown,non_engineer,2,1449,same_section,4,4,0,0,0,0,1,0,1.6094379124341003,1.6094379124341003,1,1
evt_518,1944,6673,6673_name_健民課,民生局,welfare,健民課,NA,Unknown,non_engineer,2,1130,different_department,7,2,0,0,0,0,0,0,2.0794415416798357,1.0986122886681098,0,0
evt_518,1944,6673,6673_name_健民課,民生局,welfare,健民課,NA,Unknown,non_engineer,2,1147,different_department,1,3,0,0,0,0,0,0,0.6931471805599453,1.3862943611198906,0,0
evt_518,1944,6673,6673_name_健民課,民生局,welfare,健民課,NA,Unknown,non_engineer,2,1190,different_department,3,20,0,0,0,0,0,0,1.3862943611198906,3.044522437723423,0,0
evt_518,1944,6673,6673_name_健民課,民生局,welfare,健民課,NA,Unknown,non_engineer,2,1193,different_department,7,4,0,0,0,0,0,0,2.0794415416798357,1.6094379124341003,0,0
evt_518,1944,6673,6673_name_健民課,民生局,welfare,健民課,NA,Unknown,non_engineer,2,1225,different_department,1,1,0,0,0,0,0,0,0.6931471805599453,0.6931471805599453,0,0
evt_518,1944,6673,6673_name_健民課,民生局,welfare,健民課,NA,Unknown,non_engineer,2,1233,different_department,5,7,0,0,0,0,0,0,1.791759469228055,2.0794415416798357,0,0
evt_518,1944,6673,6673_name_健民課,民生局,welfare,健民課,NA,Unknown,non_engineer,2,1317,different_department,5,10,0,0,0,0,0,0,1.791759469228055,2.3978952727983707,0,0
evt_518,1944,6673,6673_name_健民課,民生局,welfare,健民課,NA,Unknown,non_engineer,2,1335,different_department,1,25,0,0,0,0,0,0,0.6931471805599453,3.258096538021482,0,0
evt_518,1944,6673,6673_name_健民課,民生局,welfare,健民課,NA,Unknown,non_engineer,2,1402,different_department,8,2,0,0,0,0,0,0,2.1972245773362196,1.0986122886681098,0,0
evt_518,1944,6673,6673_name_健民課,民生局,welfare,健民課,NA,Unknown,non_engineer,2,1449,same_department,11,20,0,0,0,0,0,1,2.4849066497880004,3.044522437723423,0,0
evt_518,1944,6673,6673_name_健民課,民生局,welfare,健民課,NA,Unknown,non_engineer,2,1478,same_department,4,5,0,0,0,0,0,1,1.6094379124341003,1.791759469228055,0,0
evt_518,1944,6673,6673_name_健民課,民生局,welfare,健民課,NA,Unknown,non_engineer,2,1486,different_department,1,2,0,0,0,0,0,0,0.6931471805599453,1.0986122886681098,0,0
evt_518,1944,6673,6673_name_健民課,民生局,welfare,健民課,NA,Unknown,non_engineer,2,1490,different_department,1,1,0,0,0,0,0,0,0.6931471805599453,0.6931471805599453,0,0
evt_518,1944,6673,6673_name_健民課,民生局,welfare,健民課,NA,Unknown,non_engineer,2,1501,different_department,1,9,0,0,0,0,0,0,0.6931471805599453,2.302585092994046,0,0
evt_518,1944,6673,6673_name_健民課,民生局,welfare,健民課,NA,Unknown,non_engineer,2,1531,different_department,2,1,0,0,0,0,0,0,1.0986122886681098,0.6931471805599453,0,0
evt_518,1944,6673,6673_name_健民課,民生局,welfare,健民課,NA,Unknown,non_engineer,2,1538,different_department,1,4,0,0,0,0,0,0,0.6931471805599453,1.6094379124341003,0,0
evt_518,1944,6673,6673_name_健民課,民生局,welfare,健民課,NA,Unknown,non_engineer,2,1555,different_department,3,11,0,0,0,0,0,0,1.3862943611198906,2.4849066497880004,0,0
evt_518,1944,6673,6673_name_健民課,民生局,welfare,健民課,NA,Unknown,non_engineer,2,1642,same_department,1,15,1,0,0,0,0,1,0.6931471805599453,2.772588722239781,0,0
evt_518,1944,6673,6673_name_健民課,民生局,welfare,健民課,NA,Unknown,non_engineer,2,1676,different_department,3,16,0,0,0,0,0,0,1.3862943611198906,2.833213344056216,0,0
evt_518,1944,6673,6673_name_健民課,民生局,welfare,健民課,NA,Unknown,non_engineer,2,1697,same_department,1,2,0,0,0,0,0,1,0.6931471805599453,1.0986122886681098,0,0
evt_518,1944,6673,6673_name_健民課,民生局,welfare,健民課,NA,Unknown,non_engineer,2,1752,different_department,5,11,0,0,0,0,0,0,1.791759469228055,2.4849066497880004,0,0
evt_518,1944,6673,6673_name_健民課,民生局,welfare,健民課,NA,Unknown,non_engineer,2,1761,different_department,2,1,0,0,0,0,0,0,1.0986122886681098,0.6931471805599453,0,0
evt_518,1944,6673,6673_name_健民課,民生局,welfare,健民課,NA,Unknown,non_engineer,2,1787,different_department,2,5,0,0,0,0,0,0,1.0986122886681098,1.791759469228055,0,0
evt_518,1944,6673,6673_name_健民課,民生局,welfare,健民課,NA,Unknown,non_engineer,2,1794,different_department,7,7,0,0,0,0,0,0,2.0794415416798357,2.0794415416798357,0,0
evt_518,1944,6673,6673_name_健民課,民生局,welfare,健民課,NA,Unknown,non_engineer,2,1896,same_department,3,1,0,0,0,0,0,1,1.3862943611198906,0.6931471805599453,0,0
evt_518,1944,6673,6673_name_健民課,民生局,welfare,健民課,NA,Unknown,non_engineer,2,1906,different_department,1,15,0,0,0,0,0,0,0.6931471805599453,2.772588722239781,0,0
evt_518,1944,6673,6673_name_健民課,民生局,welfare,健民課,NA,Unknown,non_engineer,2,1919,different_department,2,1,0,0,0,0,0,0,1.0986122886681098,0.6931471805599453,0,0
evt_518,1944,6673,6673_name_健民課,民生局,welfare,健民課,NA,Unknown,non_engineer,2,1989,different_department,1,41,0,0,0,0,0,0,0.6931471805599453,3.7376696182833684,0,0
evt_518,1944,6673,6673_name_健民課,民生局,welfare,健民課,NA,Unknown,non_engineer,2,2003,different_department,1,25,0,0,0,0,0,0,0.6931471805599453,3.258096538021482,0,0
evt_518,1944,6673,6673_name_健民課,民生局,welfare,健民課,NA,Unknown,non_engineer,2,2033,same_department,4,1,0,0,0,0,0,1,1.6094379124341003,0.6931471805599453,0,0
evt_518,1944,6673,6673_name_健民課,民生局,welfare,健民課,NA,Unknown,non_engineer,2,2056,different_department,4,15,0,0,0,0,0,0,1.6094379124341003,2.772588722239781,0,0
evt_518,1944,6673,6673_name_健民課,民生局,welfare,健民課,NA,Unknown,non_engineer,2,2071,different_department,8,16,0,0,0,0,0,0,2.1972245773362196,2.833213344056216,0,0
evt_518,1944,6673,6673_name_健民課,民生局,welfare,健民課,NA,Unknown,non_engineer,2,2072,different_department,3,1,0,0,0,0,0,0,1.3862943611198906,0.6931471805599453,0,0
evt_518,1944,6673,6673_name_健民課,民生局,welfare,健民課,NA,Unknown,non_engineer,2,2109,different_department,4,6,0,0,0,0,0,0,1.6094379124341003,1.9459101490553132,0,0
evt_518,1944,6673,6673_name_健民課,民生局,welfare,健民課,NA,Unknown,non_engineer,2,2123,different_department,2,1,0,0,0,0,0,0,1.0986122886681098,0.6931471805599453,0,0
evt_518,1944,6673,6673_name_健民課,民生局,welfare,健民課,NA,Unknown,non_engineer,2,2125,same_department,4,7,0,0,0,0,0,1,1.6094379124341003,2.0794415416798357,0,0
evt_518,1944,6673,6673_name_健民課,民生局,welfare,健民課,NA,Unknown,non_engineer,2,2138,different_department,6,5,0,0,0,0,0,0,1.9459101490553132,1.791759469228055,0,0
evt_518,1944,6673,6673_name_健民課,民生局,welfare,健民課,NA,Unknown,non_engineer,2,2143,different_department,1,10,0,0,0,0,0,0,0.6931471805599453,2.3978952727983707,0,0
evt_518,1944,6673,6673_name_健民課,民生局,welfare,健民課,NA,Unknown,non_engineer,2,2158,different_department,1,1,0,0,0,0,0,0,0.6931471805599453,0.6931471805599453,0,0
evt_518,1944,6673,6673_name_健民課,民生局,welfare,健民課,NA,Unknown,non_engineer,2,2174,same_department,5,4,0,0,0,0,0,1,1.791759469228055,1.6094379124341003,0,0
evt_518,1944,6673,6673_name_健民課,民生局,welfare,健民課,NA,Unknown,non_engineer,2,2183,different_department,7,42,0,0,0,0,0,0,2.0794415416798357,3.7612001156935624,0,0
evt_518,1944,6673,6673_name_健民課,民生局,welfare,健民課,NA,Unknown,non_engineer,2,2213,same_department,1,7,1,0,0,0,0,1,0.6931471805599453,2.0794415416798357,0,0
evt_518,1944,6673,6673_name_健民課,民生局,welfare,健民課,NA,Unknown,non_engineer,2,2221,different_department,2,1,0,0,0,0,0,0,1.0986122886681098,0.6931471805599453,0,0
evt_518,1944,6673,6673_name_健民課,民生局,welfare,健民課,NA,Unknown,non_engineer,2,5764,different_department,3,17,0,0,0,0,0,0,1.3862943611198906,2.8903717578961645,0,0
evt_518,1944,6673,6673_name_健民課,民生局,welfare,健民課,NA,Unknown,non_engineer,2,5869,different_department,1,28,0,0,0,0,0,0,0.6931471805599453,3.367295829986474,0,0
evt_518,1944,6673,6673_name_健民課,民生局,welfare,健民課,NA,Unknown,non_engineer,2,5908,different_department,2,27,0,0,0,0,0,0,1.0986122886681098,3.332204510175204,0,0
evt_518,1944,6673,6673_name_健民課,民生局,welfare,健民課,NA,Unknown,non_engineer,2,6184,different_department,2,24,0,0,0,0,0,0,1.0986122886681098,3.2188758248682006,0,0
evt_518,1944,6673,6673_name_健民課,民生局,welfare,健民課,NA,Unknown,non_engineer,2,6233,different_department,1,23,0,0,0,0,0,0,0.6931471805599453,3.1780538303479458,0,0
evt_518,1944,6673,6673_name_健民課,民生局,welfare,健民課,NA,Unknown,non_engineer,2,6328,different_department,1,26,0,0,0,0,0,0,0.6931471805599453,3.295836866004329,0,0
evt_518,1944,6673,6673_name_健民課,民生局,welfare,健民課,NA,Unknown,non_engineer,2,6337,different_department,4,5,0,0,0,0,0,0,1.6094379124341003,1.791759469228055,0,0
evt_518,1944,6673,6673_name_健民課,民生局,welfare,健民課,NA,Unknown,non_engineer,2,6701,different_department,17,12,0,0,0,0,0,0,2.8903717578961645,2.5649493574615367,0,0
evt_518,1944,6673,6673_name_健民課,民生局,welfare,健民課,NA,Unknown,non_engineer,2,6791,different_department,2,23,0,0,0,0,0,0,1.0986122886681098,3.1780538303479458,0,0
evt_518,1944,6673,6673_name_健民課,民生局,welfare,健民課,NA,Unknown,non_engineer,2,6946,different_department,3,58,0,0,0,0,0,0,1.3862943611198906,4.07753744390572,0,0
evt_518,1944,6673,6673_name_健民課,民生局,welfare,健民課,NA,Unknown,non_engineer,2,6953,different_department,4,25,0,0,0,0,0,0,1.6094379124341003,3.258096538021482,0,0
evt_518,1944,6673,6673_name_健民課,民生局,welfare,健民課,NA,Unknown,non_engineer,2,7029,different_department,2,26,0,0,0,0,0,0,1.0986122886681098,3.295836866004329,0,0
evt_518,1944,6673,6673_name_健民課,民生局,welfare,健民課,NA,Unknown,non_engineer,2,7051,different_department,2,9,0,0,0,0,0,0,1.0986122886681098,2.302585092994046,0,0
evt_518,1944,6673,6673_name_健民課,民生局,welfare,健民課,NA,Unknown,non_engineer,2,7191,different_department,1,19,0,0,0,0,0,0,0.6931471805599453,2.995732273553991,0,0
evt_518,1944,6673,6673_name_健民課,民生局,welfare,健民課,NA,Unknown,non_engineer,2,7235,different_department,1,23,0,0,0,0,0,0,0.6931471805599453,3.1780538303479458,0,0
evt_518,1944,6673,6673_name_健民課,民生局,welfare,健民課,NA,Unknown,non_engineer,2,7461,different_department,1,20,0,0,0,0,0,0,0.6931471805599453,3.044522437723423,0,0
evt_518,1944,6673,6673_name_健民課,民生局,welfare,健民課,NA,Unknown,non_engineer,2,7484,different_department,2,29,0,0,0,0,0,0,1.0986122886681098,3.4011973816621555,0,0
evt_518,1944,6673,6673_name_健民課,民生局,welfare,健民課,NA,Unknown,non_engineer,2,7492,different_department,1,26,0,0,0,0,0,0,0.6931471805599453,3.295836866004329,0,0
evt_518,1944,6673,6673_name_健民課,民生局,welfare,健民課,NA,Unknown,non_engineer,2,7506,different_department,7,93,0,0,0,0,0,0,2.0794415416798357,4.543294782270004,0,0
evt_518,1944,6673,6673_name_健民課,民生局,welfare,健民課,NA,Unknown,non_engineer,2,7525,different_department,4,5,0,0,0,0,0,0,1.6094379124341003,1.791759469228055,0,0
evt_518,1944,6673,6673_name_健民課,民生局,welfare,健民課,NA,Unknown,non_engineer,2,7748,different_department,4,38,0,0,0,0,0,0,1.6094379124341003,3.6635616461296463,0,0
evt_518,1944,6673,6673_name_健民課,民生局,welfare,健民課,NA,Unknown,non_engineer,2,7836,different_department,1,2,0,0,0,0,0,0,0.6931471805599453,1.0986122886681098,0,0
evt_518,1944,6673,6673_name_健民課,民生局,welfare,健民課,NA,Unknown,non_engineer,2,7910,different_department,2,30,0,0,0,0,0,0,1.0986122886681098,3.4339872044851463,0,0
evt_518,1944,6673,6673_name_健民課,民生局,welfare,健民課,NA,Unknown,non_engineer,2,8164,different_department,2,42,0,0,0,0,0,0,1.0986122886681098,3.7612001156935624,0,0
evt_518,1944,6673,6673_name_健民課,民生局,welfare,健民課,NA,Unknown,non_engineer,2,8358,different_department,1,9,0,0,0,0,0,0,0.6931471805599453,2.302585092994046,0,0
evt_518,1944,6673,6673_name_健民課,民生局,welfare,健民課,NA,Unknown,non_engineer,2,8426,different_department,1,3,0,0,0,0,0,0,0.6931471805599453,1.3862943611198906,0,0
evt_518,1944,6673,6673_name_健民課,民生局,welfare,健民課,NA,Unknown,non_engineer,2,8514,same_department,1,2,0,0,0,0,0,1,0.6931471805599453,1.0986122886681098,0,0
evt_518,1944,6673,6673_name_健民課,民生局,welfare,健民課,NA,Unknown,non_engineer,2,8594,different_department,1,16,0,0,0,0,0,0,0.6931471805599453,2.833213344056216,0,0
evt_518,1944,6673,6673_name_健民課,民生局,welfare,健民課,NA,Unknown,non_engineer,2,8664,different_department,2,8,0,0,0,0,0,0,1.0986122886681098,2.1972245773362196,0,0
evt_518,1944,6673,6673_name_健民課,民生局,welfare,健民課,NA,Unknown,non_engineer,2,8882,different_department,1,28,0,0,0,0,0,0,0.6931471805599453,3.367295829986474,0,0
evt_518,1944,6673,6673_name_健民課,民生局,welfare,健民課,NA,Unknown,non_engineer,2,8905,different_department,6,14,0,0,0,0,0,0,1.9459101490553132,2.70805020110221,0,0
evt_521,1944,6673,6673_name_健民課,民生局,welfare,健民課,NA,雇,yato,1,1130,different_department,2,2,0,0,0,0,0,0,1.0986122886681098,1.0986122886681098,0,0
evt_521,1944,6673,6673_name_健民課,民生局,welfare,健民課,NA,雇,yato,1,1147,different_department,2,3,0,0,0,0,0,0,1.0986122886681098,1.3862943611198906,0,0
evt_521,1944,6673,6673_name_健民課,民生局,welfare,健民課,NA,雇,yato,1,1190,different_department,10,20,0,0,0,0,0,0,2.3978952727983707,3.044522437723423,0,0
evt_521,1944,6673,6673_name_健民課,民生局,welfare,健民課,NA,雇,yato,1,1225,different_department,1,1,0,0,0,0,0,0,0.6931471805599453,0.6931471805599453,0,0
evt_521,1944,6673,6673_name_健民課,民生局,welfare,健民課,NA,雇,yato,1,1449,different_department,11,20,0,0,0,0,0,0,2.4849066497880004,3.044522437723423,0,0
evt_521,1944,6673,6673_name_健民課,民生局,welfare,健民課,NA,雇,yato,1,1478,same_department,7,5,0,0,0,0,0,1,2.0794415416798357,1.791759469228055,0,0
evt_521,1944,6673,6673_name_健民課,民生局,welfare,健民課,NA,雇,yato,1,1555,different_department,14,11,0,0,0,0,0,0,2.70805020110221,2.4849066497880004,0,0
evt_521,1944,6673,6673_name_健民課,民生局,welfare,健民課,NA,雇,yato,1,1566,same_department,1,3,0,0,0,0,0,1,0.6931471805599453,1.3862943611198906,0,0
evt_521,1944,6673,6673_name_健民課,民生局,welfare,健民課,NA,雇,yato,1,1642,same_department,4,15,1,0,0,0,0,1,1.6094379124341003,2.772588722239781,0,0
evt_521,1944,6673,6673_name_健民課,民生局,welfare,健民課,NA,雇,yato,1,1697,same_department,2,2,0,0,0,0,0,1,1.0986122886681098,1.0986122886681098,0,0
evt_521,1944,6673,6673_name_健民課,民生局,welfare,健民課,NA,雇,yato,1,1752,different_department,7,11,0,0,0,0,0,0,2.0794415416798357,2.4849066497880004,0,0
evt_521,1944,6673,6673_name_健民課,民生局,welfare,健民課,NA,雇,yato,1,1896,same_department,5,1,0,0,0,0,0,1,1.791759469228055,0.6931471805599453,0,0
evt_521,1944,6673,6673_name_健民課,民生局,welfare,健民課,NA,雇,yato,1,1906,different_department,1,15,0,0,0,0,0,0,0.6931471805599453,2.772588722239781,0,0
evt_521,1944,6673,6673_name_健民課,民生局,welfare,健民課,NA,雇,yato,1,1972,different_department,1,13,0,0,0,0,0,0,0.6931471805599453,2.6390573296152584,0,0
evt_521,1944,6673,6673_name_健民課,民生局,welfare,健民課,NA,雇,yato,1,1989,different_department,1,41,0,0,0,0,0,0,0.6931471805599453,3.7376696182833684,0,0
evt_521,1944,6673,6673_name_健民課,民生局,welfare,健民課,NA,雇,yato,1,2051,different_department,3,1,0,0,0,0,0,0,1.3862943611198906,0.6931471805599453,0,0
evt_521,1944,6673,6673_name_健民課,民生局,welfare,健民課,NA,雇,yato,1,2056,different_department,6,15,0,0,0,0,0,0,1.9459101490553132,2.772588722239781,0,0
evt_521,1944,6673,6673_name_健民課,民生局,welfare,健民課,NA,雇,yato,1,2071,different_department,1,16,0,0,0,0,0,0,0.6931471805599453,2.833213344056216,0,0
evt_521,1944,6673,6673_name_健民課,民生局,welfare,健民課,NA,雇,yato,1,2109,different_department,5,6,0,0,0,0,0,0,1.791759469228055,1.9459101490553132,0,0
evt_521,1944,6673,6673_name_健民課,民生局,welfare,健民課,NA,雇,yato,1,2118,different_department,2,16,0,0,0,0,0,0,1.0986122886681098,2.833213344056216,0,0
evt_521,1944,6673,6673_name_健民課,民生局,welfare,健民課,NA,雇,yato,1,2123,different_department,2,1,0,0,0,0,0,0,1.0986122886681098,0.6931471805599453,0,0
evt_521,1944,6673,6673_name_健民課,民生局,welfare,健民課,NA,雇,yato,1,2125,same_department,5,7,0,0,0,0,0,1,1.791759469228055,2.0794415416798357,0,0
evt_521,1944,6673,6673_name_健民課,民生局,welfare,健民課,NA,雇,yato,1,2138,different_department,3,5,0,0,0,0,0,0,1.3862943611198906,1.791759469228055,0,0
evt_521,1944,6673,6673_name_健民課,民生局,welfare,健民課,NA,雇,yato,1,2143,different_department,4,10,0,0,0,0,0,0,1.6094379124341003,2.3978952727983707,0,0
evt_521,1944,6673,6673_name_健民課,民生局,welfare,健民課,NA,雇,yato,1,2158,different_department,3,1,0,0,0,0,0,0,1.3862943611198906,0.6931471805599453,0,0
evt_521,1944,6673,6673_name_健民課,民生局,welfare,健民課,NA,雇,yato,1,2159,different_department,2,4,0,0,0,0,0,0,1.0986122886681098,1.6094379124341003,0,0
evt_521,1944,6673,6673_name_健民課,民生局,welfare,健民課,NA,雇,yato,1,2213,same_department,7,7,1,0,0,0,0,1,2.0794415416798357,2.0794415416798357,0,0
evt_521,1944,6673,6673_name_健民課,民生局,welfare,健民課,NA,雇,yato,1,5869,different_department,3,28,0,0,0,0,0,0,1.3862943611198906,3.367295829986474,0,0
evt_521,1944,6673,6673_name_健民課,民生局,welfare,健民課,NA,雇,yato,1,6328,different_department,5,26,0,0,0,0,0,0,1.791759469228055,3.295836866004329,0,0
evt_521,1944,6673,6673_name_健民課,民生局,welfare,健民課,NA,雇,yato,1,6415,different_department,1,1,0,0,0,0,0,0,0.6931471805599453,0.6931471805599453,0,0
evt_521,1944,6673,6673_name_健民課,民生局,welfare,健民課,NA,雇,yato,1,6501,different_department,1,2,0,0,0,0,0,0,0.6931471805599453,1.0986122886681098,0,0
evt_521,1944,6673,6673_name_健民課,民生局,welfare,健民課,NA,雇,yato,1,6641,different_department,1,1,0,0,0,0,0,0,0.6931471805599453,0.6931471805599453,0,0
evt_521,1944,6673,6673_name_健民課,民生局,welfare,健民課,NA,雇,yato,1,6701,different_department,1,12,0,0,0,0,0,0,0.6931471805599453,2.5649493574615367,0,0
evt_521,1944,6673,6673_name_健民課,民生局,welfare,健民課,NA,雇,yato,1,6843,different_department,12,4,0,0,0,0,0,0,2.5649493574615367,1.6094379124341003,0,0
evt_521,1944,6673,6673_name_健民課,民生局,welfare,健民課,NA,雇,yato,1,6844,different_department,1,6,0,0,0,0,0,0,0.6931471805599453,1.9459101490553132,0,0
evt_521,1944,6673,6673_name_健民課,民生局,welfare,健民課,NA,雇,yato,1,6845,different_department,2,16,0,0,0,0,0,0,1.0986122886681098,2.833213344056216,0,0
evt_521,1944,6673,6673_name_健民課,民生局,welfare,健民課,NA,雇,yato,1,6953,different_department,19,25,0,0,0,0,0,0,2.995732273553991,3.258096538021482,0,0
evt_521,1944,6673,6673_name_健民課,民生局,welfare,健民課,NA,雇,yato,1,7506,different_department,2,93,0,0,0,0,0,0,1.0986122886681098,4.543294782270004,0,0
evt_521,1944,6673,6673_name_健民課,民生局,welfare,健民課,NA,雇,yato,1,7525,different_department,4,5,1,0,0,0,0,0,1.6094379124341003,1.791759469228055,0,0
evt_521,1944,6673,6673_name_健民課,民生局,welfare,健民課,NA,雇,yato,1,7782,different_department,5,32,0,0,0,0,0,0,1.791759469228055,3.4965075614664802,0,0
evt_521,1944,6673,6673_name_健民課,民生局,welfare,健民課,NA,雇,yato,1,8164,different_department,7,9,0,0,0,0,0,0,2.0794415416798357,2.302585092994046,0,0
evt_521,1944,6673,6673_name_健民課,民生局,welfare,健民課,NA,雇,yato,1,8321,different_department,4,7,0,0,0,0,0,0,1.6094379124341003,2.0794415416798357,0,0
evt_521,1944,6673,6673_name_健民課,民生局,welfare,健民課,NA,雇,yato,1,8358,different_department,15,81,0,0,0,0,0,0,2.772588722239781,4.406719247264253,0,0
evt_521,1944,6673,6673_name_健民課,民生局,welfare,健民課,NA,雇,yato,1,8490,different_department,11,37,0,0,0,0,0,0,2.4849066497880004,3.6375861597263857,0,0
evt_521,1944,6673,6673_name_健民課,民生局,welfare,健民課,NA,雇,yato,1,8594,different_department,7,16,0,0,0,0,0,0,2.0794415416798357,2.833213344056216,0,0
evt_521,1944,6673,6673_name_健民課,民生局,welfare,健民課,NA,雇,yato,1,8757,different_department,4,7,0,0,0,0,0,0,1.6094379124341003,2.0794415416798357,0,0
evt_521,1944,6673,6673_name_健民課,民生局,welfare,健民課,NA,雇,yato,1,8882,different_department,1,28,0,0,0,0,0,0,0.6931471805599453,3.367295829986474,0,0
evt_521,1944,6673,6673_name_健民課,民生局,welfare,健民課,NA,雇,yato,1,8899,different_department,4,9,0,0,0,0,0,0,1.6094379124341003,2.302585092994046,0,0
evt_521,1944,6673,6673_name_健民課,民生局,welfare,健民課,NA,雇,yato,1,8905,different_department,19,14,0,0,0,0,0,0,2.995732273553991,2.70805020110221,0,0
evt_521,1944,6673,6673_name_健民課,民生局,welfare,健民課,NA,雇,yato,1,8946,different_department,1,29,0,0,0,0,0,0,0.6931471805599453,3.4011973816621555,0,0
evt_521,1944,6673,6673_name_健民課,民生局,welfare,健民課,NA,雇,yato,1,8994,different_department,13,28,0,0,0,0,0,0,2.6390573296152584,3.367295829986474,0,0
evt_521,1944,6673,6673_name_健民課,民生局,welfare,健民課,NA,雇,yato,1,8996,different_department,2,2,0,0,0,0,0,0,1.0986122886681098,1.0986122886681098,0,0
evt_522,1944,6683,6683_name_振興課,民生局,welfare,振興課,NA,Unknown,non_engineer,2,1130,different_department,7,2,0,0,0,0,0,0,2.0794415416798357,1.0986122886681098,0,0
evt_522,1944,6683,6683_name_振興課,民生局,welfare,振興課,NA,Unknown,non_engineer,2,1147,different_department,1,3,0,0,0,0,0,0,0.6931471805599453,1.3862943611198906,0,0
evt_522,1944,6683,6683_name_振興課,民生局,welfare,振興課,NA,Unknown,non_engineer,2,1190,different_department,3,20,0,0,0,0,0,0,1.3862943611198906,3.044522437723423,0,0
evt_522,1944,6683,6683_name_振興課,民生局,welfare,振興課,NA,Unknown,non_engineer,2,1193,different_department,7,4,0,0,0,0,0,0,2.0794415416798357,1.6094379124341003,0,0
evt_522,1944,6683,6683_name_振興課,民生局,welfare,振興課,NA,Unknown,non_engineer,2,1225,different_department,1,1,1,0,0,0,0,0,0.6931471805599453,0.6931471805599453,0,0
evt_522,1944,6683,6683_name_振興課,民生局,welfare,振興課,NA,Unknown,non_engineer,2,1233,different_department,5,7,0,0,0,0,0,0,1.791759469228055,2.0794415416798357,0,0
evt_522,1944,6683,6683_name_振興課,民生局,welfare,振興課,NA,Unknown,non_engineer,2,1317,different_department,5,10,0,0,0,0,0,0,1.791759469228055,2.3978952727983707,0,0
evt_522,1944,6683,6683_name_振興課,民生局,welfare,振興課,NA,Unknown,non_engineer,2,1335,different_department,1,25,0,0,0,0,0,0,0.6931471805599453,3.258096538021482,0,0
evt_522,1944,6683,6683_name_振興課,民生局,welfare,振興課,NA,Unknown,non_engineer,2,1402,different_department,8,2,0,0,0,0,0,0,2.1972245773362196,1.0986122886681098,0,0
evt_522,1944,6683,6683_name_振興課,民生局,welfare,振興課,NA,Unknown,non_engineer,2,1449,same_department,11,20,0,0,0,0,0,1,2.4849066497880004,3.044522437723423,0,0
evt_522,1944,6683,6683_name_振興課,民生局,welfare,振興課,NA,Unknown,non_engineer,2,1478,same_department,4,5,0,0,0,0,0,1,1.6094379124341003,1.791759469228055,0,0
evt_522,1944,6683,6683_name_振興課,民生局,welfare,振興課,NA,Unknown,non_engineer,2,1486,different_department,1,2,0,0,0,0,0,0,0.6931471805599453,1.0986122886681098,0,0
evt_522,1944,6683,6683_name_振興課,民生局,welfare,振興課,NA,Unknown,non_engineer,2,1490,different_department,1,1,0,0,0,0,0,0,0.6931471805599453,0.6931471805599453,0,0
evt_522,1944,6683,6683_name_振興課,民生局,welfare,振興課,NA,Unknown,non_engineer,2,1501,different_department,1,9,0,0,0,0,0,0,0.6931471805599453,2.302585092994046,0,0
evt_522,1944,6683,6683_name_振興課,民生局,welfare,振興課,NA,Unknown,non_engineer,2,1531,different_department,2,1,0,0,0,0,0,0,1.0986122886681098,0.6931471805599453,0,0
evt_522,1944,6683,6683_name_振興課,民生局,welfare,振興課,NA,Unknown,non_engineer,2,1538,different_department,1,4,0,0,0,0,0,0,0.6931471805599453,1.6094379124341003,0,0
evt_522,1944,6683,6683_name_振興課,民生局,welfare,振興課,NA,Unknown,non_engineer,2,1555,different_department,3,11,0,0,0,0,0,0,1.3862943611198906,2.4849066497880004,0,0
evt_522,1944,6683,6683_name_振興課,民生局,welfare,振興課,NA,Unknown,non_engineer,2,1642,same_department,1,15,0,0,0,0,0,1,0.6931471805599453,2.772588722239781,0,0
evt_522,1944,6683,6683_name_振興課,民生局,welfare,振興課,NA,Unknown,non_engineer,2,1676,different_department,3,16,0,0,0,0,0,0,1.3862943611198906,2.833213344056216,0,0
evt_522,1944,6683,6683_name_振興課,民生局,welfare,振興課,NA,Unknown,non_engineer,2,1697,same_department,1,2,0,0,0,0,0,1,0.6931471805599453,1.0986122886681098,0,0
evt_522,1944,6683,6683_name_振興課,民生局,welfare,振興課,NA,Unknown,non_engineer,2,1752,different_department,5,11,0,0,0,0,0,0,1.791759469228055,2.4849066497880004,0,0
evt_522,1944,6683,6683_name_振興課,民生局,welfare,振興課,NA,Unknown,non_engineer,2,1761,different_department,2,1,0,0,0,0,0,0,1.0986122886681098,0.6931471805599453,0,0
evt_522,1944,6683,6683_name_振興課,民生局,welfare,振興課,NA,Unknown,non_engineer,2,1787,different_department,2,5,0,0,0,0,0,0,1.0986122886681098,1.791759469228055,0,0
evt_522,1944,6683,6683_name_振興課,民生局,welfare,振興課,NA,Unknown,non_engineer,2,1794,different_department,7,7,0,0,0,0,0,0,2.0794415416798357,2.0794415416798357,0,0
evt_522,1944,6683,6683_name_振興課,民生局,welfare,振興課,NA,Unknown,non_engineer,2,1896,same_department,3,1,0,0,0,0,0,1,1.3862943611198906,0.6931471805599453,0,0
evt_522,1944,6683,6683_name_振興課,民生局,welfare,振興課,NA,Unknown,non_engineer,2,1906,different_department,1,15,0,0,0,0,0,0,0.6931471805599453,2.772588722239781,0,0
evt_522,1944,6683,6683_name_振興課,民生局,welfare,振興課,NA,Unknown,non_engineer,2,1919,different_department,2,1,0,0,0,0,0,0,1.0986122886681098,0.6931471805599453,0,0
evt_522,1944,6683,6683_name_振興課,民生局,welfare,振興課,NA,Unknown,non_engineer,2,1989,different_department,1,41,0,0,0,0,0,0,0.6931471805599453,3.7376696182833684,0,0
evt_522,1944,6683,6683_name_振興課,民生局,welfare,振興課,NA,Unknown,non_engineer,2,2003,different_department,1,25,0,0,0,0,0,0,0.6931471805599453,3.258096538021482,0,0
evt_522,1944,6683,6683_name_振興課,民生局,welfare,振興課,NA,Unknown,non_engineer,2,2033,same_department,4,1,0,0,0,0,0,1,1.6094379124341003,0.6931471805599453,0,0
evt_522,1944,6683,6683_name_振興課,民生局,welfare,振興課,NA,Unknown,non_engineer,2,2056,different_department,4,15,0,0,0,0,0,0,1.6094379124341003,2.772588722239781,0,0
evt_522,1944,6683,6683_name_振興課,民生局,welfare,振興課,NA,Unknown,non_engineer,2,2071,different_department,8,16,0,0,0,0,0,0,2.1972245773362196,2.833213344056216,0,0
evt_522,1944,6683,6683_name_振興課,民生局,welfare,振興課,NA,Unknown,non_engineer,2,2072,different_department,3,1,0,0,0,0,0,0,1.3862943611198906,0.6931471805599453,0,0
evt_522,1944,6683,6683_name_振興課,民生局,welfare,振興課,NA,Unknown,non_engineer,2,2109,different_department,4,6,0,0,0,0,0,0,1.6094379124341003,1.9459101490553132,0,0
evt_522,1944,6683,6683_name_振興課,民生局,welfare,振興課,NA,Unknown,non_engineer,2,2123,different_department,2,1,0,0,0,0,0,0,1.0986122886681098,0.6931471805599453,0,0
evt_522,1944,6683,6683_name_振興課,民生局,welfare,振興課,NA,Unknown,non_engineer,2,2125,same_department,4,7,0,0,0,0,0,1,1.6094379124341003,2.0794415416798357,0,0
evt_522,1944,6683,6683_name_振興課,民生局,welfare,振興課,NA,Unknown,non_engineer,2,2138,different_department,6,5,0,0,0,0,0,0,1.9459101490553132,1.791759469228055,0,0
evt_522,1944,6683,6683_name_振興課,民生局,welfare,振興課,NA,Unknown,non_engineer,2,2143,different_department,1,10,0,0,0,0,0,0,0.6931471805599453,2.3978952727983707,0,0
evt_522,1944,6683,6683_name_振興課,民生局,welfare,振興課,NA,Unknown,non_engineer,2,2158,different_department,1,1,0,0,0,0,0,0,0.6931471805599453,0.6931471805599453,0,0
evt_522,1944,6683,6683_name_振興課,民生局,welfare,振興課,NA,Unknown,non_engineer,2,2174,same_department,5,4,0,0,0,0,0,1,1.791759469228055,1.6094379124341003,0,0
evt_522,1944,6683,6683_name_振興課,民生局,welfare,振興課,NA,Unknown,non_engineer,2,2183,different_department,7,42,0,0,0,0,0,0,2.0794415416798357,3.7612001156935624,0,0
evt_522,1944,6683,6683_name_振興課,民生局,welfare,振興課,NA,Unknown,non_engineer,2,2213,same_department,1,7,0,0,0,0,0,1,0.6931471805599453,2.0794415416798357,0,0
evt_522,1944,6683,6683_name_振興課,民生局,welfare,振興課,NA,Unknown,non_engineer,2,2221,different_department,2,1,0,0,0,0,0,0,1.0986122886681098,0.6931471805599453,0,0
evt_522,1944,6683,6683_name_振興課,民生局,welfare,振興課,NA,Unknown,non_engineer,2,5764,different_department,3,17,0,0,0,0,0,0,1.3862943611198906,2.8903717578961645,0,0
evt_522,1944,6683,6683_name_振興課,民生局,welfare,振興課,NA,Unknown,non_engineer,2,5869,different_department,1,28,0,0,0,0,0,0,0.6931471805599453,3.367295829986474,0,0
evt_522,1944,6683,6683_name_振興課,民生局,welfare,振興課,NA,Unknown,non_engineer,2,5908,different_department,2,27,0,0,0,0,0,0,1.0986122886681098,3.332204510175204,0,0
evt_522,1944,6683,6683_name_振興課,民生局,welfare,振興課,NA,Unknown,non_engineer,2,6184,different_department,2,24,0,0,0,0,0,0,1.0986122886681098,3.2188758248682006,0,0
evt_522,1944,6683,6683_name_振興課,民生局,welfare,振興課,NA,Unknown,non_engineer,2,6233,different_department,1,23,0,0,0,0,0,0,0.6931471805599453,3.1780538303479458,0,0
evt_522,1944,6683,6683_name_振興課,民生局,welfare,振興課,NA,Unknown,non_engineer,2,6328,different_department,1,26,0,0,0,0,0,0,0.6931471805599453,3.295836866004329,0,0
evt_522,1944,6683,6683_name_振興課,民生局,welfare,振興課,NA,Unknown,non_engineer,2,6337,different_department,4,5,0,0,0,0,0,0,1.6094379124341003,1.791759469228055,0,0
evt_522,1944,6683,6683_name_振興課,民生局,welfare,振興課,NA,Unknown,non_engineer,2,6701,different_department,17,12,0,0,0,0,0,0,2.8903717578961645,2.5649493574615367,0,0
evt_522,1944,6683,6683_name_振興課,民生局,welfare,振興課,NA,Unknown,non_engineer,2,6791,different_department,2,23,0,0,0,0,0,0,1.0986122886681098,3.1780538303479458,0,0
evt_522,1944,6683,6683_name_振興課,民生局,welfare,振興課,NA,Unknown,non_engineer,2,6946,different_department,3,58,0,0,0,0,0,0,1.3862943611198906,4.07753744390572,0,0
evt_522,1944,6683,6683_name_振興課,民生局,welfare,振興課,NA,Unknown,non_engineer,2,6953,different_department,4,25,0,0,0,0,0,0,1.6094379124341003,3.258096538021482,0,0
evt_522,1944,6683,6683_name_振興課,民生局,welfare,振興課,NA,Unknown,non_engineer,2,7029,different_department,2,26,0,0,0,0,0,0,1.0986122886681098,3.295836866004329,0,0
evt_522,1944,6683,6683_name_振興課,民生局,welfare,振興課,NA,Unknown,non_engineer,2,7051,different_department,2,9,0,0,0,0,0,0,1.0986122886681098,2.302585092994046,0,0
evt_522,1944,6683,6683_name_振興課,民生局,welfare,振興課,NA,Unknown,non_engineer,2,7191,different_department,1,19,0,0,0,0,0,0,0.6931471805599453,2.995732273553991,0,0
evt_522,1944,6683,6683_name_振興課,民生局,welfare,振興課,NA,Unknown,non_engineer,2,7235,different_department,1,23,0,0,0,0,0,0,0.6931471805599453,3.1780538303479458,0,0
evt_522,1944,6683,6683_name_振興課,民生局,welfare,振興課,NA,Unknown,non_engineer,2,7461,different_department,1,20,0,0,0,0,0,0,0.6931471805599453,3.044522437723423,0,0
evt_522,1944,6683,6683_name_振興課,民生局,welfare,振興課,NA,Unknown,non_engineer,2,7484,different_department,2,29,0,0,0,0,0,0,1.0986122886681098,3.4011973816621555,0,0
evt_522,1944,6683,6683_name_振興課,民生局,welfare,振興課,NA,Unknown,non_engineer,2,7492,different_department,1,26,0,0,0,0,0,0,0.6931471805599453,3.295836866004329,0,0
evt_522,1944,6683,6683_name_振興課,民生局,welfare,振興課,NA,Unknown,non_engineer,2,7506,different_department,7,93,0,0,0,0,0,0,2.0794415416798357,4.543294782270004,0,0
evt_522,1944,6683,6683_name_振興課,民生局,welfare,振興課,NA,Unknown,non_engineer,2,7525,different_department,4,5,0,0,0,0,0,0,1.6094379124341003,1.791759469228055,0,0
evt_522,1944,6683,6683_name_振興課,民生局,welfare,振興課,NA,Unknown,non_engineer,2,7748,different_department,4,38,0,0,0,0,0,0,1.6094379124341003,3.6635616461296463,0,0
evt_522,1944,6683,6683_name_振興課,民生局,welfare,振興課,NA,Unknown,non_engineer,2,7836,different_department,1,2,0,0,0,0,0,0,0.6931471805599453,1.0986122886681098,0,0
evt_522,1944,6683,6683_name_振興課,民生局,welfare,振興課,NA,Unknown,non_engineer,2,7910,different_department,2,30,0,0,0,0,0,0,1.0986122886681098,3.4339872044851463,0,0
evt_522,1944,6683,6683_name_振興課,民生局,welfare,振興課,NA,Unknown,non_engineer,2,8164,different_department,2,42,0,0,0,0,0,0,1.0986122886681098,3.7612001156935624,0,0
evt_522,1944,6683,6683_name_振興課,民生局,welfare,振興課,NA,Unknown,non_engineer,2,8358,different_department,1,9,0,0,0,0,0,0,0.6931471805599453,2.302585092994046,0,0
evt_522,1944,6683,6683_name_振興課,民生局,welfare,振興課,NA,Unknown,non_engineer,2,8426,different_department,1,3,0,0,0,0,0,0,0.6931471805599453,1.3862943611198906,0,0
evt_522,1944,6683,6683_name_振興課,民生局,welfare,振興課,NA,Unknown,non_engineer,2,8514,same_department,1,2,0,0,0,0,0,1,0.6931471805599453,1.0986122886681098,0,0
evt_522,1944,6683,6683_name_振興課,民生局,welfare,振興課,NA,Unknown,non_engineer,2,8594,different_department,1,16,0,0,0,0,0,0,0.6931471805599453,2.833213344056216,0,0
evt_522,1944,6683,6683_name_振興課,民生局,welfare,振興課,NA,Unknown,non_engineer,2,8664,different_department,2,8,0,0,0,0,0,0,1.0986122886681098,2.1972245773362196,0,0
evt_522,1944,6683,6683_name_振興課,民生局,welfare,振興課,NA,Unknown,non_engineer,2,8882,different_department,1,28,0,0,0,0,0,0,0.6931471805599453,3.367295829986474,0,0
evt_522,1944,6683,6683_name_振興課,民生局,welfare,振興課,NA,Unknown,non_engineer,2,8905,different_department,6,14,0,0,0,0,0,0,1.9459101490553132,2.70805020110221,0,0
evt_526,1944,6684,6684_name_振興課厚生課,民生局,welfare,振興課厚生課,NA,Unknown,non_engineer,2,1130,different_department,7,2,0,0,0,0,0,0,2.0794415416798357,1.0986122886681098,0,0
evt_526,1944,6684,6684_name_振興課厚生課,民生局,welfare,振興課厚生課,NA,Unknown,non_engineer,2,1147,different_department,1,3,0,0,0,0,0,0,0.6931471805599453,1.3862943611198906,0,0
evt_526,1944,6684,6684_name_振興課厚生課,民生局,welfare,振興課厚生課,NA,Unknown,non_engineer,2,1190,different_department,3,20,0,0,0,0,0,0,1.3862943611198906,3.044522437723423,0,0
evt_526,1944,6684,6684_name_振興課厚生課,民生局,welfare,振興課厚生課,NA,Unknown,non_engineer,2,1193,different_department,7,4,0,0,0,0,0,0,2.0794415416798357,1.6094379124341003,0,0
evt_526,1944,6684,6684_name_振興課厚生課,民生局,welfare,振興課厚生課,NA,Unknown,non_engineer,2,1225,different_department,1,1,0,0,0,0,0,0,0.6931471805599453,0.6931471805599453,0,0
evt_526,1944,6684,6684_name_振興課厚生課,民生局,welfare,振興課厚生課,NA,Unknown,non_engineer,2,1233,different_department,5,7,0,0,0,0,0,0,1.791759469228055,2.0794415416798357,0,0
evt_526,1944,6684,6684_name_振興課厚生課,民生局,welfare,振興課厚生課,NA,Unknown,non_engineer,2,1317,different_department,5,10,0,0,0,0,0,0,1.791759469228055,2.3978952727983707,0,0
evt_526,1944,6684,6684_name_振興課厚生課,民生局,welfare,振興課厚生課,NA,Unknown,non_engineer,2,1335,different_department,1,25,0,0,0,0,0,0,0.6931471805599453,3.258096538021482,0,0
evt_526,1944,6684,6684_name_振興課厚生課,民生局,welfare,振興課厚生課,NA,Unknown,non_engineer,2,1402,different_department,8,2,0,0,0,0,0,0,2.1972245773362196,1.0986122886681098,0,0
evt_526,1944,6684,6684_name_振興課厚生課,民生局,welfare,振興課厚生課,NA,Unknown,non_engineer,2,1449,same_department,11,20,0,0,0,0,0,1,2.4849066497880004,3.044522437723423,0,0
evt_526,1944,6684,6684_name_振興課厚生課,民生局,welfare,振興課厚生課,NA,Unknown,non_engineer,2,1478,same_department,4,5,0,0,0,0,0,1,1.6094379124341003,1.791759469228055,0,0
evt_526,1944,6684,6684_name_振興課厚生課,民生局,welfare,振興課厚生課,NA,Unknown,non_engineer,2,1486,different_department,1,2,0,0,0,0,0,0,0.6931471805599453,1.0986122886681098,0,0
evt_526,1944,6684,6684_name_振興課厚生課,民生局,welfare,振興課厚生課,NA,Unknown,non_engineer,2,1490,different_department,1,1,0,0,0,0,0,0,0.6931471805599453,0.6931471805599453,0,0
evt_526,1944,6684,6684_name_振興課厚生課,民生局,welfare,振興課厚生課,NA,Unknown,non_engineer,2,1501,different_department,1,9,0,0,0,0,0,0,0.6931471805599453,2.302585092994046,0,0
evt_526,1944,6684,6684_name_振興課厚生課,民生局,welfare,振興課厚生課,NA,Unknown,non_engineer,2,1531,different_department,2,1,0,0,0,0,0,0,1.0986122886681098,0.6931471805599453,0,0
evt_526,1944,6684,6684_name_振興課厚生課,民生局,welfare,振興課厚生課,NA,Unknown,non_engineer,2,1538,different_department,1,4,0,0,0,0,0,0,0.6931471805599453,1.6094379124341003,0,0
evt_526,1944,6684,6684_name_振興課厚生課,民生局,welfare,振興課厚生課,NA,Unknown,non_engineer,2,1555,different_department,3,11,0,0,0,0,0,0,1.3862943611198906,2.4849066497880004,0,0
evt_526,1944,6684,6684_name_振興課厚生課,民生局,welfare,振興課厚生課,NA,Unknown,non_engineer,2,1642,same_department,1,15,0,0,0,0,0,1,0.6931471805599453,2.772588722239781,0,0
evt_526,1944,6684,6684_name_振興課厚生課,民生局,welfare,振興課厚生課,NA,Unknown,non_engineer,2,1676,different_department,3,16,0,0,0,0,0,0,1.3862943611198906,2.833213344056216,0,0
evt_526,1944,6684,6684_name_振興課厚生課,民生局,welfare,振興課厚生課,NA,Unknown,non_engineer,2,1697,same_department,1,2,0,0,0,0,0,1,0.6931471805599453,1.0986122886681098,0,0
evt_526,1944,6684,6684_name_振興課厚生課,民生局,welfare,振興課厚生課,NA,Unknown,non_engineer,2,1752,different_department,5,11,0,0,0,0,0,0,1.791759469228055,2.4849066497880004,0,0
evt_526,1944,6684,6684_name_振興課厚生課,民生局,welfare,振興課厚生課,NA,Unknown,non_engineer,2,1761,different_department,2,1,0,0,0,0,0,0,1.0986122886681098,0.6931471805599453,0,0
evt_526,1944,6684,6684_name_振興課厚生課,民生局,welfare,振興課厚生課,NA,Unknown,non_engineer,2,1787,different_department,2,5,0,0,0,0,0,0,1.0986122886681098,1.791759469228055,0,0
evt_526,1944,6684,6684_name_振興課厚生課,民生局,welfare,振興課厚生課,NA,Unknown,non_engineer,2,1794,different_department,7,7,0,0,0,0,0,0,2.0794415416798357,2.0794415416798357,0,0
evt_526,1944,6684,6684_name_振興課厚生課,民生局,welfare,振興課厚生課,NA,Unknown,non_engineer,2,1896,same_department,3,1,0,0,0,0,0,1,1.3862943611198906,0.6931471805599453,0,0
evt_526,1944,6684,6684_name_振興課厚生課,民生局,welfare,振興課厚生課,NA,Unknown,non_engineer,2,1906,different_department,1,15,0,0,0,0,0,0,0.6931471805599453,2.772588722239781,0,0
evt_526,1944,6684,6684_name_振興課厚生課,民生局,welfare,振興課厚生課,NA,Unknown,non_engineer,2,1919,different_department,2,1,0,0,0,0,0,0,1.0986122886681098,0.6931471805599453,0,0
evt_526,1944,6684,6684_name_振興課厚生課,民生局,welfare,振興課厚生課,NA,Unknown,non_engineer,2,1989,different_department,1,41,0,0,0,0,0,0,0.6931471805599453,3.7376696182833684,0,0
evt_526,1944,6684,6684_name_振興課厚生課,民生局,welfare,振興課厚生課,NA,Unknown,non_engineer,2,2003,different_department,1,25,0,0,0,0,0,0,0.6931471805599453,3.258096538021482,0,0
evt_526,1944,6684,6684_name_振興課厚生課,民生局,welfare,振興課厚生課,NA,Unknown,non_engineer,2,2033,same_department,4,1,0,0,0,0,0,1,1.6094379124341003,0.6931471805599453,0,0
evt_526,1944,6684,6684_name_振興課厚生課,民生局,welfare,振興課厚生課,NA,Unknown,non_engineer,2,2056,different_department,4,15,0,0,0,0,0,0,1.6094379124341003,2.772588722239781,0,0
evt_526,1944,6684,6684_name_振興課厚生課,民生局,welfare,振興課厚生課,NA,Unknown,non_engineer,2,2071,different_department,8,16,0,0,0,0,0,0,2.1972245773362196,2.833213344056216,0,0
evt_526,1944,6684,6684_name_振興課厚生課,民生局,welfare,振興課厚生課,NA,Unknown,non_engineer,2,2072,different_department,3,1,0,0,0,0,0,0,1.3862943611198906,0.6931471805599453,0,0
evt_526,1944,6684,6684_name_振興課厚生課,民生局,welfare,振興課厚生課,NA,Unknown,non_engineer,2,2109,different_department,4,6,0,0,0,0,0,0,1.6094379124341003,1.9459101490553132,0,0
evt_526,1944,6684,6684_name_振興課厚生課,民生局,welfare,振興課厚生課,NA,Unknown,non_engineer,2,2123,different_department,2,1,0,0,0,0,0,0,1.0986122886681098,0.6931471805599453,0,0
evt_526,1944,6684,6684_name_振興課厚生課,民生局,welfare,振興課厚生課,NA,Unknown,non_engineer,2,2125,same_department,4,7,0,0,0,0,0,1,1.6094379124341003,2.0794415416798357,0,0
evt_526,1944,6684,6684_name_振興課厚生課,民生局,welfare,振興課厚生課,NA,Unknown,non_engineer,2,2138,different_department,6,5,0,0,0,0,0,0,1.9459101490553132,1.791759469228055,0,0
evt_526,1944,6684,6684_name_振興課厚生課,民生局,welfare,振興課厚生課,NA,Unknown,non_engineer,2,2143,different_department,1,10,0,0,0,0,0,0,0.6931471805599453,2.3978952727983707,0,0
evt_526,1944,6684,6684_name_振興課厚生課,民生局,welfare,振興課厚生課,NA,Unknown,non_engineer,2,2158,different_department,1,1,0,0,0,0,0,0,0.6931471805599453,0.6931471805599453,0,0
evt_526,1944,6684,6684_name_振興課厚生課,民生局,welfare,振興課厚生課,NA,Unknown,non_engineer,2,2174,same_department,5,4,0,0,0,0,0,1,1.791759469228055,1.6094379124341003,0,0
evt_526,1944,6684,6684_name_振興課厚生課,民生局,welfare,振興課厚生課,NA,Unknown,non_engineer,2,2183,different_department,7,42,0,0,0,0,0,0,2.0794415416798357,3.7612001156935624,0,0
evt_526,1944,6684,6684_name_振興課厚生課,民生局,welfare,振興課厚生課,NA,Unknown,non_engineer,2,2213,same_department,1,7,0,0,0,0,0,1,0.6931471805599453,2.0794415416798357,0,0
evt_526,1944,6684,6684_name_振興課厚生課,民生局,welfare,振興課厚生課,NA,Unknown,non_engineer,2,2221,different_department,2,1,0,0,0,0,0,0,1.0986122886681098,0.6931471805599453,0,0
evt_526,1944,6684,6684_name_振興課厚生課,民生局,welfare,振興課厚生課,NA,Unknown,non_engineer,2,5764,different_department,3,17,0,0,0,0,0,0,1.3862943611198906,2.8903717578961645,0,0
evt_526,1944,6684,6684_name_振興課厚生課,民生局,welfare,振興課厚生課,NA,Unknown,non_engineer,2,5869,different_department,1,28,0,0,0,0,0,0,0.6931471805599453,3.367295829986474,0,0
evt_526,1944,6684,6684_name_振興課厚生課,民生局,welfare,振興課厚生課,NA,Unknown,non_engineer,2,5908,different_department,2,27,0,0,0,0,0,0,1.0986122886681098,3.332204510175204,0,0
evt_526,1944,6684,6684_name_振興課厚生課,民生局,welfare,振興課厚生課,NA,Unknown,non_engineer,2,6184,different_department,2,24,0,0,0,0,0,0,1.0986122886681098,3.2188758248682006,0,0
evt_526,1944,6684,6684_name_振興課厚生課,民生局,welfare,振興課厚生課,NA,Unknown,non_engineer,2,6233,different_department,1,23,0,0,0,0,0,0,0.6931471805599453,3.1780538303479458,0,0
evt_526,1944,6684,6684_name_振興課厚生課,民生局,welfare,振興課厚生課,NA,Unknown,non_engineer,2,6328,different_department,1,26,0,0,0,0,0,0,0.6931471805599453,3.295836866004329,0,0
evt_526,1944,6684,6684_name_振興課厚生課,民生局,welfare,振興課厚生課,NA,Unknown,non_engineer,2,6337,different_department,4,5,0,0,0,0,0,0,1.6094379124341003,1.791759469228055,0,0
evt_526,1944,6684,6684_name_振興課厚生課,民生局,welfare,振興課厚生課,NA,Unknown,non_engineer,2,6701,different_department,17,12,0,0,0,0,0,0,2.8903717578961645,2.5649493574615367,0,0
evt_526,1944,6684,6684_name_振興課厚生課,民生局,welfare,振興課厚生課,NA,Unknown,non_engineer,2,6791,different_department,2,23,0,0,0,0,0,0,1.0986122886681098,3.1780538303479458,0,0
evt_526,1944,6684,6684_name_振興課厚生課,民生局,welfare,振興課厚生課,NA,Unknown,non_engineer,2,6946,different_department,3,58,0,0,0,0,0,0,1.3862943611198906,4.07753744390572,0,0
evt_526,1944,6684,6684_name_振興課厚生課,民生局,welfare,振興課厚生課,NA,Unknown,non_engineer,2,6953,different_department,4,25,0,0,0,0,0,0,1.6094379124341003,3.258096538021482,0,0
evt_526,1944,6684,6684_name_振興課厚生課,民生局,welfare,振興課厚生課,NA,Unknown,non_engineer,2,7029,different_department,2,26,0,0,0,0,0,0,1.0986122886681098,3.295836866004329,0,0
evt_526,1944,6684,6684_name_振興課厚生課,民生局,welfare,振興課厚生課,NA,Unknown,non_engineer,2,7051,different_department,2,9,0,0,0,0,0,0,1.0986122886681098,2.302585092994046,0,0
evt_526,1944,6684,6684_name_振興課厚生課,民生局,welfare,振興課厚生課,NA,Unknown,non_engineer,2,7191,different_department,1,19,0,0,0,0,0,0,0.6931471805599453,2.995732273553991,0,0
evt_526,1944,6684,6684_name_振興課厚生課,民生局,welfare,振興課厚生課,NA,Unknown,non_engineer,2,7235,different_department,1,23,0,0,0,0,0,0,0.6931471805599453,3.1780538303479458,0,0
evt_526,1944,6684,6684_name_振興課厚生課,民生局,welfare,振興課厚生課,NA,Unknown,non_engineer,2,7461,different_department,1,20,0,0,0,0,0,0,0.6931471805599453,3.044522437723423,0,0
evt_526,1944,6684,6684_name_振興課厚生課,民生局,welfare,振興課厚生課,NA,Unknown,non_engineer,2,7484,different_department,2,29,0,0,0,0,0,0,1.0986122886681098,3.4011973816621555,0,0
evt_526,1944,6684,6684_name_振興課厚生課,民生局,welfare,振興課厚生課,NA,Unknown,non_engineer,2,7492,different_department,1,26,0,0,0,0,0,0,0.6931471805599453,3.295836866004329,0,0
evt_526,1944,6684,6684_name_振興課厚生課,民生局,welfare,振興課厚生課,NA,Unknown,non_engineer,2,7506,different_department,7,93,0,0,0,0,0,0,2.0794415416798357,4.543294782270004,0,0
evt_526,1944,6684,6684_name_振興課厚生課,民生局,welfare,振興課厚生課,NA,Unknown,non_engineer,2,7525,different_department,4,5,0,0,0,0,0,0,1.6094379124341003,1.791759469228055,0,0
evt_526,1944,6684,6684_name_振興課厚生課,民生局,welfare,振興課厚生課,NA,Unknown,non_engineer,2,7748,different_department,4,38,0,0,0,0,0,0,1.6094379124341003,3.6635616461296463,0,0
evt_526,1944,6684,6684_name_振興課厚生課,民生局,welfare,振興課厚生課,NA,Unknown,non_engineer,2,7836,different_department,1,2,0,0,0,0,0,0,0.6931471805599453,1.0986122886681098,0,0
evt_526,1944,6684,6684_name_振興課厚生課,民生局,welfare,振興課厚生課,NA,Unknown,non_engineer,2,7910,different_department,2,30,0,0,0,0,0,0,1.0986122886681098,3.4339872044851463,0,0
evt_526,1944,6684,6684_name_振興課厚生課,民生局,welfare,振興課厚生課,NA,Unknown,non_engineer,2,8164,different_department,2,42,0,0,0,0,0,0,1.0986122886681098,3.7612001156935624,0,0
evt_526,1944,6684,6684_name_振興課厚生課,民生局,welfare,振興課厚生課,NA,Unknown,non_engineer,2,8358,different_department,1,9,1,0,0,0,0,0,0.6931471805599453,2.302585092994046,0,0
evt_526,1944,6684,6684_name_振興課厚生課,民生局,welfare,振興課厚生課,NA,Unknown,non_engineer,2,8426,different_department,1,3,0,0,0,0,0,0,0.6931471805599453,1.3862943611198906,0,0
evt_526,1944,6684,6684_name_振興課厚生課,民生局,welfare,振興課厚生課,NA,Unknown,non_engineer,2,8514,same_department,1,2,0,0,0,0,0,1,0.6931471805599453,1.0986122886681098,0,0
evt_526,1944,6684,6684_name_振興課厚生課,民生局,welfare,振興課厚生課,NA,Unknown,non_engineer,2,8594,different_department,1,16,0,0,0,0,0,0,0.6931471805599453,2.833213344056216,0,0
evt_526,1944,6684,6684_name_振興課厚生課,民生局,welfare,振興課厚生課,NA,Unknown,non_engineer,2,8664,different_department,2,8,0,0,0,0,0,0,1.0986122886681098,2.1972245773362196,0,0
evt_526,1944,6684,6684_name_振興課厚生課,民生局,welfare,振興課厚生課,NA,Unknown,non_engineer,2,8882,different_department,1,28,0,0,0,0,0,0,0.6931471805599453,3.367295829986474,0,0
evt_526,1944,6684,6684_name_振興課厚生課,民生局,welfare,振興課厚生課,NA,Unknown,non_engineer,2,8905,different_department,6,14,0,0,0,0,0,0,1.9459101490553132,2.70805020110221,0,0
evt_527,1944,6684,6684_name_振興課厚生課,民生局,welfare,振興課厚生課,NA,雇,yato,1,1130,different_department,2,2,0,0,0,0,0,0,1.0986122886681098,1.0986122886681098,0,0
evt_527,1944,6684,6684_name_振興課厚生課,民生局,welfare,振興課厚生課,NA,雇,yato,1,1147,different_department,2,3,0,0,0,0,0,0,1.0986122886681098,1.3862943611198906,0,0
evt_527,1944,6684,6684_name_振興課厚生課,民生局,welfare,振興課厚生課,NA,雇,yato,1,1190,different_department,10,20,0,0,0,0,0,0,2.3978952727983707,3.044522437723423,0,0
evt_527,1944,6684,6684_name_振興課厚生課,民生局,welfare,振興課厚生課,NA,雇,yato,1,1225,different_department,1,1,0,0,0,0,0,0,0.6931471805599453,0.6931471805599453,0,0
evt_527,1944,6684,6684_name_振興課厚生課,民生局,welfare,振興課厚生課,NA,雇,yato,1,1449,different_department,11,20,0,0,0,0,0,0,2.4849066497880004,3.044522437723423,0,0
evt_527,1944,6684,6684_name_振興課厚生課,民生局,welfare,振興課厚生課,NA,雇,yato,1,1478,same_department,7,5,0,0,0,0,0,1,2.0794415416798357,1.791759469228055,0,0
evt_527,1944,6684,6684_name_振興課厚生課,民生局,welfare,振興課厚生課,NA,雇,yato,1,1555,different_department,14,11,0,0,0,0,0,0,2.70805020110221,2.4849066497880004,0,0
evt_527,1944,6684,6684_name_振興課厚生課,民生局,welfare,振興課厚生課,NA,雇,yato,1,1566,same_department,1,3,0,0,0,0,0,1,0.6931471805599453,1.3862943611198906,0,0
evt_527,1944,6684,6684_name_振興課厚生課,民生局,welfare,振興課厚生課,NA,雇,yato,1,1642,same_department,4,15,0,0,0,0,0,1,1.6094379124341003,2.772588722239781,0,0
evt_527,1944,6684,6684_name_振興課厚生課,民生局,welfare,振興課厚生課,NA,雇,yato,1,1697,same_department,2,2,0,0,0,0,0,1,1.0986122886681098,1.0986122886681098,0,0
evt_527,1944,6684,6684_name_振興課厚生課,民生局,welfare,振興課厚生課,NA,雇,yato,1,1752,different_department,7,11,0,0,0,0,0,0,2.0794415416798357,2.4849066497880004,0,0
evt_527,1944,6684,6684_name_振興課厚生課,民生局,welfare,振興課厚生課,NA,雇,yato,1,1896,same_department,5,1,0,0,0,0,0,1,1.791759469228055,0.6931471805599453,0,0
evt_527,1944,6684,6684_name_振興課厚生課,民生局,welfare,振興課厚生課,NA,雇,yato,1,1906,different_department,1,15,0,0,0,0,0,0,0.6931471805599453,2.772588722239781,0,0
evt_527,1944,6684,6684_name_振興課厚生課,民生局,welfare,振興課厚生課,NA,雇,yato,1,1972,different_department,1,13,0,0,0,0,0,0,0.6931471805599453,2.6390573296152584,0,0
evt_527,1944,6684,6684_name_振興課厚生課,民生局,welfare,振興課厚生課,NA,雇,yato,1,1989,different_department,1,41,0,0,0,0,0,0,0.6931471805599453,3.7376696182833684,0,0
evt_527,1944,6684,6684_name_振興課厚生課,民生局,welfare,振興課厚生課,NA,雇,yato,1,2051,different_department,3,1,0,0,0,0,0,0,1.3862943611198906,0.6931471805599453,0,0
evt_527,1944,6684,6684_name_振興課厚生課,民生局,welfare,振興課厚生課,NA,雇,yato,1,2056,different_department,6,15,0,0,0,0,0,0,1.9459101490553132,2.772588722239781,0,0
evt_527,1944,6684,6684_name_振興課厚生課,民生局,welfare,振興課厚生課,NA,雇,yato,1,2071,different_department,1,16,0,0,0,0,0,0,0.6931471805599453,2.833213344056216,0,0
evt_527,1944,6684,6684_name_振興課厚生課,民生局,welfare,振興課厚生課,NA,雇,yato,1,2109,different_department,5,6,0,0,0,0,0,0,1.791759469228055,1.9459101490553132,0,0
evt_527,1944,6684,6684_name_振興課厚生課,民生局,welfare,振興課厚生課,NA,雇,yato,1,2118,different_department,2,16,0,0,0,0,0,0,1.0986122886681098,2.833213344056216,0,0
evt_527,1944,6684,6684_name_振興課厚生課,民生局,welfare,振興課厚生課,NA,雇,yato,1,2123,different_department,2,1,0,0,0,0,0,0,1.0986122886681098,0.6931471805599453,0,0
evt_527,1944,6684,6684_name_振興課厚生課,民生局,welfare,振興課厚生課,NA,雇,yato,1,2125,same_department,5,7,0,0,0,0,0,1,1.791759469228055,2.0794415416798357,0,0
evt_527,1944,6684,6684_name_振興課厚生課,民生局,welfare,振興課厚生課,NA,雇,yato,1,2138,different_department,3,5,0,0,0,0,0,0,1.3862943611198906,1.791759469228055,0,0
evt_527,1944,6684,6684_name_振興課厚生課,民生局,welfare,振興課厚生課,NA,雇,yato,1,2143,different_department,4,10,0,0,0,0,0,0,1.6094379124341003,2.3978952727983707,0,0
evt_527,1944,6684,6684_name_振興課厚生課,民生局,welfare,振興課厚生課,NA,雇,yato,1,2158,different_department,3,1,0,0,0,0,0,0,1.3862943611198906,0.6931471805599453,0,0
evt_527,1944,6684,6684_name_振興課厚生課,民生局,welfare,振興課厚生課,NA,雇,yato,1,2159,different_department,2,4,0,0,0,0,0,0,1.0986122886681098,1.6094379124341003,0,0
evt_527,1944,6684,6684_name_振興課厚生課,民生局,welfare,振興課厚生課,NA,雇,yato,1,2213,same_department,7,7,0,0,0,0,0,1,2.0794415416798357,2.0794415416798357,0,0
evt_527,1944,6684,6684_name_振興課厚生課,民生局,welfare,振興課厚生課,NA,雇,yato,1,5869,different_department,3,28,0,0,0,0,0,0,1.3862943611198906,3.367295829986474,0,0
evt_527,1944,6684,6684_name_振興課厚生課,民生局,welfare,振興課厚生課,NA,雇,yato,1,6328,different_department,5,26,0,0,0,0,0,0,1.791759469228055,3.295836866004329,0,0
evt_527,1944,6684,6684_name_振興課厚生課,民生局,welfare,振興課厚生課,NA,雇,yato,1,6415,different_department,1,1,0,0,0,0,0,0,0.6931471805599453,0.6931471805599453,0,0
evt_527,1944,6684,6684_name_振興課厚生課,民生局,welfare,振興課厚生課,NA,雇,yato,1,6501,different_department,1,2,0,0,0,0,0,0,0.6931471805599453,1.0986122886681098,0,0
evt_527,1944,6684,6684_name_振興課厚生課,民生局,welfare,振興課厚生課,NA,雇,yato,1,6641,different_department,1,1,0,0,0,0,0,0,0.6931471805599453,0.6931471805599453,0,0
evt_527,1944,6684,6684_name_振興課厚生課,民生局,welfare,振興課厚生課,NA,雇,yato,1,6701,different_department,1,12,0,0,0,0,0,0,0.6931471805599453,2.5649493574615367,0,0
evt_527,1944,6684,6684_name_振興課厚生課,民生局,welfare,振興課厚生課,NA,雇,yato,1,6843,different_department,12,4,0,0,0,0,0,0,2.5649493574615367,1.6094379124341003,0,0
evt_527,1944,6684,6684_name_振興課厚生課,民生局,welfare,振興課厚生課,NA,雇,yato,1,6844,different_department,1,6,0,0,0,0,0,0,0.6931471805599453,1.9459101490553132,0,0
evt_527,1944,6684,6684_name_振興課厚生課,民生局,welfare,振興課厚生課,NA,雇,yato,1,6845,different_department,2,16,0,0,0,0,0,0,1.0986122886681098,2.833213344056216,0,0
evt_527,1944,6684,6684_name_振興課厚生課,民生局,welfare,振興課厚生課,NA,雇,yato,1,6953,different_department,19,25,0,0,0,0,0,0,2.995732273553991,3.258096538021482,0,0
evt_527,1944,6684,6684_name_振興課厚生課,民生局,welfare,振興課厚生課,NA,雇,yato,1,7506,different_department,2,93,0,0,0,0,0,0,1.0986122886681098,4.543294782270004,0,0
evt_527,1944,6684,6684_name_振興課厚生課,民生局,welfare,振興課厚生課,NA,雇,yato,1,7525,different_department,4,5,0,0,0,0,0,0,1.6094379124341003,1.791759469228055,0,0
evt_527,1944,6684,6684_name_振興課厚生課,民生局,welfare,振興課厚生課,NA,雇,yato,1,7782,different_department,5,32,0,0,0,0,0,0,1.791759469228055,3.4965075614664802,0,0
evt_527,1944,6684,6684_name_振興課厚生課,民生局,welfare,振興課厚生課,NA,雇,yato,1,8164,different_department,7,9,0,0,0,0,0,0,2.0794415416798357,2.302585092994046,0,0
evt_527,1944,6684,6684_name_振興課厚生課,民生局,welfare,振興課厚生課,NA,雇,yato,1,8321,different_department,4,7,0,0,0,0,0,0,1.6094379124341003,2.0794415416798357,0,0
evt_527,1944,6684,6684_name_振興課厚生課,民生局,welfare,振興課厚生課,NA,雇,yato,1,8358,different_department,15,81,1,0,0,0,0,0,2.772588722239781,4.406719247264253,0,0
evt_527,1944,6684,6684_name_振興課厚生課,民生局,welfare,振興課厚生課,NA,雇,yato,1,8490,different_department,11,37,0,0,0,0,0,0,2.4849066497880004,3.6375861597263857,0,0
evt_527,1944,6684,6684_name_振興課厚生課,民生局,welfare,振興課厚生課,NA,雇,yato,1,8594,different_department,7,16,0,0,0,0,0,0,2.0794415416798357,2.833213344056216,0,0
evt_527,1944,6684,6684_name_振興課厚生課,民生局,welfare,振興課厚生課,NA,雇,yato,1,8757,different_department,4,7,0,0,0,0,0,0,1.6094379124341003,2.0794415416798357,0,0
evt_527,1944,6684,6684_name_振興課厚生課,民生局,welfare,振興課厚生課,NA,雇,yato,1,8882,different_department,1,28,0,0,0,0,0,0,0.6931471805599453,3.367295829986474,0,0
evt_527,1944,6684,6684_name_振興課厚生課,民生局,welfare,振興課厚生課,NA,雇,yato,1,8899,different_department,4,9,0,0,0,0,0,0,1.6094379124341003,2.302585092994046,0,0
evt_527,1944,6684,6684_name_振興課厚生課,民生局,welfare,振興課厚生課,NA,雇,yato,1,8905,different_department,19,14,0,0,0,0,0,0,2.995732273553991,2.70805020110221,0,0
evt_527,1944,6684,6684_name_振興課厚生課,民生局,welfare,振興課厚生課,NA,雇,yato,1,8946,different_department,1,29,0,0,0,0,0,0,0.6931471805599453,3.4011973816621555,0,0
evt_527,1944,6684,6684_name_振興課厚生課,民生局,welfare,振興課厚生課,NA,雇,yato,1,8994,different_department,13,28,0,0,0,0,0,0,2.6390573296152584,3.367295829986474,0,0
evt_527,1944,6684,6684_name_振興課厚生課,民生局,welfare,振興課厚生課,NA,雇,yato,1,8996,different_department,2,2,0,0,0,0,0,0,1.0986122886681098,1.0986122886681098,0,0
evt_528,1944,6704,6704_grp_128,教育局,education,教育第二課,128,Unknown,non_engineer,2,1130,same_section,7,2,1,0,0,0,1,0,2.0794415416798357,1.0986122886681098,1,1
evt_528,1944,6704,6704_grp_128,教育局,education,教育第二課,128,Unknown,non_engineer,2,1147,different_department,1,3,0,0,0,0,0,0,0.6931471805599453,1.3862943611198906,1,1
evt_528,1944,6704,6704_grp_128,教育局,education,教育第二課,128,Unknown,non_engineer,2,1190,different_department,3,20,0,0,0,0,0,0,1.3862943611198906,3.044522437723423,1,1
evt_528,1944,6704,6704_grp_128,教育局,education,教育第二課,128,Unknown,non_engineer,2,1193,different_department,7,4,0,0,0,0,0,0,2.0794415416798357,1.6094379124341003,1,1
evt_528,1944,6704,6704_grp_128,教育局,education,教育第二課,128,Unknown,non_engineer,2,1225,different_department,1,1,0,0,0,0,0,0,0.6931471805599453,0.6931471805599453,1,1
evt_528,1944,6704,6704_grp_128,教育局,education,教育第二課,128,Unknown,non_engineer,2,1233,different_department,5,7,0,0,0,0,0,0,1.791759469228055,2.0794415416798357,1,1
evt_528,1944,6704,6704_grp_128,教育局,education,教育第二課,128,Unknown,non_engineer,2,1317,different_department,5,10,0,0,0,0,0,0,1.791759469228055,2.3978952727983707,1,1
evt_528,1944,6704,6704_grp_128,教育局,education,教育第二課,128,Unknown,non_engineer,2,1335,different_department,1,25,0,0,0,0,0,0,0.6931471805599453,3.258096538021482,1,1
evt_528,1944,6704,6704_grp_128,教育局,education,教育第二課,128,Unknown,non_engineer,2,1402,same_department,8,2,0,0,0,0,0,1,2.1972245773362196,1.0986122886681098,1,1
evt_528,1944,6704,6704_grp_128,教育局,education,教育第二課,128,Unknown,non_engineer,2,1449,different_department,11,20,0,0,0,0,0,0,2.4849066497880004,3.044522437723423,1,1
evt_528,1944,6704,6704_grp_128,教育局,education,教育第二課,128,Unknown,non_engineer,2,1478,different_department,4,5,0,0,0,0,0,0,1.6094379124341003,1.791759469228055,1,1
evt_528,1944,6704,6704_grp_128,教育局,education,教育第二課,128,Unknown,non_engineer,2,1486,different_department,1,2,0,0,0,0,0,0,0.6931471805599453,1.0986122886681098,1,1
evt_528,1944,6704,6704_grp_128,教育局,education,教育第二課,128,Unknown,non_engineer,2,1490,same_department,1,1,0,0,0,0,0,1,0.6931471805599453,0.6931471805599453,1,1
evt_528,1944,6704,6704_grp_128,教育局,education,教育第二課,128,Unknown,non_engineer,2,1501,same_department,1,9,0,0,0,0,0,1,0.6931471805599453,2.302585092994046,1,1
evt_528,1944,6704,6704_grp_128,教育局,education,教育第二課,128,Unknown,non_engineer,2,1531,same_department,2,1,0,0,0,0,0,1,1.0986122886681098,0.6931471805599453,1,1
evt_528,1944,6704,6704_grp_128,教育局,education,教育第二課,128,Unknown,non_engineer,2,1538,different_department,1,4,0,0,0,0,0,0,0.6931471805599453,1.6094379124341003,1,1
evt_528,1944,6704,6704_grp_128,教育局,education,教育第二課,128,Unknown,non_engineer,2,1555,different_department,3,11,0,0,0,0,0,0,1.3862943611198906,2.4849066497880004,1,1
evt_528,1944,6704,6704_grp_128,教育局,education,教育第二課,128,Unknown,non_engineer,2,1642,different_department,1,15,0,0,0,0,0,0,0.6931471805599453,2.772588722239781,1,1
evt_528,1944,6704,6704_grp_128,教育局,education,教育第二課,128,Unknown,non_engineer,2,1676,different_department,3,16,0,0,0,0,0,0,1.3862943611198906,2.833213344056216,1,1
evt_528,1944,6704,6704_grp_128,教育局,education,教育第二課,128,Unknown,non_engineer,2,1697,different_department,1,2,0,0,0,0,0,0,0.6931471805599453,1.0986122886681098,1,1
evt_528,1944,6704,6704_grp_128,教育局,education,教育第二課,128,Unknown,non_engineer,2,1752,different_department,5,11,0,0,0,0,0,0,1.791759469228055,2.4849066497880004,1,1
evt_528,1944,6704,6704_grp_128,教育局,education,教育第二課,128,Unknown,non_engineer,2,1761,different_department,2,1,0,0,0,0,0,0,1.0986122886681098,0.6931471805599453,1,1
evt_528,1944,6704,6704_grp_128,教育局,education,教育第二課,128,Unknown,non_engineer,2,1787,different_department,2,5,0,0,0,0,0,0,1.0986122886681098,1.791759469228055,1,1
evt_528,1944,6704,6704_grp_128,教育局,education,教育第二課,128,Unknown,non_engineer,2,1794,different_department,7,7,0,0,0,0,0,0,2.0794415416798357,2.0794415416798357,1,1
evt_528,1944,6704,6704_grp_128,教育局,education,教育第二課,128,Unknown,non_engineer,2,1896,different_department,3,1,0,0,0,0,0,0,1.3862943611198906,0.6931471805599453,1,1
evt_528,1944,6704,6704_grp_128,教育局,education,教育第二課,128,Unknown,non_engineer,2,1906,different_department,1,15,0,0,0,0,0,0,0.6931471805599453,2.772588722239781,1,1
evt_528,1944,6704,6704_grp_128,教育局,education,教育第二課,128,Unknown,non_engineer,2,1919,different_department,2,1,0,0,0,0,0,0,1.0986122886681098,0.6931471805599453,1,1
evt_528,1944,6704,6704_grp_128,教育局,education,教育第二課,128,Unknown,non_engineer,2,1989,different_department,1,41,0,0,0,0,0,0,0.6931471805599453,3.7376696182833684,1,1
evt_528,1944,6704,6704_grp_128,教育局,education,教育第二課,128,Unknown,non_engineer,2,2003,different_department,1,25,0,0,0,0,0,0,0.6931471805599453,3.258096538021482,1,1
evt_528,1944,6704,6704_grp_128,教育局,education,教育第二課,128,Unknown,non_engineer,2,2033,different_department,4,1,0,0,0,0,0,0,1.6094379124341003,0.6931471805599453,1,1
evt_528,1944,6704,6704_grp_128,教育局,education,教育第二課,128,Unknown,non_engineer,2,2056,different_department,4,15,0,0,0,0,0,0,1.6094379124341003,2.772588722239781,1,1
evt_528,1944,6704,6704_grp_128,教育局,education,教育第二課,128,Unknown,non_engineer,2,2071,different_department,8,16,0,0,0,0,0,0,2.1972245773362196,2.833213344056216,1,1
evt_528,1944,6704,6704_grp_128,教育局,education,教育第二課,128,Unknown,non_engineer,2,2072,different_department,3,1,0,0,0,0,0,0,1.3862943611198906,0.6931471805599453,1,1
evt_528,1944,6704,6704_grp_128,教育局,education,教育第二課,128,Unknown,non_engineer,2,2109,different_department,4,6,0,0,0,0,0,0,1.6094379124341003,1.9459101490553132,1,1
evt_528,1944,6704,6704_grp_128,教育局,education,教育第二課,128,Unknown,non_engineer,2,2123,different_department,2,1,0,0,0,0,0,0,1.0986122886681098,0.6931471805599453,1,1
evt_528,1944,6704,6704_grp_128,教育局,education,教育第二課,128,Unknown,non_engineer,2,2125,different_department,4,7,0,0,0,0,0,0,1.6094379124341003,2.0794415416798357,1,1
evt_528,1944,6704,6704_grp_128,教育局,education,教育第二課,128,Unknown,non_engineer,2,2138,different_department,6,5,0,0,0,0,0,0,1.9459101490553132,1.791759469228055,1,1
evt_528,1944,6704,6704_grp_128,教育局,education,教育第二課,128,Unknown,non_engineer,2,2143,different_department,1,10,0,0,0,0,0,0,0.6931471805599453,2.3978952727983707,1,1
evt_528,1944,6704,6704_grp_128,教育局,education,教育第二課,128,Unknown,non_engineer,2,2158,different_department,1,1,0,0,0,0,0,0,0.6931471805599453,0.6931471805599453,1,1
evt_528,1944,6704,6704_grp_128,教育局,education,教育第二課,128,Unknown,non_engineer,2,2174,different_department,5,4,0,0,0,0,0,0,1.791759469228055,1.6094379124341003,1,1
evt_528,1944,6704,6704_grp_128,教育局,education,教育第二課,128,Unknown,non_engineer,2,2183,different_department,7,42,0,0,0,0,0,0,2.0794415416798357,3.7612001156935624,1,1
evt_528,1944,6704,6704_grp_128,教育局,education,教育第二課,128,Unknown,non_engineer,2,2213,different_department,1,7,0,0,0,0,0,0,0.6931471805599453,2.0794415416798357,1,1
evt_528,1944,6704,6704_grp_128,教育局,education,教育第二課,128,Unknown,non_engineer,2,2221,different_department,2,1,0,0,0,0,0,0,1.0986122886681098,0.6931471805599453,1,1
evt_528,1944,6704,6704_grp_128,教育局,education,教育第二課,128,Unknown,non_engineer,2,5764,different_department,3,17,0,0,0,0,0,0,1.3862943611198906,2.8903717578961645,1,1
evt_528,1944,6704,6704_grp_128,教育局,education,教育第二課,128,Unknown,non_engineer,2,5869,different_department,1,28,0,0,0,0,0,0,0.6931471805599453,3.367295829986474,1,1
evt_528,1944,6704,6704_grp_128,教育局,education,教育第二課,128,Unknown,non_engineer,2,5908,different_department,2,27,0,0,0,0,0,0,1.0986122886681098,3.332204510175204,1,1
evt_528,1944,6704,6704_grp_128,教育局,education,教育第二課,128,Unknown,non_engineer,2,6184,different_department,2,24,0,0,0,0,0,0,1.0986122886681098,3.2188758248682006,1,1
evt_528,1944,6704,6704_grp_128,教育局,education,教育第二課,128,Unknown,non_engineer,2,6233,different_department,1,23,0,0,0,0,0,0,0.6931471805599453,3.1780538303479458,1,1
evt_528,1944,6704,6704_grp_128,教育局,education,教育第二課,128,Unknown,non_engineer,2,6328,different_department,1,26,0,0,0,0,0,0,0.6931471805599453,3.295836866004329,1,1
evt_528,1944,6704,6704_grp_128,教育局,education,教育第二課,128,Unknown,non_engineer,2,6337,different_department,4,5,0,0,0,0,0,0,1.6094379124341003,1.791759469228055,1,1
evt_528,1944,6704,6704_grp_128,教育局,education,教育第二課,128,Unknown,non_engineer,2,6701,same_department,17,12,0,0,0,0,0,1,2.8903717578961645,2.5649493574615367,1,1
evt_528,1944,6704,6704_grp_128,教育局,education,教育第二課,128,Unknown,non_engineer,2,6791,different_department,2,23,0,0,0,0,0,0,1.0986122886681098,3.1780538303479458,1,1
evt_528,1944,6704,6704_grp_128,教育局,education,教育第二課,128,Unknown,non_engineer,2,6946,different_department,3,58,0,0,0,0,0,0,1.3862943611198906,4.07753744390572,1,1
evt_528,1944,6704,6704_grp_128,教育局,education,教育第二課,128,Unknown,non_engineer,2,6953,different_department,4,25,0,0,0,0,0,0,1.6094379124341003,3.258096538021482,1,1
evt_528,1944,6704,6704_grp_128,教育局,education,教育第二課,128,Unknown,non_engineer,2,7029,different_department,2,26,0,0,0,0,0,0,1.0986122886681098,3.295836866004329,1,1
evt_528,1944,6704,6704_grp_128,教育局,education,教育第二課,128,Unknown,non_engineer,2,7051,different_department,2,9,0,0,0,0,0,0,1.0986122886681098,2.302585092994046,1,1
evt_528,1944,6704,6704_grp_128,教育局,education,教育第二課,128,Unknown,non_engineer,2,7191,different_department,1,19,0,0,0,0,0,0,0.6931471805599453,2.995732273553991,1,1
evt_528,1944,6704,6704_grp_128,教育局,education,教育第二課,128,Unknown,non_engineer,2,7235,different_department,1,23,0,0,0,0,0,0,0.6931471805599453,3.1780538303479458,1,1
evt_528,1944,6704,6704_grp_128,教育局,education,教育第二課,128,Unknown,non_engineer,2,7461,different_department,1,20,0,0,0,0,0,0,0.6931471805599453,3.044522437723423,1,1
evt_528,1944,6704,6704_grp_128,教育局,education,教育第二課,128,Unknown,non_engineer,2,7484,different_department,2,29,0,0,0,0,0,0,1.0986122886681098,3.4011973816621555,1,1
evt_528,1944,6704,6704_grp_128,教育局,education,教育第二課,128,Unknown,non_engineer,2,7492,different_department,1,26,0,0,0,0,0,0,0.6931471805599453,3.295836866004329,1,1
evt_528,1944,6704,6704_grp_128,教育局,education,教育第二課,128,Unknown,non_engineer,2,7506,different_department,7,93,0,0,0,0,0,0,2.0794415416798357,4.543294782270004,1,1
evt_528,1944,6704,6704_grp_128,教育局,education,教育第二課,128,Unknown,non_engineer,2,7525,different_department,4,5,0,0,0,0,0,0,1.6094379124341003,1.791759469228055,1,1
evt_528,1944,6704,6704_grp_128,教育局,education,教育第二課,128,Unknown,non_engineer,2,7748,different_department,4,38,0,0,0,0,0,0,1.6094379124341003,3.6635616461296463,1,1
evt_528,1944,6704,6704_grp_128,教育局,education,教育第二課,128,Unknown,non_engineer,2,7836,different_department,1,2,0,0,0,0,0,0,0.6931471805599453,1.0986122886681098,1,1
evt_528,1944,6704,6704_grp_128,教育局,education,教育第二課,128,Unknown,non_engineer,2,7910,different_department,2,30,0,0,0,0,0,0,1.0986122886681098,3.4339872044851463,1,1
evt_528,1944,6704,6704_grp_128,教育局,education,教育第二課,128,Unknown,non_engineer,2,8164,different_department,2,42,0,0,0,0,0,0,1.0986122886681098,3.7612001156935624,1,1
evt_528,1944,6704,6704_grp_128,教育局,education,教育第二課,128,Unknown,non_engineer,2,8358,different_department,1,9,0,0,0,0,0,0,0.6931471805599453,2.302585092994046,1,1
evt_528,1944,6704,6704_grp_128,教育局,education,教育第二課,128,Unknown,non_engineer,2,8426,different_department,1,3,0,0,0,0,0,0,0.6931471805599453,1.3862943611198906,1,1
evt_528,1944,6704,6704_grp_128,教育局,education,教育第二課,128,Unknown,non_engineer,2,8514,different_department,1,2,0,0,0,0,0,0,0.6931471805599453,1.0986122886681098,1,1
evt_528,1944,6704,6704_grp_128,教育局,education,教育第二課,128,Unknown,non_engineer,2,8594,different_department,1,16,0,0,0,0,0,0,0.6931471805599453,2.833213344056216,1,1
evt_528,1944,6704,6704_grp_128,教育局,education,教育第二課,128,Unknown,non_engineer,2,8664,different_department,2,8,0,0,0,0,0,0,1.0986122886681098,2.1972245773362196,1,1
evt_528,1944,6704,6704_grp_128,教育局,education,教育第二課,128,Unknown,non_engineer,2,8882,different_department,1,28,0,0,0,0,0,0,0.6931471805599453,3.367295829986474,1,1
evt_528,1944,6704,6704_grp_128,教育局,education,教育第二課,128,Unknown,non_engineer,2,8905,same_department,6,14,0,0,0,0,0,1,1.9459101490553132,2.70805020110221,1,1
evt_55,1944,1393,1393_grp_133,教育局,education,教育第一課,133,Unknown,non_engineer,2,1130,same_department,7,2,0,0,0,0,0,1,2.0794415416798357,1.0986122886681098,0,0
evt_55,1944,1393,1393_grp_133,教育局,education,教育第一課,133,Unknown,non_engineer,2,1147,different_department,1,3,0,0,0,0,0,0,0.6931471805599453,1.3862943611198906,0,0
evt_55,1944,1393,1393_grp_133,教育局,education,教育第一課,133,Unknown,non_engineer,2,1190,different_department,3,20,0,0,0,0,0,0,1.3862943611198906,3.044522437723423,0,0
evt_55,1944,1393,1393_grp_133,教育局,education,教育第一課,133,Unknown,non_engineer,2,1193,different_department,7,4,0,0,0,0,0,0,2.0794415416798357,1.6094379124341003,0,0
evt_55,1944,1393,1393_grp_133,教育局,education,教育第一課,133,Unknown,non_engineer,2,1225,different_department,1,1,0,0,0,0,0,0,0.6931471805599453,0.6931471805599453,0,0
evt_55,1944,1393,1393_grp_133,教育局,education,教育第一課,133,Unknown,non_engineer,2,1233,different_department,5,7,0,0,0,0,0,0,1.791759469228055,2.0794415416798357,0,0
evt_55,1944,1393,1393_grp_133,教育局,education,教育第一課,133,Unknown,non_engineer,2,1317,different_department,5,10,0,0,0,0,0,0,1.791759469228055,2.3978952727983707,0,0
evt_55,1944,1393,1393_grp_133,教育局,education,教育第一課,133,Unknown,non_engineer,2,1335,different_department,1,25,0,0,0,0,0,0,0.6931471805599453,3.258096538021482,0,0
evt_55,1944,1393,1393_grp_133,教育局,education,教育第一課,133,Unknown,non_engineer,2,1402,same_department,8,2,0,0,0,0,0,1,2.1972245773362196,1.0986122886681098,0,0
evt_55,1944,1393,1393_grp_133,教育局,education,教育第一課,133,Unknown,non_engineer,2,1449,different_department,11,20,0,0,0,0,0,0,2.4849066497880004,3.044522437723423,0,0
evt_55,1944,1393,1393_grp_133,教育局,education,教育第一課,133,Unknown,non_engineer,2,1478,different_department,4,5,0,0,0,0,0,0,1.6094379124341003,1.791759469228055,0,0
evt_55,1944,1393,1393_grp_133,教育局,education,教育第一課,133,Unknown,non_engineer,2,1486,different_department,1,2,0,0,0,0,0,0,0.6931471805599453,1.0986122886681098,0,0
evt_55,1944,1393,1393_grp_133,教育局,education,教育第一課,133,Unknown,non_engineer,2,1490,same_department,1,1,0,0,0,0,0,1,0.6931471805599453,0.6931471805599453,0,0
evt_55,1944,1393,1393_grp_133,教育局,education,教育第一課,133,Unknown,non_engineer,2,1501,same_department,1,9,0,0,0,0,0,1,0.6931471805599453,2.302585092994046,0,0
evt_55,1944,1393,1393_grp_133,教育局,education,教育第一課,133,Unknown,non_engineer,2,1531,same_department,2,1,0,0,0,0,0,1,1.0986122886681098,0.6931471805599453,0,0
evt_55,1944,1393,1393_grp_133,教育局,education,教育第一課,133,Unknown,non_engineer,2,1538,different_department,1,4,0,0,0,0,0,0,0.6931471805599453,1.6094379124341003,0,0
evt_55,1944,1393,1393_grp_133,教育局,education,教育第一課,133,Unknown,non_engineer,2,1555,different_department,3,11,0,0,0,0,0,0,1.3862943611198906,2.4849066497880004,0,0
evt_55,1944,1393,1393_grp_133,教育局,education,教育第一課,133,Unknown,non_engineer,2,1642,different_department,1,15,0,0,0,0,0,0,0.6931471805599453,2.772588722239781,0,0
evt_55,1944,1393,1393_grp_133,教育局,education,教育第一課,133,Unknown,non_engineer,2,1676,different_department,3,16,0,0,0,0,0,0,1.3862943611198906,2.833213344056216,0,0
evt_55,1944,1393,1393_grp_133,教育局,education,教育第一課,133,Unknown,non_engineer,2,1697,different_department,1,2,0,0,0,0,0,0,0.6931471805599453,1.0986122886681098,0,0
evt_55,1944,1393,1393_grp_133,教育局,education,教育第一課,133,Unknown,non_engineer,2,1752,different_department,5,11,0,0,0,0,0,0,1.791759469228055,2.4849066497880004,0,0
evt_55,1944,1393,1393_grp_133,教育局,education,教育第一課,133,Unknown,non_engineer,2,1761,different_department,2,1,0,0,0,0,0,0,1.0986122886681098,0.6931471805599453,0,0
evt_55,1944,1393,1393_grp_133,教育局,education,教育第一課,133,Unknown,non_engineer,2,1787,different_department,2,5,0,0,0,0,0,0,1.0986122886681098,1.791759469228055,0,0
evt_55,1944,1393,1393_grp_133,教育局,education,教育第一課,133,Unknown,non_engineer,2,1794,different_department,7,7,0,0,0,0,0,0,2.0794415416798357,2.0794415416798357,0,0
evt_55,1944,1393,1393_grp_133,教育局,education,教育第一課,133,Unknown,non_engineer,2,1896,different_department,3,1,0,0,0,0,0,0,1.3862943611198906,0.6931471805599453,0,0
evt_55,1944,1393,1393_grp_133,教育局,education,教育第一課,133,Unknown,non_engineer,2,1906,different_department,1,15,0,0,0,0,0,0,0.6931471805599453,2.772588722239781,0,0
evt_55,1944,1393,1393_grp_133,教育局,education,教育第一課,133,Unknown,non_engineer,2,1919,different_department,2,1,0,0,0,0,0,0,1.0986122886681098,0.6931471805599453,0,0
evt_55,1944,1393,1393_grp_133,教育局,education,教育第一課,133,Unknown,non_engineer,2,1989,different_department,1,41,0,0,0,0,0,0,0.6931471805599453,3.7376696182833684,0,0
evt_55,1944,1393,1393_grp_133,教育局,education,教育第一課,133,Unknown,non_engineer,2,2003,different_department,1,25,0,0,0,0,0,0,0.6931471805599453,3.258096538021482,0,0
evt_55,1944,1393,1393_grp_133,教育局,education,教育第一課,133,Unknown,non_engineer,2,2033,different_department,4,1,0,0,0,0,0,0,1.6094379124341003,0.6931471805599453,0,0
evt_55,1944,1393,1393_grp_133,教育局,education,教育第一課,133,Unknown,non_engineer,2,2056,different_department,4,15,0,0,0,0,0,0,1.6094379124341003,2.772588722239781,0,0
evt_55,1944,1393,1393_grp_133,教育局,education,教育第一課,133,Unknown,non_engineer,2,2071,different_department,8,16,0,0,0,0,0,0,2.1972245773362196,2.833213344056216,0,0
evt_55,1944,1393,1393_grp_133,教育局,education,教育第一課,133,Unknown,non_engineer,2,2072,different_department,3,1,0,0,0,0,0,0,1.3862943611198906,0.6931471805599453,0,0
evt_55,1944,1393,1393_grp_133,教育局,education,教育第一課,133,Unknown,non_engineer,2,2109,different_department,4,6,0,0,0,0,0,0,1.6094379124341003,1.9459101490553132,0,0
evt_55,1944,1393,1393_grp_133,教育局,education,教育第一課,133,Unknown,non_engineer,2,2123,different_department,2,1,0,0,0,0,0,0,1.0986122886681098,0.6931471805599453,0,0
evt_55,1944,1393,1393_grp_133,教育局,education,教育第一課,133,Unknown,non_engineer,2,2125,different_department,4,7,0,0,0,0,0,0,1.6094379124341003,2.0794415416798357,0,0
evt_55,1944,1393,1393_grp_133,教育局,education,教育第一課,133,Unknown,non_engineer,2,2138,different_department,6,5,0,0,0,0,0,0,1.9459101490553132,1.791759469228055,0,0
evt_55,1944,1393,1393_grp_133,教育局,education,教育第一課,133,Unknown,non_engineer,2,2143,different_department,1,10,0,0,0,0,0,0,0.6931471805599453,2.3978952727983707,0,0
evt_55,1944,1393,1393_grp_133,教育局,education,教育第一課,133,Unknown,non_engineer,2,2158,different_department,1,1,0,0,0,0,0,0,0.6931471805599453,0.6931471805599453,0,0
evt_55,1944,1393,1393_grp_133,教育局,education,教育第一課,133,Unknown,non_engineer,2,2174,different_department,5,4,0,0,0,0,0,0,1.791759469228055,1.6094379124341003,0,0
evt_55,1944,1393,1393_grp_133,教育局,education,教育第一課,133,Unknown,non_engineer,2,2183,different_department,7,42,0,0,0,0,0,0,2.0794415416798357,3.7612001156935624,0,0
evt_55,1944,1393,1393_grp_133,教育局,education,教育第一課,133,Unknown,non_engineer,2,2213,different_department,1,7,0,0,0,0,0,0,0.6931471805599453,2.0794415416798357,0,0
evt_55,1944,1393,1393_grp_133,教育局,education,教育第一課,133,Unknown,non_engineer,2,2221,different_department,2,1,0,0,0,0,0,0,1.0986122886681098,0.6931471805599453,0,0
evt_55,1944,1393,1393_grp_133,教育局,education,教育第一課,133,Unknown,non_engineer,2,5764,different_department,3,17,0,0,0,0,0,0,1.3862943611198906,2.8903717578961645,0,0
evt_55,1944,1393,1393_grp_133,教育局,education,教育第一課,133,Unknown,non_engineer,2,5869,different_department,1,28,0,0,0,0,0,0,0.6931471805599453,3.367295829986474,0,0
evt_55,1944,1393,1393_grp_133,教育局,education,教育第一課,133,Unknown,non_engineer,2,5908,different_department,2,27,0,0,0,0,0,0,1.0986122886681098,3.332204510175204,0,0
evt_55,1944,1393,1393_grp_133,教育局,education,教育第一課,133,Unknown,non_engineer,2,6184,different_department,2,24,0,0,0,0,0,0,1.0986122886681098,3.2188758248682006,0,0
evt_55,1944,1393,1393_grp_133,教育局,education,教育第一課,133,Unknown,non_engineer,2,6233,different_department,1,23,0,0,0,0,0,0,0.6931471805599453,3.1780538303479458,0,0
evt_55,1944,1393,1393_grp_133,教育局,education,教育第一課,133,Unknown,non_engineer,2,6328,different_department,1,26,0,0,0,0,0,0,0.6931471805599453,3.295836866004329,0,0
evt_55,1944,1393,1393_grp_133,教育局,education,教育第一課,133,Unknown,non_engineer,2,6337,different_department,4,5,0,0,0,0,0,0,1.6094379124341003,1.791759469228055,0,0
evt_55,1944,1393,1393_grp_133,教育局,education,教育第一課,133,Unknown,non_engineer,2,6701,same_department,17,12,1,0,0,0,0,1,2.8903717578961645,2.5649493574615367,0,0
evt_55,1944,1393,1393_grp_133,教育局,education,教育第一課,133,Unknown,non_engineer,2,6791,different_department,2,23,0,0,0,0,0,0,1.0986122886681098,3.1780538303479458,0,0
evt_55,1944,1393,1393_grp_133,教育局,education,教育第一課,133,Unknown,non_engineer,2,6946,different_department,3,58,0,0,0,0,0,0,1.3862943611198906,4.07753744390572,0,0
evt_55,1944,1393,1393_grp_133,教育局,education,教育第一課,133,Unknown,non_engineer,2,6953,different_department,4,25,0,0,0,0,0,0,1.6094379124341003,3.258096538021482,0,0
evt_55,1944,1393,1393_grp_133,教育局,education,教育第一課,133,Unknown,non_engineer,2,7029,different_department,2,26,0,0,0,0,0,0,1.0986122886681098,3.295836866004329,0,0
evt_55,1944,1393,1393_grp_133,教育局,education,教育第一課,133,Unknown,non_engineer,2,7051,different_department,2,9,0,0,0,0,0,0,1.0986122886681098,2.302585092994046,0,0
evt_55,1944,1393,1393_grp_133,教育局,education,教育第一課,133,Unknown,non_engineer,2,7191,different_department,1,19,0,0,0,0,0,0,0.6931471805599453,2.995732273553991,0,0
evt_55,1944,1393,1393_grp_133,教育局,education,教育第一課,133,Unknown,non_engineer,2,7235,different_department,1,23,0,0,0,0,0,0,0.6931471805599453,3.1780538303479458,0,0
evt_55,1944,1393,1393_grp_133,教育局,education,教育第一課,133,Unknown,non_engineer,2,7461,different_department,1,20,0,0,0,0,0,0,0.6931471805599453,3.044522437723423,0,0
evt_55,1944,1393,1393_grp_133,教育局,education,教育第一課,133,Unknown,non_engineer,2,7484,different_department,2,29,0,0,0,0,0,0,1.0986122886681098,3.4011973816621555,0,0
evt_55,1944,1393,1393_grp_133,教育局,education,教育第一課,133,Unknown,non_engineer,2,7492,different_department,1,26,0,0,0,0,0,0,0.6931471805599453,3.295836866004329,0,0
evt_55,1944,1393,1393_grp_133,教育局,education,教育第一課,133,Unknown,non_engineer,2,7506,different_department,7,93,1,0,0,0,0,0,2.0794415416798357,4.543294782270004,0,0
evt_55,1944,1393,1393_grp_133,教育局,education,教育第一課,133,Unknown,non_engineer,2,7525,different_department,4,5,0,0,0,0,0,0,1.6094379124341003,1.791759469228055,0,0
evt_55,1944,1393,1393_grp_133,教育局,education,教育第一課,133,Unknown,non_engineer,2,7748,different_department,4,38,0,0,0,0,0,0,1.6094379124341003,3.6635616461296463,0,0
evt_55,1944,1393,1393_grp_133,教育局,education,教育第一課,133,Unknown,non_engineer,2,7836,different_department,1,2,0,0,0,0,0,0,0.6931471805599453,1.0986122886681098,0,0
evt_55,1944,1393,1393_grp_133,教育局,education,教育第一課,133,Unknown,non_engineer,2,7910,different_department,2,30,0,0,0,0,0,0,1.0986122886681098,3.4339872044851463,0,0
evt_55,1944,1393,1393_grp_133,教育局,education,教育第一課,133,Unknown,non_engineer,2,8164,different_department,2,42,0,0,0,0,0,0,1.0986122886681098,3.7612001156935624,0,0
evt_55,1944,1393,1393_grp_133,教育局,education,教育第一課,133,Unknown,non_engineer,2,8358,different_department,1,9,0,0,0,0,0,0,0.6931471805599453,2.302585092994046,0,0
evt_55,1944,1393,1393_grp_133,教育局,education,教育第一課,133,Unknown,non_engineer,2,8426,different_department,1,3,0,0,0,0,0,0,0.6931471805599453,1.3862943611198906,0,0
evt_55,1944,1393,1393_grp_133,教育局,education,教育第一課,133,Unknown,non_engineer,2,8514,different_department,1,2,0,0,0,0,0,0,0.6931471805599453,1.0986122886681098,0,0
evt_55,1944,1393,1393_grp_133,教育局,education,教育第一課,133,Unknown,non_engineer,2,8594,different_department,1,16,0,0,0,0,0,0,0.6931471805599453,2.833213344056216,0,0
evt_55,1944,1393,1393_grp_133,教育局,education,教育第一課,133,Unknown,non_engineer,2,8664,different_department,2,8,0,0,0,0,0,0,1.0986122886681098,2.1972245773362196,0,0
evt_55,1944,1393,1393_grp_133,教育局,education,教育第一課,133,Unknown,non_engineer,2,8882,different_department,1,28,0,0,0,0,0,0,0.6931471805599453,3.367295829986474,0,0
evt_55,1944,1393,1393_grp_133,教育局,education,教育第一課,133,Unknown,non_engineer,2,8905,same_department,6,14,0,0,0,0,0,1,1.9459101490553132,2.70805020110221,0,0
evt_551,1944,6959,6959_grp_132,水道局,water,水道局工事課,132,雇,yato,1,1130,different_department,2,2,0,0,0,0,0,0,1.0986122886681098,1.0986122886681098,0,0
evt_551,1944,6959,6959_grp_132,水道局,water,水道局工事課,132,雇,yato,1,1147,different_department,2,3,0,0,0,0,0,0,1.0986122886681098,1.3862943611198906,0,0
evt_551,1944,6959,6959_grp_132,水道局,water,水道局工事課,132,雇,yato,1,1190,different_department,10,20,0,0,0,0,0,0,2.3978952727983707,3.044522437723423,0,0
evt_551,1944,6959,6959_grp_132,水道局,water,水道局工事課,132,雇,yato,1,1449,different_department,11,20,0,0,0,0,0,0,2.4849066497880004,3.044522437723423,0,0
evt_551,1944,6959,6959_grp_132,水道局,water,水道局工事課,132,雇,yato,1,1478,different_department,7,5,0,0,0,0,0,0,2.0794415416798357,1.791759469228055,0,0
evt_551,1944,6959,6959_grp_132,水道局,water,水道局工事課,132,雇,yato,1,1555,different_department,14,11,0,0,0,0,0,0,2.70805020110221,2.4849066497880004,0,0
evt_551,1944,6959,6959_grp_132,水道局,water,水道局工事課,132,雇,yato,1,1566,different_department,1,3,0,0,0,0,0,0,0.6931471805599453,1.3862943611198906,0,0
evt_551,1944,6959,6959_grp_132,水道局,water,水道局工事課,132,雇,yato,1,1642,different_department,4,15,0,0,0,0,0,0,1.6094379124341003,2.772588722239781,0,0
evt_551,1944,6959,6959_grp_132,水道局,water,水道局工事課,132,雇,yato,1,1697,different_department,2,2,0,0,0,0,0,0,1.0986122886681098,1.0986122886681098,0,0
evt_551,1944,6959,6959_grp_132,水道局,water,水道局工事課,132,雇,yato,1,1752,different_department,7,11,0,0,0,0,0,0,2.0794415416798357,2.4849066497880004,0,0
evt_551,1944,6959,6959_grp_132,水道局,water,水道局工事課,132,雇,yato,1,1896,different_department,5,1,0,0,0,0,0,0,1.791759469228055,0.6931471805599453,0,0
evt_551,1944,6959,6959_grp_132,水道局,water,水道局工事課,132,雇,yato,1,1906,same_department,1,15,0,0,0,0,0,1,0.6931471805599453,2.772588722239781,0,0
evt_551,1944,6959,6959_grp_132,水道局,water,水道局工事課,132,雇,yato,1,1972,different_department,1,13,0,0,0,0,0,0,0.6931471805599453,2.6390573296152584,0,0
evt_551,1944,6959,6959_grp_132,水道局,water,水道局工事課,132,雇,yato,1,1989,different_department,1,41,0,0,0,0,0,0,0.6931471805599453,3.7376696182833684,0,0
evt_551,1944,6959,6959_grp_132,水道局,water,水道局工事課,132,雇,yato,1,2051,different_department,3,1,0,0,0,0,0,0,1.3862943611198906,0.6931471805599453,0,0
evt_551,1944,6959,6959_grp_132,水道局,water,水道局工事課,132,雇,yato,1,2056,different_department,6,15,0,0,0,0,0,0,1.9459101490553132,2.772588722239781,0,0
evt_551,1944,6959,6959_grp_132,水道局,water,水道局工事課,132,雇,yato,1,2071,different_department,1,16,0,0,0,0,0,0,0.6931471805599453,2.833213344056216,0,0
evt_551,1944,6959,6959_grp_132,水道局,water,水道局工事課,132,雇,yato,1,2109,different_department,5,6,0,0,0,0,0,0,1.791759469228055,1.9459101490553132,0,0
evt_551,1944,6959,6959_grp_132,水道局,water,水道局工事課,132,雇,yato,1,2118,different_department,2,16,0,0,0,0,0,0,1.0986122886681098,2.833213344056216,0,0
evt_551,1944,6959,6959_grp_132,水道局,water,水道局工事課,132,雇,yato,1,2123,different_department,2,1,0,0,0,0,0,0,1.0986122886681098,0.6931471805599453,0,0
evt_551,1944,6959,6959_grp_132,水道局,water,水道局工事課,132,雇,yato,1,2125,different_department,5,7,0,0,0,0,0,0,1.791759469228055,2.0794415416798357,0,0
evt_551,1944,6959,6959_grp_132,水道局,water,水道局工事課,132,雇,yato,1,2143,different_department,4,10,0,0,0,0,0,0,1.6094379124341003,2.3978952727983707,0,0
evt_551,1944,6959,6959_grp_132,水道局,water,水道局工事課,132,雇,yato,1,2213,different_department,7,7,0,0,0,0,0,0,2.0794415416798357,2.0794415416798357,0,0
evt_551,1944,6959,6959_grp_132,水道局,water,水道局工事課,132,雇,yato,1,5869,different_department,3,28,0,0,0,0,0,0,1.3862943611198906,3.367295829986474,0,0
evt_551,1944,6959,6959_grp_132,水道局,water,水道局工事課,132,雇,yato,1,6328,different_department,5,26,0,0,0,0,0,0,1.791759469228055,3.295836866004329,0,0
evt_551,1944,6959,6959_grp_132,水道局,water,水道局工事課,132,雇,yato,1,6415,same_department,1,1,0,0,0,0,0,1,0.6931471805599453,0.6931471805599453,0,0
evt_551,1944,6959,6959_grp_132,水道局,water,水道局工事課,132,雇,yato,1,6501,different_department,1,2,0,0,0,0,0,0,0.6931471805599453,1.0986122886681098,0,0
evt_551,1944,6959,6959_grp_132,水道局,water,水道局工事課,132,雇,yato,1,6701,different_department,1,12,0,0,0,0,0,0,0.6931471805599453,2.5649493574615367,0,0
evt_551,1944,6959,6959_grp_132,水道局,water,水道局工事課,132,雇,yato,1,6843,different_department,12,4,0,0,0,0,0,0,2.5649493574615367,1.6094379124341003,0,0
evt_551,1944,6959,6959_grp_132,水道局,water,水道局工事課,132,雇,yato,1,6844,different_department,1,6,0,0,0,0,0,0,0.6931471805599453,1.9459101490553132,0,0
evt_551,1944,6959,6959_grp_132,水道局,water,水道局工事課,132,雇,yato,1,6845,different_department,2,16,0,0,0,0,0,0,1.0986122886681098,2.833213344056216,0,0
evt_551,1944,6959,6959_grp_132,水道局,water,水道局工事課,132,雇,yato,1,6953,same_department,19,25,1,0,0,0,0,1,2.995732273553991,3.258096538021482,0,0
evt_551,1944,6959,6959_grp_132,水道局,water,水道局工事課,132,雇,yato,1,7506,different_department,2,93,0,0,0,0,0,0,1.0986122886681098,4.543294782270004,0,0
evt_551,1944,6959,6959_grp_132,水道局,water,水道局工事課,132,雇,yato,1,7525,different_department,4,5,0,0,0,0,0,0,1.6094379124341003,1.791759469228055,0,0
evt_551,1944,6959,6959_grp_132,水道局,water,水道局工事課,132,雇,yato,1,7782,different_department,5,32,0,0,0,0,0,0,1.791759469228055,3.4965075614664802,0,0
evt_551,1944,6959,6959_grp_132,水道局,water,水道局工事課,132,雇,yato,1,8164,different_department,7,9,0,0,0,0,0,0,2.0794415416798357,2.302585092994046,0,0
evt_551,1944,6959,6959_grp_132,水道局,water,水道局工事課,132,雇,yato,1,8321,different_department,4,7,0,0,0,0,0,0,1.6094379124341003,2.0794415416798357,0,0
evt_551,1944,6959,6959_grp_132,水道局,water,水道局工事課,132,雇,yato,1,8358,different_department,15,81,0,0,0,0,0,0,2.772588722239781,4.406719247264253,0,0
evt_551,1944,6959,6959_grp_132,水道局,water,水道局工事課,132,雇,yato,1,8490,same_department,11,37,0,0,0,0,0,1,2.4849066497880004,3.6375861597263857,0,0
evt_551,1944,6959,6959_grp_132,水道局,water,水道局工事課,132,雇,yato,1,8594,different_department,7,16,0,0,0,0,0,0,2.0794415416798357,2.833213344056216,0,0
evt_551,1944,6959,6959_grp_132,水道局,water,水道局工事課,132,雇,yato,1,8757,different_department,4,7,0,0,0,0,0,0,1.6094379124341003,2.0794415416798357,0,0
evt_551,1944,6959,6959_grp_132,水道局,water,水道局工事課,132,雇,yato,1,8882,different_department,1,28,0,0,0,0,0,0,0.6931471805599453,3.367295829986474,0,0
evt_551,1944,6959,6959_grp_132,水道局,water,水道局工事課,132,雇,yato,1,8899,different_department,4,9,0,0,0,0,0,0,1.6094379124341003,2.302585092994046,0,0
evt_551,1944,6959,6959_grp_132,水道局,water,水道局工事課,132,雇,yato,1,8905,different_department,19,14,0,0,0,0,0,0,2.995732273553991,2.70805020110221,0,0
evt_551,1944,6959,6959_grp_132,水道局,water,水道局工事課,132,雇,yato,1,8946,different_department,1,29,0,0,0,0,0,0,0.6931471805599453,3.4011973816621555,0,0
evt_551,1944,6959,6959_grp_132,水道局,water,水道局工事課,132,雇,yato,1,8994,different_department,13,28,0,0,0,0,0,0,2.6390573296152584,3.367295829986474,0,0
evt_551,1944,6959,6959_grp_132,水道局,water,水道局工事課,132,雇,yato,1,8996,different_department,2,2,0,0,0,0,0,0,1.0986122886681098,1.0986122886681098,0,0
evt_552,1944,6960,6960_grp_61,水道局,water,水道局庶務課,61,雇,yato,1,1130,different_department,2,2,0,0,0,0,0,0,1.0986122886681098,1.0986122886681098,0,0
evt_552,1944,6960,6960_grp_61,水道局,water,水道局庶務課,61,雇,yato,1,1147,different_department,2,3,0,0,0,0,0,0,1.0986122886681098,1.3862943611198906,0,0
evt_552,1944,6960,6960_grp_61,水道局,water,水道局庶務課,61,雇,yato,1,1190,different_department,10,20,0,0,0,0,0,0,2.3978952727983707,3.044522437723423,0,0
evt_552,1944,6960,6960_grp_61,水道局,water,水道局庶務課,61,雇,yato,1,1449,different_department,11,20,1,0,0,0,0,0,2.4849066497880004,3.044522437723423,0,0
evt_552,1944,6960,6960_grp_61,水道局,water,水道局庶務課,61,雇,yato,1,1478,different_department,7,5,0,0,0,0,0,0,2.0794415416798357,1.791759469228055,0,0
evt_552,1944,6960,6960_grp_61,水道局,water,水道局庶務課,61,雇,yato,1,1555,different_department,14,11,0,0,0,0,0,0,2.70805020110221,2.4849066497880004,0,0
evt_552,1944,6960,6960_grp_61,水道局,water,水道局庶務課,61,雇,yato,1,1566,different_department,1,3,0,0,0,0,0,0,0.6931471805599453,1.3862943611198906,0,0
evt_552,1944,6960,6960_grp_61,水道局,water,水道局庶務課,61,雇,yato,1,1642,different_department,4,15,0,0,0,0,0,0,1.6094379124341003,2.772588722239781,0,0
evt_552,1944,6960,6960_grp_61,水道局,water,水道局庶務課,61,雇,yato,1,1697,different_department,2,2,0,0,0,0,0,0,1.0986122886681098,1.0986122886681098,0,0
evt_552,1944,6960,6960_grp_61,水道局,water,水道局庶務課,61,雇,yato,1,1752,different_department,7,11,0,0,0,0,0,0,2.0794415416798357,2.4849066497880004,0,0
evt_552,1944,6960,6960_grp_61,水道局,water,水道局庶務課,61,雇,yato,1,1896,different_department,5,1,0,0,0,0,0,0,1.791759469228055,0.6931471805599453,0,0
evt_552,1944,6960,6960_grp_61,水道局,water,水道局庶務課,61,雇,yato,1,1906,same_department,1,15,0,0,0,0,0,1,0.6931471805599453,2.772588722239781,0,0
evt_552,1944,6960,6960_grp_61,水道局,water,水道局庶務課,61,雇,yato,1,1972,different_department,1,13,0,0,0,0,0,0,0.6931471805599453,2.6390573296152584,0,0
evt_552,1944,6960,6960_grp_61,水道局,water,水道局庶務課,61,雇,yato,1,1989,different_department,1,41,0,0,0,0,0,0,0.6931471805599453,3.7376696182833684,0,0
evt_552,1944,6960,6960_grp_61,水道局,water,水道局庶務課,61,雇,yato,1,2051,different_department,3,1,0,0,0,0,0,0,1.3862943611198906,0.6931471805599453,0,0
evt_552,1944,6960,6960_grp_61,水道局,water,水道局庶務課,61,雇,yato,1,2056,different_department,6,15,0,0,0,0,0,0,1.9459101490553132,2.772588722239781,0,0
evt_552,1944,6960,6960_grp_61,水道局,water,水道局庶務課,61,雇,yato,1,2071,different_department,1,16,0,0,0,0,0,0,0.6931471805599453,2.833213344056216,0,0
evt_552,1944,6960,6960_grp_61,水道局,water,水道局庶務課,61,雇,yato,1,2109,different_department,5,6,0,0,0,0,0,0,1.791759469228055,1.9459101490553132,0,0
evt_552,1944,6960,6960_grp_61,水道局,water,水道局庶務課,61,雇,yato,1,2118,different_department,2,16,0,0,0,0,0,0,1.0986122886681098,2.833213344056216,0,0
evt_552,1944,6960,6960_grp_61,水道局,water,水道局庶務課,61,雇,yato,1,2123,different_department,2,1,0,0,0,0,0,0,1.0986122886681098,0.6931471805599453,0,0
evt_552,1944,6960,6960_grp_61,水道局,water,水道局庶務課,61,雇,yato,1,2125,different_department,5,7,0,0,0,0,0,0,1.791759469228055,2.0794415416798357,0,0
evt_552,1944,6960,6960_grp_61,水道局,water,水道局庶務課,61,雇,yato,1,2143,different_department,4,10,0,0,0,0,0,0,1.6094379124341003,2.3978952727983707,0,0
evt_552,1944,6960,6960_grp_61,水道局,water,水道局庶務課,61,雇,yato,1,2213,different_department,7,7,0,0,0,0,0,0,2.0794415416798357,2.0794415416798357,0,0
evt_552,1944,6960,6960_grp_61,水道局,water,水道局庶務課,61,雇,yato,1,5869,different_department,3,28,0,0,0,0,0,0,1.3862943611198906,3.367295829986474,0,0
evt_552,1944,6960,6960_grp_61,水道局,water,水道局庶務課,61,雇,yato,1,6328,different_department,5,26,0,0,0,0,0,0,1.791759469228055,3.295836866004329,0,0
evt_552,1944,6960,6960_grp_61,水道局,water,水道局庶務課,61,雇,yato,1,6415,same_department,1,1,0,0,0,0,0,1,0.6931471805599453,0.6931471805599453,0,0
evt_552,1944,6960,6960_grp_61,水道局,water,水道局庶務課,61,雇,yato,1,6501,different_department,1,2,0,0,0,0,0,0,0.6931471805599453,1.0986122886681098,0,0
evt_552,1944,6960,6960_grp_61,水道局,water,水道局庶務課,61,雇,yato,1,6701,different_department,1,12,0,0,0,0,0,0,0.6931471805599453,2.5649493574615367,0,0
evt_552,1944,6960,6960_grp_61,水道局,water,水道局庶務課,61,雇,yato,1,6843,different_department,12,4,0,0,0,0,0,0,2.5649493574615367,1.6094379124341003,0,0
evt_552,1944,6960,6960_grp_61,水道局,water,水道局庶務課,61,雇,yato,1,6844,different_department,1,6,0,0,0,0,0,0,0.6931471805599453,1.9459101490553132,0,0
evt_552,1944,6960,6960_grp_61,水道局,water,水道局庶務課,61,雇,yato,1,6845,different_department,2,16,0,0,0,0,0,0,1.0986122886681098,2.833213344056216,0,0
evt_552,1944,6960,6960_grp_61,水道局,water,水道局庶務課,61,雇,yato,1,6953,same_department,19,25,0,0,0,0,0,1,2.995732273553991,3.258096538021482,0,0
evt_552,1944,6960,6960_grp_61,水道局,water,水道局庶務課,61,雇,yato,1,7506,different_department,2,93,0,0,0,0,0,0,1.0986122886681098,4.543294782270004,0,0
evt_552,1944,6960,6960_grp_61,水道局,water,水道局庶務課,61,雇,yato,1,7525,different_department,4,5,0,0,0,0,0,0,1.6094379124341003,1.791759469228055,0,0
evt_552,1944,6960,6960_grp_61,水道局,water,水道局庶務課,61,雇,yato,1,7782,different_department,5,32,0,0,0,0,0,0,1.791759469228055,3.4965075614664802,0,0
evt_552,1944,6960,6960_grp_61,水道局,water,水道局庶務課,61,雇,yato,1,8164,different_department,7,9,0,0,0,0,0,0,2.0794415416798357,2.302585092994046,0,0
evt_552,1944,6960,6960_grp_61,水道局,water,水道局庶務課,61,雇,yato,1,8321,different_department,4,7,0,0,0,0,0,0,1.6094379124341003,2.0794415416798357,0,0
evt_552,1944,6960,6960_grp_61,水道局,water,水道局庶務課,61,雇,yato,1,8358,different_department,15,81,0,0,0,0,0,0,2.772588722239781,4.406719247264253,0,0
evt_552,1944,6960,6960_grp_61,水道局,water,水道局庶務課,61,雇,yato,1,8490,same_department,11,37,0,0,0,0,0,1,2.4849066497880004,3.6375861597263857,0,0
evt_552,1944,6960,6960_grp_61,水道局,water,水道局庶務課,61,雇,yato,1,8594,different_department,7,16,0,0,0,0,0,0,2.0794415416798357,2.833213344056216,0,0
evt_552,1944,6960,6960_grp_61,水道局,water,水道局庶務課,61,雇,yato,1,8757,different_department,4,7,0,0,0,0,0,0,1.6094379124341003,2.0794415416798357,0,0
evt_552,1944,6960,6960_grp_61,水道局,water,水道局庶務課,61,雇,yato,1,8882,different_department,1,28,0,0,0,0,0,0,0.6931471805599453,3.367295829986474,0,0
evt_552,1944,6960,6960_grp_61,水道局,water,水道局庶務課,61,雇,yato,1,8899,different_department,4,9,0,0,0,0,0,0,1.6094379124341003,2.302585092994046,0,0
evt_552,1944,6960,6960_grp_61,水道局,water,水道局庶務課,61,雇,yato,1,8905,different_department,19,14,0,0,0,0,0,0,2.995732273553991,2.70805020110221,0,0
evt_552,1944,6960,6960_grp_61,水道局,water,水道局庶務課,61,雇,yato,1,8946,different_department,1,29,0,0,0,0,0,0,0.6931471805599453,3.4011973816621555,0,0
evt_552,1944,6960,6960_grp_61,水道局,water,水道局庶務課,61,雇,yato,1,8994,different_department,13,28,0,0,0,0,0,0,2.6390573296152584,3.367295829986474,0,0
evt_552,1944,6960,6960_grp_61,水道局,water,水道局庶務課,61,雇,yato,1,8996,different_department,2,2,0,0,0,0,0,0,1.0986122886681098,1.0986122886681098,0,0
evt_564,1944,7048,7048_name_清掃課,民生局,welfare,清掃課,NA,監視,non_engineer,2,1190,different_department,23,20,1,0,0,0,0,0,3.1780538303479458,3.044522437723423,0,0
evt_564,1944,7048,7048_name_清掃課,民生局,welfare,清掃課,NA,監視,non_engineer,2,1676,different_department,1,16,0,0,0,0,0,0,0.6931471805599453,2.833213344056216,0,0
evt_564,1944,7048,7048_name_清掃課,民生局,welfare,清掃課,NA,監視,non_engineer,2,1896,same_department,1,1,0,0,0,0,0,1,0.6931471805599453,0.6931471805599453,0,0
evt_564,1944,7048,7048_name_清掃課,民生局,welfare,清掃課,NA,監視,non_engineer,2,2056,different_department,26,15,1,0,0,0,0,0,3.295836866004329,2.772588722239781,0,0
evt_564,1944,7048,7048_name_清掃課,民生局,welfare,清掃課,NA,監視,non_engineer,2,6337,different_department,4,5,0,0,0,0,0,0,1.6094379124341003,1.791759469228055,0,0
evt_564,1944,7048,7048_name_清掃課,民生局,welfare,清掃課,NA,監視,non_engineer,2,7051,different_department,8,9,1,0,0,0,0,0,2.1972245773362196,2.302585092994046,0,0
evt_564,1944,7048,7048_name_清掃課,民生局,welfare,清掃課,NA,監視,non_engineer,2,7525,different_department,5,5,0,0,0,0,0,0,1.791759469228055,1.791759469228055,0,0
evt_565,1944,7048,7048_name_清掃課,民生局,welfare,清掃課,NA,雇,yato,1,1130,different_department,2,2,0,0,0,0,0,0,1.0986122886681098,1.0986122886681098,0,0
evt_565,1944,7048,7048_name_清掃課,民生局,welfare,清掃課,NA,雇,yato,1,1147,different_department,2,3,0,0,0,0,0,0,1.0986122886681098,1.3862943611198906,0,0
evt_565,1944,7048,7048_name_清掃課,民生局,welfare,清掃課,NA,雇,yato,1,1190,different_department,10,20,0,0,0,0,0,0,2.3978952727983707,3.044522437723423,0,0
evt_565,1944,7048,7048_name_清掃課,民生局,welfare,清掃課,NA,雇,yato,1,1225,different_department,1,1,0,0,0,0,0,0,0.6931471805599453,0.6931471805599453,0,0
evt_565,1944,7048,7048_name_清掃課,民生局,welfare,清掃課,NA,雇,yato,1,1449,different_department,11,20,0,0,0,0,0,0,2.4849066497880004,3.044522437723423,0,0
evt_565,1944,7048,7048_name_清掃課,民生局,welfare,清掃課,NA,雇,yato,1,1478,same_department,7,5,0,0,0,0,0,1,2.0794415416798357,1.791759469228055,0,0
evt_565,1944,7048,7048_name_清掃課,民生局,welfare,清掃課,NA,雇,yato,1,1555,different_department,14,11,0,0,0,0,0,0,2.70805020110221,2.4849066497880004,0,0
evt_565,1944,7048,7048_name_清掃課,民生局,welfare,清掃課,NA,雇,yato,1,1566,same_department,1,3,0,0,0,0,0,1,0.6931471805599453,1.3862943611198906,0,0
evt_565,1944,7048,7048_name_清掃課,民生局,welfare,清掃課,NA,雇,yato,1,1642,same_department,4,15,0,0,0,0,0,1,1.6094379124341003,2.772588722239781,0,0
evt_565,1944,7048,7048_name_清掃課,民生局,welfare,清掃課,NA,雇,yato,1,1697,same_department,2,2,0,1,0.6931471805599453,1,0,1,1.0986122886681098,1.0986122886681098,0,0
evt_565,1944,7048,7048_name_清掃課,民生局,welfare,清掃課,NA,雇,yato,1,1752,different_department,7,11,0,0,0,0,0,0,2.0794415416798357,2.4849066497880004,0,0
evt_565,1944,7048,7048_name_清掃課,民生局,welfare,清掃課,NA,雇,yato,1,1896,same_department,5,1,0,0,0,0,0,1,1.791759469228055,0.6931471805599453,0,0
evt_565,1944,7048,7048_name_清掃課,民生局,welfare,清掃課,NA,雇,yato,1,1906,different_department,1,15,0,0,0,0,0,0,0.6931471805599453,2.772588722239781,0,0
evt_565,1944,7048,7048_name_清掃課,民生局,welfare,清掃課,NA,雇,yato,1,1972,different_department,1,13,0,1,0.6931471805599453,1,0,0,0.6931471805599453,2.6390573296152584,0,0
evt_565,1944,7048,7048_name_清掃課,民生局,welfare,清掃課,NA,雇,yato,1,1989,different_department,1,41,0,2,1.0986122886681098,1,0,0,0.6931471805599453,3.7376696182833684,0,0
evt_565,1944,7048,7048_name_清掃課,民生局,welfare,清掃課,NA,雇,yato,1,2051,different_department,3,1,0,0,0,0,0,0,1.3862943611198906,0.6931471805599453,0,0
evt_565,1944,7048,7048_name_清掃課,民生局,welfare,清掃課,NA,雇,yato,1,2056,different_department,6,15,1,0,0,0,0,0,1.9459101490553132,2.772588722239781,0,0
evt_565,1944,7048,7048_name_清掃課,民生局,welfare,清掃課,NA,雇,yato,1,2071,different_department,1,16,0,0,0,0,0,0,0.6931471805599453,2.833213344056216,0,0
evt_565,1944,7048,7048_name_清掃課,民生局,welfare,清掃課,NA,雇,yato,1,2109,different_department,5,6,0,0,0,0,0,0,1.791759469228055,1.9459101490553132,0,0
evt_565,1944,7048,7048_name_清掃課,民生局,welfare,清掃課,NA,雇,yato,1,2118,different_department,2,16,0,1,0.6931471805599453,1,0,0,1.0986122886681098,2.833213344056216,0,0
evt_565,1944,7048,7048_name_清掃課,民生局,welfare,清掃課,NA,雇,yato,1,2123,different_department,2,1,0,0,0,0,0,0,1.0986122886681098,0.6931471805599453,0,0
evt_565,1944,7048,7048_name_清掃課,民生局,welfare,清掃課,NA,雇,yato,1,2125,same_department,5,7,0,0,0,0,0,1,1.791759469228055,2.0794415416798357,0,0
evt_565,1944,7048,7048_name_清掃課,民生局,welfare,清掃課,NA,雇,yato,1,2138,different_department,3,5,0,0,0,0,0,0,1.3862943611198906,1.791759469228055,0,0
evt_565,1944,7048,7048_name_清掃課,民生局,welfare,清掃課,NA,雇,yato,1,2143,different_department,4,10,0,0,0,0,0,0,1.6094379124341003,2.3978952727983707,0,0
evt_565,1944,7048,7048_name_清掃課,民生局,welfare,清掃課,NA,雇,yato,1,2158,different_department,3,1,0,0,0,0,0,0,1.3862943611198906,0.6931471805599453,0,0
evt_565,1944,7048,7048_name_清掃課,民生局,welfare,清掃課,NA,雇,yato,1,2159,different_department,2,4,0,0,0,0,0,0,1.0986122886681098,1.6094379124341003,0,0
evt_565,1944,7048,7048_name_清掃課,民生局,welfare,清掃課,NA,雇,yato,1,2213,same_department,7,7,0,0,0,0,0,1,2.0794415416798357,2.0794415416798357,0,0
evt_565,1944,7048,7048_name_清掃課,民生局,welfare,清掃課,NA,雇,yato,1,5869,different_department,3,28,0,0,0,0,0,0,1.3862943611198906,3.367295829986474,0,0
evt_565,1944,7048,7048_name_清掃課,民生局,welfare,清掃課,NA,雇,yato,1,6328,different_department,5,26,0,0,0,0,0,0,1.791759469228055,3.295836866004329,0,0
evt_565,1944,7048,7048_name_清掃課,民生局,welfare,清掃課,NA,雇,yato,1,6415,different_department,1,1,0,0,0,0,0,0,0.6931471805599453,0.6931471805599453,0,0
evt_565,1944,7048,7048_name_清掃課,民生局,welfare,清掃課,NA,雇,yato,1,6501,different_department,1,2,0,0,0,0,0,0,0.6931471805599453,1.0986122886681098,0,0
evt_565,1944,7048,7048_name_清掃課,民生局,welfare,清掃課,NA,雇,yato,1,6641,different_department,1,1,0,0,0,0,0,0,0.6931471805599453,0.6931471805599453,0,0
evt_565,1944,7048,7048_name_清掃課,民生局,welfare,清掃課,NA,雇,yato,1,6701,different_department,1,12,0,0,0,0,0,0,0.6931471805599453,2.5649493574615367,0,0
evt_565,1944,7048,7048_name_清掃課,民生局,welfare,清掃課,NA,雇,yato,1,6843,different_department,12,4,0,0,0,0,0,0,2.5649493574615367,1.6094379124341003,0,0
evt_565,1944,7048,7048_name_清掃課,民生局,welfare,清掃課,NA,雇,yato,1,6844,different_department,1,6,0,0,0,0,0,0,0.6931471805599453,1.9459101490553132,0,0
evt_565,1944,7048,7048_name_清掃課,民生局,welfare,清掃課,NA,雇,yato,1,6845,different_department,2,16,0,0,0,0,0,0,1.0986122886681098,2.833213344056216,0,0
evt_565,1944,7048,7048_name_清掃課,民生局,welfare,清掃課,NA,雇,yato,1,6953,different_department,19,25,0,0,0,0,0,0,2.995732273553991,3.258096538021482,0,0
evt_565,1944,7048,7048_name_清掃課,民生局,welfare,清掃課,NA,雇,yato,1,7506,different_department,2,93,0,2,1.0986122886681098,1,0,0,1.0986122886681098,4.543294782270004,0,0
evt_565,1944,7048,7048_name_清掃課,民生局,welfare,清掃課,NA,雇,yato,1,7525,different_department,4,5,0,0,0,0,0,0,1.6094379124341003,1.791759469228055,0,0
evt_565,1944,7048,7048_name_清掃課,民生局,welfare,清掃課,NA,雇,yato,1,7782,different_department,5,32,0,0,0,0,0,0,1.791759469228055,3.4965075614664802,0,0
evt_565,1944,7048,7048_name_清掃課,民生局,welfare,清掃課,NA,雇,yato,1,8164,different_department,7,9,0,0,0,0,0,0,2.0794415416798357,2.302585092994046,0,0
evt_565,1944,7048,7048_name_清掃課,民生局,welfare,清掃課,NA,雇,yato,1,8321,different_department,4,7,0,0,0,0,0,0,1.6094379124341003,2.0794415416798357,0,0
evt_565,1944,7048,7048_name_清掃課,民生局,welfare,清掃課,NA,雇,yato,1,8358,different_department,15,81,0,0,0,0,0,0,2.772588722239781,4.406719247264253,0,0
evt_565,1944,7048,7048_name_清掃課,民生局,welfare,清掃課,NA,雇,yato,1,8490,different_department,11,37,0,0,0,0,0,0,2.4849066497880004,3.6375861597263857,0,0
evt_565,1944,7048,7048_name_清掃課,民生局,welfare,清掃課,NA,雇,yato,1,8594,different_department,7,16,0,0,0,0,0,0,2.0794415416798357,2.833213344056216,0,0
evt_565,1944,7048,7048_name_清掃課,民生局,welfare,清掃課,NA,雇,yato,1,8757,different_department,4,7,0,0,0,0,0,0,1.6094379124341003,2.0794415416798357,0,0
evt_565,1944,7048,7048_name_清掃課,民生局,welfare,清掃課,NA,雇,yato,1,8882,different_department,1,28,0,0,0,0,0,0,0.6931471805599453,3.367295829986474,0,0
evt_565,1944,7048,7048_name_清掃課,民生局,welfare,清掃課,NA,雇,yato,1,8899,different_department,4,9,0,0,0,0,0,0,1.6094379124341003,2.302585092994046,0,0
evt_565,1944,7048,7048_name_清掃課,民生局,welfare,清掃課,NA,雇,yato,1,8905,different_department,19,14,0,0,0,0,0,0,2.995732273553991,2.70805020110221,0,0
evt_565,1944,7048,7048_name_清掃課,民生局,welfare,清掃課,NA,雇,yato,1,8946,different_department,1,29,0,0,0,0,0,0,0.6931471805599453,3.4011973816621555,0,0
evt_565,1944,7048,7048_name_清掃課,民生局,welfare,清掃課,NA,雇,yato,1,8994,different_department,13,28,0,31,3.4657359027997265,1,0,0,2.6390573296152584,3.367295829986474,0,0
evt_565,1944,7048,7048_name_清掃課,民生局,welfare,清掃課,NA,雇,yato,1,8996,different_department,2,2,0,0,0,0,0,0,1.0986122886681098,1.0986122886681098,0,0
evt_568,1944,7052,7052_name_清日課,民生局,welfare,清日課,NA,雇,yato,1,1130,different_department,2,2,0,0,0,0,0,0,1.0986122886681098,1.0986122886681098,0,0
evt_568,1944,7052,7052_name_清日課,民生局,welfare,清日課,NA,雇,yato,1,1147,different_department,2,3,0,0,0,0,0,0,1.0986122886681098,1.3862943611198906,0,0
evt_568,1944,7052,7052_name_清日課,民生局,welfare,清日課,NA,雇,yato,1,1190,different_department,10,20,0,0,0,0,0,0,2.3978952727983707,3.044522437723423,0,0
evt_568,1944,7052,7052_name_清日課,民生局,welfare,清日課,NA,雇,yato,1,1225,different_department,1,1,0,0,0,0,0,0,0.6931471805599453,0.6931471805599453,0,0
evt_568,1944,7052,7052_name_清日課,民生局,welfare,清日課,NA,雇,yato,1,1449,different_department,11,20,0,0,0,0,0,0,2.4849066497880004,3.044522437723423,0,0
evt_568,1944,7052,7052_name_清日課,民生局,welfare,清日課,NA,雇,yato,1,1478,same_department,7,5,0,0,0,0,0,1,2.0794415416798357,1.791759469228055,0,0
evt_568,1944,7052,7052_name_清日課,民生局,welfare,清日課,NA,雇,yato,1,1555,different_department,14,11,0,0,0,0,0,0,2.70805020110221,2.4849066497880004,0,0
evt_568,1944,7052,7052_name_清日課,民生局,welfare,清日課,NA,雇,yato,1,1566,same_department,1,3,0,0,0,0,0,1,0.6931471805599453,1.3862943611198906,0,0
evt_568,1944,7052,7052_name_清日課,民生局,welfare,清日課,NA,雇,yato,1,1642,same_department,4,15,0,0,0,0,0,1,1.6094379124341003,2.772588722239781,0,0
evt_568,1944,7052,7052_name_清日課,民生局,welfare,清日課,NA,雇,yato,1,1697,same_department,2,2,0,0,0,0,0,1,1.0986122886681098,1.0986122886681098,0,0
evt_568,1944,7052,7052_name_清日課,民生局,welfare,清日課,NA,雇,yato,1,1752,different_department,7,11,0,0,0,0,0,0,2.0794415416798357,2.4849066497880004,0,0
evt_568,1944,7052,7052_name_清日課,民生局,welfare,清日課,NA,雇,yato,1,1896,same_department,5,1,0,0,0,0,0,1,1.791759469228055,0.6931471805599453,0,0
evt_568,1944,7052,7052_name_清日課,民生局,welfare,清日課,NA,雇,yato,1,1906,different_department,1,15,0,0,0,0,0,0,0.6931471805599453,2.772588722239781,0,0
evt_568,1944,7052,7052_name_清日課,民生局,welfare,清日課,NA,雇,yato,1,1972,different_department,1,13,0,0,0,0,0,0,0.6931471805599453,2.6390573296152584,0,0
evt_568,1944,7052,7052_name_清日課,民生局,welfare,清日課,NA,雇,yato,1,1989,different_department,1,41,0,0,0,0,0,0,0.6931471805599453,3.7376696182833684,0,0
evt_568,1944,7052,7052_name_清日課,民生局,welfare,清日課,NA,雇,yato,1,2051,different_department,3,1,0,0,0,0,0,0,1.3862943611198906,0.6931471805599453,0,0
evt_568,1944,7052,7052_name_清日課,民生局,welfare,清日課,NA,雇,yato,1,2056,different_department,6,15,0,0,0,0,0,0,1.9459101490553132,2.772588722239781,0,0
evt_568,1944,7052,7052_name_清日課,民生局,welfare,清日課,NA,雇,yato,1,2071,different_department,1,16,0,0,0,0,0,0,0.6931471805599453,2.833213344056216,0,0
evt_568,1944,7052,7052_name_清日課,民生局,welfare,清日課,NA,雇,yato,1,2109,different_department,5,6,0,0,0,0,0,0,1.791759469228055,1.9459101490553132,0,0
evt_568,1944,7052,7052_name_清日課,民生局,welfare,清日課,NA,雇,yato,1,2118,different_department,2,16,0,0,0,0,0,0,1.0986122886681098,2.833213344056216,0,0
evt_568,1944,7052,7052_name_清日課,民生局,welfare,清日課,NA,雇,yato,1,2123,different_department,2,1,0,0,0,0,0,0,1.0986122886681098,0.6931471805599453,0,0
evt_568,1944,7052,7052_name_清日課,民生局,welfare,清日課,NA,雇,yato,1,2125,same_department,5,7,0,0,0,0,0,1,1.791759469228055,2.0794415416798357,0,0
evt_568,1944,7052,7052_name_清日課,民生局,welfare,清日課,NA,雇,yato,1,2138,different_department,3,5,0,0,0,0,0,0,1.3862943611198906,1.791759469228055,0,0
evt_568,1944,7052,7052_name_清日課,民生局,welfare,清日課,NA,雇,yato,1,2143,different_department,4,10,0,0,0,0,0,0,1.6094379124341003,2.3978952727983707,0,0
evt_568,1944,7052,7052_name_清日課,民生局,welfare,清日課,NA,雇,yato,1,2158,different_department,3,1,0,0,0,0,0,0,1.3862943611198906,0.6931471805599453,0,0
evt_568,1944,7052,7052_name_清日課,民生局,welfare,清日課,NA,雇,yato,1,2159,different_department,2,4,0,0,0,0,0,0,1.0986122886681098,1.6094379124341003,0,0
evt_568,1944,7052,7052_name_清日課,民生局,welfare,清日課,NA,雇,yato,1,2213,same_department,7,7,0,0,0,0,0,1,2.0794415416798357,2.0794415416798357,0,0
evt_568,1944,7052,7052_name_清日課,民生局,welfare,清日課,NA,雇,yato,1,5869,different_department,3,28,0,0,0,0,0,0,1.3862943611198906,3.367295829986474,0,0
evt_568,1944,7052,7052_name_清日課,民生局,welfare,清日課,NA,雇,yato,1,6328,different_department,5,26,0,0,0,0,0,0,1.791759469228055,3.295836866004329,0,0
evt_568,1944,7052,7052_name_清日課,民生局,welfare,清日課,NA,雇,yato,1,6415,different_department,1,1,0,0,0,0,0,0,0.6931471805599453,0.6931471805599453,0,0
evt_568,1944,7052,7052_name_清日課,民生局,welfare,清日課,NA,雇,yato,1,6501,different_department,1,2,0,0,0,0,0,0,0.6931471805599453,1.0986122886681098,0,0
evt_568,1944,7052,7052_name_清日課,民生局,welfare,清日課,NA,雇,yato,1,6641,different_department,1,1,0,0,0,0,0,0,0.6931471805599453,0.6931471805599453,0,0
evt_568,1944,7052,7052_name_清日課,民生局,welfare,清日課,NA,雇,yato,1,6701,different_department,1,12,0,0,0,0,0,0,0.6931471805599453,2.5649493574615367,0,0
evt_568,1944,7052,7052_name_清日課,民生局,welfare,清日課,NA,雇,yato,1,6843,different_department,12,4,0,0,0,0,0,0,2.5649493574615367,1.6094379124341003,0,0
evt_568,1944,7052,7052_name_清日課,民生局,welfare,清日課,NA,雇,yato,1,6844,different_department,1,6,0,0,0,0,0,0,0.6931471805599453,1.9459101490553132,0,0
evt_568,1944,7052,7052_name_清日課,民生局,welfare,清日課,NA,雇,yato,1,6845,different_department,2,16,0,0,0,0,0,0,1.0986122886681098,2.833213344056216,0,0
evt_568,1944,7052,7052_name_清日課,民生局,welfare,清日課,NA,雇,yato,1,6953,different_department,19,25,0,0,0,0,0,0,2.995732273553991,3.258096538021482,0,0
evt_568,1944,7052,7052_name_清日課,民生局,welfare,清日課,NA,雇,yato,1,7506,different_department,2,93,0,0,0,0,0,0,1.0986122886681098,4.543294782270004,0,0
evt_568,1944,7052,7052_name_清日課,民生局,welfare,清日課,NA,雇,yato,1,7525,different_department,4,5,0,0,0,0,0,0,1.6094379124341003,1.791759469228055,0,0
evt_568,1944,7052,7052_name_清日課,民生局,welfare,清日課,NA,雇,yato,1,7782,different_department,5,32,1,0,0,0,0,0,1.791759469228055,3.4965075614664802,0,0
evt_568,1944,7052,7052_name_清日課,民生局,welfare,清日課,NA,雇,yato,1,8164,different_department,7,9,0,0,0,0,0,0,2.0794415416798357,2.302585092994046,0,0
evt_568,1944,7052,7052_name_清日課,民生局,welfare,清日課,NA,雇,yato,1,8321,different_department,4,7,0,0,0,0,0,0,1.6094379124341003,2.0794415416798357,0,0
evt_568,1944,7052,7052_name_清日課,民生局,welfare,清日課,NA,雇,yato,1,8358,different_department,15,81,0,0,0,0,0,0,2.772588722239781,4.406719247264253,0,0
evt_568,1944,7052,7052_name_清日課,民生局,welfare,清日課,NA,雇,yato,1,8490,different_department,11,37,0,0,0,0,0,0,2.4849066497880004,3.6375861597263857,0,0
evt_568,1944,7052,7052_name_清日課,民生局,welfare,清日課,NA,雇,yato,1,8594,different_department,7,16,0,0,0,0,0,0,2.0794415416798357,2.833213344056216,0,0
evt_568,1944,7052,7052_name_清日課,民生局,welfare,清日課,NA,雇,yato,1,8757,different_department,4,7,0,0,0,0,0,0,1.6094379124341003,2.0794415416798357,0,0
evt_568,1944,7052,7052_name_清日課,民生局,welfare,清日課,NA,雇,yato,1,8882,different_department,1,28,0,0,0,0,0,0,0.6931471805599453,3.367295829986474,0,0
evt_568,1944,7052,7052_name_清日課,民生局,welfare,清日課,NA,雇,yato,1,8899,different_department,4,9,0,0,0,0,0,0,1.6094379124341003,2.302585092994046,0,0
evt_568,1944,7052,7052_name_清日課,民生局,welfare,清日課,NA,雇,yato,1,8905,different_department,19,14,0,0,0,0,0,0,2.995732273553991,2.70805020110221,0,0
evt_568,1944,7052,7052_name_清日課,民生局,welfare,清日課,NA,雇,yato,1,8946,different_department,1,29,0,0,0,0,0,0,0.6931471805599453,3.4011973816621555,0,0
evt_568,1944,7052,7052_name_清日課,民生局,welfare,清日課,NA,雇,yato,1,8994,different_department,13,28,0,0,0,0,0,0,2.6390573296152584,3.367295829986474,0,0
evt_568,1944,7052,7052_name_清日課,民生局,welfare,清日課,NA,雇,yato,1,8996,different_department,2,2,0,0,0,0,0,0,1.0986122886681098,1.0986122886681098,0,0
evt_576,1944,7144,7144_name_用度課,長官官房,finance_admin,用度課,NA,雇,yato,1,1130,different_department,2,2,0,0,0,0,0,0,1.0986122886681098,1.0986122886681098,0,0
evt_576,1944,7144,7144_name_用度課,長官官房,finance_admin,用度課,NA,雇,yato,1,1147,different_department,2,3,0,0,0,0,0,0,1.0986122886681098,1.3862943611198906,0,0
evt_576,1944,7144,7144_name_用度課,長官官房,finance_admin,用度課,NA,雇,yato,1,1190,different_department,10,20,0,0,0,0,0,0,2.3978952727983707,3.044522437723423,0,0
evt_576,1944,7144,7144_name_用度課,長官官房,finance_admin,用度課,NA,雇,yato,1,1225,different_department,1,1,0,0,0,0,0,0,0.6931471805599453,0.6931471805599453,0,0
evt_576,1944,7144,7144_name_用度課,長官官房,finance_admin,用度課,NA,雇,yato,1,1449,different_department,11,20,0,0,0,0,0,0,2.4849066497880004,3.044522437723423,0,0
evt_576,1944,7144,7144_name_用度課,長官官房,finance_admin,用度課,NA,雇,yato,1,1478,different_department,7,5,0,0,0,0,0,0,2.0794415416798357,1.791759469228055,0,0
evt_576,1944,7144,7144_name_用度課,長官官房,finance_admin,用度課,NA,雇,yato,1,1555,different_department,14,11,0,0,0,0,0,0,2.70805020110221,2.4849066497880004,0,0
evt_576,1944,7144,7144_name_用度課,長官官房,finance_admin,用度課,NA,雇,yato,1,1566,different_department,1,3,0,0,0,0,0,0,0.6931471805599453,1.3862943611198906,0,0
evt_576,1944,7144,7144_name_用度課,長官官房,finance_admin,用度課,NA,雇,yato,1,1642,different_department,4,15,0,0,0,0,0,0,1.6094379124341003,2.772588722239781,0,0
evt_576,1944,7144,7144_name_用度課,長官官房,finance_admin,用度課,NA,雇,yato,1,1697,different_department,2,2,0,0,0,0,0,0,1.0986122886681098,1.0986122886681098,0,0
evt_576,1944,7144,7144_name_用度課,長官官房,finance_admin,用度課,NA,雇,yato,1,1752,different_department,7,11,0,0,0,0,0,0,2.0794415416798357,2.4849066497880004,0,0
evt_576,1944,7144,7144_name_用度課,長官官房,finance_admin,用度課,NA,雇,yato,1,1896,different_department,5,1,0,0,0,0,0,0,1.791759469228055,0.6931471805599453,0,0
evt_576,1944,7144,7144_name_用度課,長官官房,finance_admin,用度課,NA,雇,yato,1,1906,different_department,1,15,0,0,0,0,0,0,0.6931471805599453,2.772588722239781,0,0
evt_576,1944,7144,7144_name_用度課,長官官房,finance_admin,用度課,NA,雇,yato,1,1972,different_department,1,13,0,0,0,0,0,0,0.6931471805599453,2.6390573296152584,0,0
evt_576,1944,7144,7144_name_用度課,長官官房,finance_admin,用度課,NA,雇,yato,1,1989,different_department,1,41,0,0,0,0,0,0,0.6931471805599453,3.7376696182833684,0,0
evt_576,1944,7144,7144_name_用度課,長官官房,finance_admin,用度課,NA,雇,yato,1,2051,different_department,3,1,0,0,0,0,0,0,1.3862943611198906,0.6931471805599453,0,0
evt_576,1944,7144,7144_name_用度課,長官官房,finance_admin,用度課,NA,雇,yato,1,2056,different_department,6,15,0,0,0,0,0,0,1.9459101490553132,2.772588722239781,0,0
evt_576,1944,7144,7144_name_用度課,長官官房,finance_admin,用度課,NA,雇,yato,1,2071,different_department,1,16,0,0,0,0,0,0,0.6931471805599453,2.833213344056216,0,0
evt_576,1944,7144,7144_name_用度課,長官官房,finance_admin,用度課,NA,雇,yato,1,2109,different_department,5,6,0,0,0,0,0,0,1.791759469228055,1.9459101490553132,0,0
evt_576,1944,7144,7144_name_用度課,長官官房,finance_admin,用度課,NA,雇,yato,1,2118,different_department,2,16,0,0,0,0,0,0,1.0986122886681098,2.833213344056216,0,0
evt_576,1944,7144,7144_name_用度課,長官官房,finance_admin,用度課,NA,雇,yato,1,2123,different_department,2,1,0,0,0,0,0,0,1.0986122886681098,0.6931471805599453,0,0
evt_576,1944,7144,7144_name_用度課,長官官房,finance_admin,用度課,NA,雇,yato,1,2125,different_department,5,7,0,0,0,0,0,0,1.791759469228055,2.0794415416798357,0,0
evt_576,1944,7144,7144_name_用度課,長官官房,finance_admin,用度課,NA,雇,yato,1,2138,different_department,3,5,0,0,0,0,0,0,1.3862943611198906,1.791759469228055,0,0
evt_576,1944,7144,7144_name_用度課,長官官房,finance_admin,用度課,NA,雇,yato,1,2143,different_department,4,10,0,0,0,0,0,0,1.6094379124341003,2.3978952727983707,0,0
evt_576,1944,7144,7144_name_用度課,長官官房,finance_admin,用度課,NA,雇,yato,1,2158,different_department,3,1,0,0,0,0,0,0,1.3862943611198906,0.6931471805599453,0,0
evt_576,1944,7144,7144_name_用度課,長官官房,finance_admin,用度課,NA,雇,yato,1,2159,different_department,2,4,0,0,0,0,0,0,1.0986122886681098,1.6094379124341003,0,0
evt_576,1944,7144,7144_name_用度課,長官官房,finance_admin,用度課,NA,雇,yato,1,2213,different_department,7,7,0,0,0,0,0,0,2.0794415416798357,2.0794415416798357,0,0
evt_576,1944,7144,7144_name_用度課,長官官房,finance_admin,用度課,NA,雇,yato,1,5869,different_department,3,28,0,0,0,0,0,0,1.3862943611198906,3.367295829986474,0,0
evt_576,1944,7144,7144_name_用度課,長官官房,finance_admin,用度課,NA,雇,yato,1,6328,different_department,5,26,0,0,0,0,0,0,1.791759469228055,3.295836866004329,0,0
evt_576,1944,7144,7144_name_用度課,長官官房,finance_admin,用度課,NA,雇,yato,1,6415,different_department,1,1,0,0,0,0,0,0,0.6931471805599453,0.6931471805599453,0,0
evt_576,1944,7144,7144_name_用度課,長官官房,finance_admin,用度課,NA,雇,yato,1,6501,different_department,1,2,0,0,0,0,0,0,0.6931471805599453,1.0986122886681098,0,0
evt_576,1944,7144,7144_name_用度課,長官官房,finance_admin,用度課,NA,雇,yato,1,6641,different_department,1,1,0,0,0,0,0,0,0.6931471805599453,0.6931471805599453,0,0
evt_576,1944,7144,7144_name_用度課,長官官房,finance_admin,用度課,NA,雇,yato,1,6701,different_department,1,12,0,0,0,0,0,0,0.6931471805599453,2.5649493574615367,0,0
evt_576,1944,7144,7144_name_用度課,長官官房,finance_admin,用度課,NA,雇,yato,1,6843,different_department,12,4,0,0,0,0,0,0,2.5649493574615367,1.6094379124341003,0,0
evt_576,1944,7144,7144_name_用度課,長官官房,finance_admin,用度課,NA,雇,yato,1,6844,different_department,1,6,0,0,0,0,0,0,0.6931471805599453,1.9459101490553132,0,0
evt_576,1944,7144,7144_name_用度課,長官官房,finance_admin,用度課,NA,雇,yato,1,6845,different_department,2,16,0,0,0,0,0,0,1.0986122886681098,2.833213344056216,0,0
evt_576,1944,7144,7144_name_用度課,長官官房,finance_admin,用度課,NA,雇,yato,1,6953,different_department,19,25,0,0,0,0,0,0,2.995732273553991,3.258096538021482,0,0
evt_576,1944,7144,7144_name_用度課,長官官房,finance_admin,用度課,NA,雇,yato,1,7506,different_department,2,93,0,0,0,0,0,0,1.0986122886681098,4.543294782270004,0,0
evt_576,1944,7144,7144_name_用度課,長官官房,finance_admin,用度課,NA,雇,yato,1,7525,different_department,4,5,0,0,0,0,0,0,1.6094379124341003,1.791759469228055,0,0
evt_576,1944,7144,7144_name_用度課,長官官房,finance_admin,用度課,NA,雇,yato,1,7782,different_department,5,32,0,0,0,0,0,0,1.791759469228055,3.4965075614664802,0,0
evt_576,1944,7144,7144_name_用度課,長官官房,finance_admin,用度課,NA,雇,yato,1,8164,different_department,7,9,0,0,0,0,0,0,2.0794415416798357,2.302585092994046,0,0
evt_576,1944,7144,7144_name_用度課,長官官房,finance_admin,用度課,NA,雇,yato,1,8321,different_department,4,7,0,0,0,0,0,0,1.6094379124341003,2.0794415416798357,0,0
evt_576,1944,7144,7144_name_用度課,長官官房,finance_admin,用度課,NA,雇,yato,1,8358,different_department,15,81,0,0,0,0,0,0,2.772588722239781,4.406719247264253,0,0
evt_576,1944,7144,7144_name_用度課,長官官房,finance_admin,用度課,NA,雇,yato,1,8490,different_department,11,37,0,0,0,0,0,0,2.4849066497880004,3.6375861597263857,0,0
evt_576,1944,7144,7144_name_用度課,長官官房,finance_admin,用度課,NA,雇,yato,1,8594,different_department,7,16,0,0,0,0,0,0,2.0794415416798357,2.833213344056216,0,0
evt_576,1944,7144,7144_name_用度課,長官官房,finance_admin,用度課,NA,雇,yato,1,8757,different_department,4,7,1,0,0,0,0,0,1.6094379124341003,2.0794415416798357,0,0
evt_576,1944,7144,7144_name_用度課,長官官房,finance_admin,用度課,NA,雇,yato,1,8882,different_department,1,28,0,0,0,0,0,0,0.6931471805599453,3.367295829986474,0,0
evt_576,1944,7144,7144_name_用度課,長官官房,finance_admin,用度課,NA,雇,yato,1,8899,different_department,4,9,0,0,0,0,0,0,1.6094379124341003,2.302585092994046,0,0
evt_576,1944,7144,7144_name_用度課,長官官房,finance_admin,用度課,NA,雇,yato,1,8905,different_department,19,14,0,0,0,0,0,0,2.995732273553991,2.70805020110221,0,0
evt_576,1944,7144,7144_name_用度課,長官官房,finance_admin,用度課,NA,雇,yato,1,8946,different_department,1,29,0,0,0,0,0,0,0.6931471805599453,3.4011973816621555,0,0
evt_576,1944,7144,7144_name_用度課,長官官房,finance_admin,用度課,NA,雇,yato,1,8994,different_department,13,28,0,0,0,0,0,0,2.6390573296152584,3.367295829986474,0,0
evt_576,1944,7144,7144_name_用度課,長官官房,finance_admin,用度課,NA,雇,yato,1,8996,different_department,2,2,1,0,0,0,0,0,1.0986122886681098,1.0986122886681098,0,0
evt_584,1944,7446,7446_name_missing,長官官房,finance_admin,NA,NA,囑託員,yato,2,1130,different_department,3,2,0,0,0,0,0,0,1.3862943611198906,1.0986122886681098,0,0
evt_584,1944,7446,7446_name_missing,長官官房,finance_admin,NA,NA,囑託員,yato,2,1449,different_department,3,1,0,0,0,0,0,0,1.3862943611198906,0.6931471805599453,0,0
evt_584,1944,7446,7446_name_missing,長官官房,finance_admin,NA,NA,囑託員,yato,2,1490,different_department,2,1,0,0,0,0,0,0,1.0986122886681098,0.6931471805599453,0,0
evt_584,1944,7446,7446_name_missing,長官官房,finance_admin,NA,NA,囑託員,yato,2,1642,different_department,1,15,0,0,0,0,0,0,0.6931471805599453,2.772588722239781,0,0
evt_584,1944,7446,7446_name_missing,長官官房,finance_admin,NA,NA,囑託員,yato,2,2051,different_department,1,1,0,0,0,0,0,0,0.6931471805599453,0.6931471805599453,0,0
evt_584,1944,7446,7446_name_missing,長官官房,finance_admin,NA,NA,囑託員,yato,2,2072,different_department,3,1,0,0,0,0,0,0,1.3862943611198906,0.6931471805599453,0,0
evt_584,1944,7446,7446_name_missing,長官官房,finance_admin,NA,NA,囑託員,yato,2,2138,different_department,2,5,0,0,0,0,0,0,1.0986122886681098,1.791759469228055,0,0
evt_584,1944,7446,7446_name_missing,長官官房,finance_admin,NA,NA,囑託員,yato,2,2183,different_department,1,42,0,0,0,0,0,0,0.6931471805599453,3.7612001156935624,0,0
evt_584,1944,7446,7446_name_missing,長官官房,finance_admin,NA,NA,囑託員,yato,2,6328,different_department,4,26,0,0,0,0,0,0,1.6094379124341003,3.295836866004329,0,0
evt_584,1944,7446,7446_name_missing,長官官房,finance_admin,NA,NA,囑託員,yato,2,6701,different_department,1,12,0,0,0,0,0,0,0.6931471805599453,2.5649493574615367,0,0
evt_584,1944,7446,7446_name_missing,長官官房,finance_admin,NA,NA,囑託員,yato,2,6843,different_department,11,4,1,0,0,0,0,0,2.4849066497880004,1.6094379124341003,0,0
evt_584,1944,7446,7446_name_missing,長官官房,finance_admin,NA,NA,囑託員,yato,2,6946,different_department,8,58,0,0,0,0,0,0,2.1972245773362196,4.07753744390572,0,0
evt_584,1944,7446,7446_name_missing,長官官房,finance_admin,NA,NA,囑託員,yato,2,7506,different_department,3,93,0,0,0,0,0,0,1.3862943611198906,4.543294782270004,0,0
evt_584,1944,7446,7446_name_missing,長官官房,finance_admin,NA,NA,囑託員,yato,2,7525,different_department,2,5,0,0,0,0,0,0,1.0986122886681098,1.791759469228055,0,0
evt_589,1944,7528,7528_grp_133,教育局,education,教育第一課,133,雇,yato,1,1130,same_department,2,2,0,0,0,0,0,1,1.0986122886681098,1.0986122886681098,1,0
evt_589,1944,7528,7528_grp_133,教育局,education,教育第一課,133,雇,yato,1,1147,different_department,2,3,0,0,0,0,0,0,1.0986122886681098,1.3862943611198906,1,0
evt_589,1944,7528,7528_grp_133,教育局,education,教育第一課,133,雇,yato,1,1190,different_department,10,20,0,0,0,0,0,0,2.3978952727983707,3.044522437723423,1,0
evt_589,1944,7528,7528_grp_133,教育局,education,教育第一課,133,雇,yato,1,1225,different_department,1,1,0,0,0,0,0,0,0.6931471805599453,0.6931471805599453,1,0
evt_589,1944,7528,7528_grp_133,教育局,education,教育第一課,133,雇,yato,1,1449,same_department,11,20,0,0,0,0,0,1,2.4849066497880004,3.044522437723423,1,0
evt_589,1944,7528,7528_grp_133,教育局,education,教育第一課,133,雇,yato,1,1478,different_department,7,5,0,0,0,0,0,0,2.0794415416798357,1.791759469228055,1,0
evt_589,1944,7528,7528_grp_133,教育局,education,教育第一課,133,雇,yato,1,1555,different_department,14,11,0,0,0,0,0,0,2.70805020110221,2.4849066497880004,1,0
evt_589,1944,7528,7528_grp_133,教育局,education,教育第一課,133,雇,yato,1,1566,different_department,1,3,0,0,0,0,0,0,0.6931471805599453,1.3862943611198906,1,0
evt_589,1944,7528,7528_grp_133,教育局,education,教育第一課,133,雇,yato,1,1642,different_department,4,15,0,0,0,0,0,0,1.6094379124341003,2.772588722239781,1,0
evt_589,1944,7528,7528_grp_133,教育局,education,教育第一課,133,雇,yato,1,1697,different_department,2,2,0,0,0,0,0,0,1.0986122886681098,1.0986122886681098,1,0
evt_589,1944,7528,7528_grp_133,教育局,education,教育第一課,133,雇,yato,1,1752,different_department,7,11,0,0,0,0,0,0,2.0794415416798357,2.4849066497880004,1,0
evt_589,1944,7528,7528_grp_133,教育局,education,教育第一課,133,雇,yato,1,1896,different_department,5,1,0,0,0,0,0,0,1.791759469228055,0.6931471805599453,1,0
evt_589,1944,7528,7528_grp_133,教育局,education,教育第一課,133,雇,yato,1,1906,different_department,1,15,0,0,0,0,0,0,0.6931471805599453,2.772588722239781,1,0
evt_589,1944,7528,7528_grp_133,教育局,education,教育第一課,133,雇,yato,1,1972,different_department,1,13,0,0,0,0,0,0,0.6931471805599453,2.6390573296152584,1,0
evt_589,1944,7528,7528_grp_133,教育局,education,教育第一課,133,雇,yato,1,1989,different_department,1,41,0,0,0,0,0,0,0.6931471805599453,3.7376696182833684,1,0
evt_589,1944,7528,7528_grp_133,教育局,education,教育第一課,133,雇,yato,1,2051,different_department,3,1,0,0,0,0,0,0,1.3862943611198906,0.6931471805599453,1,0
evt_589,1944,7528,7528_grp_133,教育局,education,教育第一課,133,雇,yato,1,2056,different_department,6,15,0,0,0,0,0,0,1.9459101490553132,2.772588722239781,1,0
evt_589,1944,7528,7528_grp_133,教育局,education,教育第一課,133,雇,yato,1,2071,different_department,1,16,0,0,0,0,0,0,0.6931471805599453,2.833213344056216,1,0
evt_589,1944,7528,7528_grp_133,教育局,education,教育第一課,133,雇,yato,1,2109,different_department,5,6,0,0,0,0,0,0,1.791759469228055,1.9459101490553132,1,0
evt_589,1944,7528,7528_grp_133,教育局,education,教育第一課,133,雇,yato,1,2118,different_department,2,16,0,0,0,0,0,0,1.0986122886681098,2.833213344056216,1,0
evt_589,1944,7528,7528_grp_133,教育局,education,教育第一課,133,雇,yato,1,2123,different_department,2,1,0,0,0,0,0,0,1.0986122886681098,0.6931471805599453,1,0
evt_589,1944,7528,7528_grp_133,教育局,education,教育第一課,133,雇,yato,1,2125,different_department,5,7,0,0,0,0,0,0,1.791759469228055,2.0794415416798357,1,0
evt_589,1944,7528,7528_grp_133,教育局,education,教育第一課,133,雇,yato,1,2138,different_department,3,5,0,0,0,0,0,0,1.3862943611198906,1.791759469228055,1,0
evt_589,1944,7528,7528_grp_133,教育局,education,教育第一課,133,雇,yato,1,2143,different_department,4,10,0,0,0,0,0,0,1.6094379124341003,2.3978952727983707,1,0
evt_589,1944,7528,7528_grp_133,教育局,education,教育第一課,133,雇,yato,1,2158,different_department,3,1,0,0,0,0,0,0,1.3862943611198906,0.6931471805599453,1,0
evt_589,1944,7528,7528_grp_133,教育局,education,教育第一課,133,雇,yato,1,2159,different_department,2,4,0,0,0,0,0,0,1.0986122886681098,1.6094379124341003,1,0
evt_589,1944,7528,7528_grp_133,教育局,education,教育第一課,133,雇,yato,1,2213,different_department,7,7,0,0,0,0,0,0,2.0794415416798357,2.0794415416798357,1,0
evt_589,1944,7528,7528_grp_133,教育局,education,教育第一課,133,雇,yato,1,5869,different_department,3,28,0,0,0,0,0,0,1.3862943611198906,3.367295829986474,1,0
evt_589,1944,7528,7528_grp_133,教育局,education,教育第一課,133,雇,yato,1,6328,different_department,5,26,0,0,0,0,0,0,1.791759469228055,3.295836866004329,1,0
evt_589,1944,7528,7528_grp_133,教育局,education,教育第一課,133,雇,yato,1,6415,different_department,1,1,0,0,0,0,0,0,0.6931471805599453,0.6931471805599453,1,0
evt_589,1944,7528,7528_grp_133,教育局,education,教育第一課,133,雇,yato,1,6501,different_department,1,2,0,0,0,0,0,0,0.6931471805599453,1.0986122886681098,1,0
evt_589,1944,7528,7528_grp_133,教育局,education,教育第一課,133,雇,yato,1,6641,different_department,1,1,0,0,0,0,0,0,0.6931471805599453,0.6931471805599453,1,0
evt_589,1944,7528,7528_grp_133,教育局,education,教育第一課,133,雇,yato,1,6701,same_department,1,12,1,0,0,0,0,1,0.6931471805599453,2.5649493574615367,1,0
evt_589,1944,7528,7528_grp_133,教育局,education,教育第一課,133,雇,yato,1,6843,different_department,12,4,0,0,0,0,0,0,2.5649493574615367,1.6094379124341003,1,0
evt_589,1944,7528,7528_grp_133,教育局,education,教育第一課,133,雇,yato,1,6844,different_department,1,6,0,0,0,0,0,0,0.6931471805599453,1.9459101490553132,1,0
evt_589,1944,7528,7528_grp_133,教育局,education,教育第一課,133,雇,yato,1,6845,different_department,2,16,0,0,0,0,0,0,1.0986122886681098,2.833213344056216,1,0
evt_589,1944,7528,7528_grp_133,教育局,education,教育第一課,133,雇,yato,1,6953,different_department,19,25,0,0,0,0,0,0,2.995732273553991,3.258096538021482,1,0
evt_589,1944,7528,7528_grp_133,教育局,education,教育第一課,133,雇,yato,1,7506,same_section,2,93,0,0,0,0,1,0,1.0986122886681098,4.543294782270004,1,0
evt_589,1944,7528,7528_grp_133,教育局,education,教育第一課,133,雇,yato,1,7525,different_department,4,5,0,0,0,0,0,0,1.6094379124341003,1.791759469228055,1,0
evt_589,1944,7528,7528_grp_133,教育局,education,教育第一課,133,雇,yato,1,7782,different_department,5,32,0,0,0,0,0,0,1.791759469228055,3.4965075614664802,1,0
evt_589,1944,7528,7528_grp_133,教育局,education,教育第一課,133,雇,yato,1,8164,different_department,7,9,0,0,0,0,0,0,2.0794415416798357,2.302585092994046,1,0
evt_589,1944,7528,7528_grp_133,教育局,education,教育第一課,133,雇,yato,1,8321,different_department,4,7,0,0,0,0,0,0,1.6094379124341003,2.0794415416798357,1,0
evt_589,1944,7528,7528_grp_133,教育局,education,教育第一課,133,雇,yato,1,8358,different_department,15,81,0,0,0,0,0,0,2.772588722239781,4.406719247264253,1,0
evt_589,1944,7528,7528_grp_133,教育局,education,教育第一課,133,雇,yato,1,8490,different_department,11,37,0,0,0,0,0,0,2.4849066497880004,3.6375861597263857,1,0
evt_589,1944,7528,7528_grp_133,教育局,education,教育第一課,133,雇,yato,1,8594,different_department,7,16,0,0,0,0,0,0,2.0794415416798357,2.833213344056216,1,0
evt_589,1944,7528,7528_grp_133,教育局,education,教育第一課,133,雇,yato,1,8757,different_department,4,7,0,0,0,0,0,0,1.6094379124341003,2.0794415416798357,1,0
evt_589,1944,7528,7528_grp_133,教育局,education,教育第一課,133,雇,yato,1,8882,different_department,1,28,0,0,0,0,0,0,0.6931471805599453,3.367295829986474,1,0
evt_589,1944,7528,7528_grp_133,教育局,education,教育第一課,133,雇,yato,1,8899,different_department,4,9,0,0,0,0,0,0,1.6094379124341003,2.302585092994046,1,0
evt_589,1944,7528,7528_grp_133,教育局,education,教育第一課,133,雇,yato,1,8905,same_department,19,14,0,0,0,0,0,1,2.995732273553991,2.70805020110221,1,0
evt_589,1944,7528,7528_grp_133,教育局,education,教育第一課,133,雇,yato,1,8946,different_department,1,29,0,0,0,0,0,0,0.6931471805599453,3.4011973816621555,1,0
evt_589,1944,7528,7528_grp_133,教育局,education,教育第一課,133,雇,yato,1,8994,same_department,13,28,0,0,0,0,0,1,2.6390573296152584,3.367295829986474,1,0
evt_589,1944,7528,7528_grp_133,教育局,education,教育第一課,133,雇,yato,1,8996,different_department,2,2,0,0,0,0,0,0,1.0986122886681098,1.0986122886681098,1,0
evt_59,1944,1401,1401_name_missing,教育局,education,NA,NA,Unknown,non_engineer,2,1130,same_department,7,2,0,0,0,0,0,1,2.0794415416798357,1.0986122886681098,0,0
evt_59,1944,1401,1401_name_missing,教育局,education,NA,NA,Unknown,non_engineer,2,1147,different_department,1,3,0,0,0,0,0,0,0.6931471805599453,1.3862943611198906,0,0
evt_59,1944,1401,1401_name_missing,教育局,education,NA,NA,Unknown,non_engineer,2,1190,different_department,3,20,0,0,0,0,0,0,1.3862943611198906,3.044522437723423,0,0
evt_59,1944,1401,1401_name_missing,教育局,education,NA,NA,Unknown,non_engineer,2,1193,different_department,7,4,0,0,0,0,0,0,2.0794415416798357,1.6094379124341003,0,0
evt_59,1944,1401,1401_name_missing,教育局,education,NA,NA,Unknown,non_engineer,2,1225,different_department,1,1,0,0,0,0,0,0,0.6931471805599453,0.6931471805599453,0,0
evt_59,1944,1401,1401_name_missing,教育局,education,NA,NA,Unknown,non_engineer,2,1233,different_department,5,7,0,0,0,0,0,0,1.791759469228055,2.0794415416798357,0,0
evt_59,1944,1401,1401_name_missing,教育局,education,NA,NA,Unknown,non_engineer,2,1317,different_department,5,10,0,0,0,0,0,0,1.791759469228055,2.3978952727983707,0,0
evt_59,1944,1401,1401_name_missing,教育局,education,NA,NA,Unknown,non_engineer,2,1335,different_department,1,25,0,0,0,0,0,0,0.6931471805599453,3.258096538021482,0,0
evt_59,1944,1401,1401_name_missing,教育局,education,NA,NA,Unknown,non_engineer,2,1402,same_department,8,2,1,0,0,0,0,1,2.1972245773362196,1.0986122886681098,0,0
evt_59,1944,1401,1401_name_missing,教育局,education,NA,NA,Unknown,non_engineer,2,1449,different_department,11,20,0,0,0,0,0,0,2.4849066497880004,3.044522437723423,0,0
evt_59,1944,1401,1401_name_missing,教育局,education,NA,NA,Unknown,non_engineer,2,1478,different_department,4,5,0,0,0,0,0,0,1.6094379124341003,1.791759469228055,0,0
evt_59,1944,1401,1401_name_missing,教育局,education,NA,NA,Unknown,non_engineer,2,1486,different_department,1,2,0,0,0,0,0,0,0.6931471805599453,1.0986122886681098,0,0
evt_59,1944,1401,1401_name_missing,教育局,education,NA,NA,Unknown,non_engineer,2,1490,same_department,1,1,0,0,0,0,0,1,0.6931471805599453,0.6931471805599453,0,0
evt_59,1944,1401,1401_name_missing,教育局,education,NA,NA,Unknown,non_engineer,2,1501,same_department,1,9,0,0,0,0,0,1,0.6931471805599453,2.302585092994046,0,0
evt_59,1944,1401,1401_name_missing,教育局,education,NA,NA,Unknown,non_engineer,2,1531,same_department,2,1,0,0,0,0,0,1,1.0986122886681098,0.6931471805599453,0,0
evt_59,1944,1401,1401_name_missing,教育局,education,NA,NA,Unknown,non_engineer,2,1538,different_department,1,4,0,0,0,0,0,0,0.6931471805599453,1.6094379124341003,0,0
evt_59,1944,1401,1401_name_missing,教育局,education,NA,NA,Unknown,non_engineer,2,1555,different_department,3,11,0,0,0,0,0,0,1.3862943611198906,2.4849066497880004,0,0
evt_59,1944,1401,1401_name_missing,教育局,education,NA,NA,Unknown,non_engineer,2,1642,different_department,1,15,0,0,0,0,0,0,0.6931471805599453,2.772588722239781,0,0
evt_59,1944,1401,1401_name_missing,教育局,education,NA,NA,Unknown,non_engineer,2,1676,different_department,3,16,0,0,0,0,0,0,1.3862943611198906,2.833213344056216,0,0
evt_59,1944,1401,1401_name_missing,教育局,education,NA,NA,Unknown,non_engineer,2,1697,different_department,1,2,0,0,0,0,0,0,0.6931471805599453,1.0986122886681098,0,0
evt_59,1944,1401,1401_name_missing,教育局,education,NA,NA,Unknown,non_engineer,2,1752,different_department,5,11,0,0,0,0,0,0,1.791759469228055,2.4849066497880004,0,0
evt_59,1944,1401,1401_name_missing,教育局,education,NA,NA,Unknown,non_engineer,2,1761,different_department,2,1,0,0,0,0,0,0,1.0986122886681098,0.6931471805599453,0,0
evt_59,1944,1401,1401_name_missing,教育局,education,NA,NA,Unknown,non_engineer,2,1787,different_department,2,5,0,0,0,0,0,0,1.0986122886681098,1.791759469228055,0,0
evt_59,1944,1401,1401_name_missing,教育局,education,NA,NA,Unknown,non_engineer,2,1794,different_department,7,7,0,0,0,0,0,0,2.0794415416798357,2.0794415416798357,0,0
evt_59,1944,1401,1401_name_missing,教育局,education,NA,NA,Unknown,non_engineer,2,1896,different_department,3,1,0,0,0,0,0,0,1.3862943611198906,0.6931471805599453,0,0
evt_59,1944,1401,1401_name_missing,教育局,education,NA,NA,Unknown,non_engineer,2,1906,different_department,1,15,0,0,0,0,0,0,0.6931471805599453,2.772588722239781,0,0
evt_59,1944,1401,1401_name_missing,教育局,education,NA,NA,Unknown,non_engineer,2,1919,different_department,2,1,0,0,0,0,0,0,1.0986122886681098,0.6931471805599453,0,0
evt_59,1944,1401,1401_name_missing,教育局,education,NA,NA,Unknown,non_engineer,2,1989,different_department,1,41,0,0,0,0,0,0,0.6931471805599453,3.7376696182833684,0,0
evt_59,1944,1401,1401_name_missing,教育局,education,NA,NA,Unknown,non_engineer,2,2003,different_department,1,25,0,0,0,0,0,0,0.6931471805599453,3.258096538021482,0,0
evt_59,1944,1401,1401_name_missing,教育局,education,NA,NA,Unknown,non_engineer,2,2033,different_department,4,1,0,0,0,0,0,0,1.6094379124341003,0.6931471805599453,0,0
evt_59,1944,1401,1401_name_missing,教育局,education,NA,NA,Unknown,non_engineer,2,2056,different_department,4,15,0,0,0,0,0,0,1.6094379124341003,2.772588722239781,0,0
evt_59,1944,1401,1401_name_missing,教育局,education,NA,NA,Unknown,non_engineer,2,2071,different_department,8,16,0,0,0,0,0,0,2.1972245773362196,2.833213344056216,0,0
evt_59,1944,1401,1401_name_missing,教育局,education,NA,NA,Unknown,non_engineer,2,2072,different_department,3,1,0,0,0,0,0,0,1.3862943611198906,0.6931471805599453,0,0
evt_59,1944,1401,1401_name_missing,教育局,education,NA,NA,Unknown,non_engineer,2,2109,different_department,4,6,0,0,0,0,0,0,1.6094379124341003,1.9459101490553132,0,0
evt_59,1944,1401,1401_name_missing,教育局,education,NA,NA,Unknown,non_engineer,2,2123,different_department,2,1,0,0,0,0,0,0,1.0986122886681098,0.6931471805599453,0,0
evt_59,1944,1401,1401_name_missing,教育局,education,NA,NA,Unknown,non_engineer,2,2125,different_department,4,7,0,0,0,0,0,0,1.6094379124341003,2.0794415416798357,0,0
evt_59,1944,1401,1401_name_missing,教育局,education,NA,NA,Unknown,non_engineer,2,2138,different_department,6,5,0,0,0,0,0,0,1.9459101490553132,1.791759469228055,0,0
evt_59,1944,1401,1401_name_missing,教育局,education,NA,NA,Unknown,non_engineer,2,2143,different_department,1,10,0,0,0,0,0,0,0.6931471805599453,2.3978952727983707,0,0
evt_59,1944,1401,1401_name_missing,教育局,education,NA,NA,Unknown,non_engineer,2,2158,different_department,1,1,0,0,0,0,0,0,0.6931471805599453,0.6931471805599453,0,0
evt_59,1944,1401,1401_name_missing,教育局,education,NA,NA,Unknown,non_engineer,2,2174,different_department,5,4,0,0,0,0,0,0,1.791759469228055,1.6094379124341003,0,0
evt_59,1944,1401,1401_name_missing,教育局,education,NA,NA,Unknown,non_engineer,2,2183,different_department,7,42,0,0,0,0,0,0,2.0794415416798357,3.7612001156935624,0,0
evt_59,1944,1401,1401_name_missing,教育局,education,NA,NA,Unknown,non_engineer,2,2213,different_department,1,7,0,0,0,0,0,0,0.6931471805599453,2.0794415416798357,0,0
evt_59,1944,1401,1401_name_missing,教育局,education,NA,NA,Unknown,non_engineer,2,2221,different_department,2,1,0,0,0,0,0,0,1.0986122886681098,0.6931471805599453,0,0
evt_59,1944,1401,1401_name_missing,教育局,education,NA,NA,Unknown,non_engineer,2,5764,different_department,3,17,0,0,0,0,0,0,1.3862943611198906,2.8903717578961645,0,0
evt_59,1944,1401,1401_name_missing,教育局,education,NA,NA,Unknown,non_engineer,2,5869,different_department,1,28,0,0,0,0,0,0,0.6931471805599453,3.367295829986474,0,0
evt_59,1944,1401,1401_name_missing,教育局,education,NA,NA,Unknown,non_engineer,2,5908,different_department,2,27,0,0,0,0,0,0,1.0986122886681098,3.332204510175204,0,0
evt_59,1944,1401,1401_name_missing,教育局,education,NA,NA,Unknown,non_engineer,2,6184,different_department,2,24,0,0,0,0,0,0,1.0986122886681098,3.2188758248682006,0,0
evt_59,1944,1401,1401_name_missing,教育局,education,NA,NA,Unknown,non_engineer,2,6233,different_department,1,23,0,0,0,0,0,0,0.6931471805599453,3.1780538303479458,0,0
evt_59,1944,1401,1401_name_missing,教育局,education,NA,NA,Unknown,non_engineer,2,6328,different_department,1,26,0,0,0,0,0,0,0.6931471805599453,3.295836866004329,0,0
evt_59,1944,1401,1401_name_missing,教育局,education,NA,NA,Unknown,non_engineer,2,6337,different_department,4,5,0,0,0,0,0,0,1.6094379124341003,1.791759469228055,0,0
evt_59,1944,1401,1401_name_missing,教育局,education,NA,NA,Unknown,non_engineer,2,6701,same_department,17,12,0,0,0,0,0,1,2.8903717578961645,2.5649493574615367,0,0
evt_59,1944,1401,1401_name_missing,教育局,education,NA,NA,Unknown,non_engineer,2,6791,different_department,2,23,0,0,0,0,0,0,1.0986122886681098,3.1780538303479458,0,0
evt_59,1944,1401,1401_name_missing,教育局,education,NA,NA,Unknown,non_engineer,2,6946,different_department,3,58,0,0,0,0,0,0,1.3862943611198906,4.07753744390572,0,0
evt_59,1944,1401,1401_name_missing,教育局,education,NA,NA,Unknown,non_engineer,2,6953,different_department,4,25,0,0,0,0,0,0,1.6094379124341003,3.258096538021482,0,0
evt_59,1944,1401,1401_name_missing,教育局,education,NA,NA,Unknown,non_engineer,2,7029,different_department,2,26,0,0,0,0,0,0,1.0986122886681098,3.295836866004329,0,0
evt_59,1944,1401,1401_name_missing,教育局,education,NA,NA,Unknown,non_engineer,2,7051,different_department,2,9,0,0,0,0,0,0,1.0986122886681098,2.302585092994046,0,0
evt_59,1944,1401,1401_name_missing,教育局,education,NA,NA,Unknown,non_engineer,2,7191,different_department,1,19,0,0,0,0,0,0,0.6931471805599453,2.995732273553991,0,0
evt_59,1944,1401,1401_name_missing,教育局,education,NA,NA,Unknown,non_engineer,2,7235,different_department,1,23,0,0,0,0,0,0,0.6931471805599453,3.1780538303479458,0,0
evt_59,1944,1401,1401_name_missing,教育局,education,NA,NA,Unknown,non_engineer,2,7461,different_department,1,20,0,0,0,0,0,0,0.6931471805599453,3.044522437723423,0,0
evt_59,1944,1401,1401_name_missing,教育局,education,NA,NA,Unknown,non_engineer,2,7484,different_department,2,29,0,0,0,0,0,0,1.0986122886681098,3.4011973816621555,0,0
evt_59,1944,1401,1401_name_missing,教育局,education,NA,NA,Unknown,non_engineer,2,7492,different_department,1,26,0,0,0,0,0,0,0.6931471805599453,3.295836866004329,0,0
evt_59,1944,1401,1401_name_missing,教育局,education,NA,NA,Unknown,non_engineer,2,7506,different_department,7,93,0,0,0,0,0,0,2.0794415416798357,4.543294782270004,0,0
evt_59,1944,1401,1401_name_missing,教育局,education,NA,NA,Unknown,non_engineer,2,7525,different_department,4,5,0,0,0,0,0,0,1.6094379124341003,1.791759469228055,0,0
evt_59,1944,1401,1401_name_missing,教育局,education,NA,NA,Unknown,non_engineer,2,7748,different_department,4,38,0,0,0,0,0,0,1.6094379124341003,3.6635616461296463,0,0
evt_59,1944,1401,1401_name_missing,教育局,education,NA,NA,Unknown,non_engineer,2,7836,different_department,1,2,0,0,0,0,0,0,0.6931471805599453,1.0986122886681098,0,0
evt_59,1944,1401,1401_name_missing,教育局,education,NA,NA,Unknown,non_engineer,2,7910,different_department,2,30,0,0,0,0,0,0,1.0986122886681098,3.4339872044851463,0,0
evt_59,1944,1401,1401_name_missing,教育局,education,NA,NA,Unknown,non_engineer,2,8164,different_department,2,42,0,0,0,0,0,0,1.0986122886681098,3.7612001156935624,0,0
evt_59,1944,1401,1401_name_missing,教育局,education,NA,NA,Unknown,non_engineer,2,8358,different_department,1,9,0,0,0,0,0,0,0.6931471805599453,2.302585092994046,0,0
evt_59,1944,1401,1401_name_missing,教育局,education,NA,NA,Unknown,non_engineer,2,8426,different_department,1,3,0,0,0,0,0,0,0.6931471805599453,1.3862943611198906,0,0
evt_59,1944,1401,1401_name_missing,教育局,education,NA,NA,Unknown,non_engineer,2,8514,different_department,1,2,0,0,0,0,0,0,0.6931471805599453,1.0986122886681098,0,0
evt_59,1944,1401,1401_name_missing,教育局,education,NA,NA,Unknown,non_engineer,2,8594,different_department,1,16,0,0,0,0,0,0,0.6931471805599453,2.833213344056216,0,0
evt_59,1944,1401,1401_name_missing,教育局,education,NA,NA,Unknown,non_engineer,2,8664,different_department,2,8,0,0,0,0,0,0,1.0986122886681098,2.1972245773362196,0,0
evt_59,1944,1401,1401_name_missing,教育局,education,NA,NA,Unknown,non_engineer,2,8882,different_department,1,28,0,0,0,0,0,0,0.6931471805599453,3.367295829986474,0,0
evt_59,1944,1401,1401_name_missing,教育局,education,NA,NA,Unknown,non_engineer,2,8905,same_department,6,14,0,0,0,0,0,1,1.9459101490553132,2.70805020110221,0,0
evt_596,1944,7576,7576_grp_24,計晝局,NA,企画課,24,Unknown,non_engineer,2,1449,same_section,5,20,1,0,0,0,1,0,1.791759469228055,3.044522437723423,1,1
evt_596,1944,7576,7576_grp_24,計晝局,NA,企画課,24,Unknown,non_engineer,2,1531,same_section,2,1,0,0,0,0,1,0,1.0986122886681098,0.6931471805599453,1,1
evt_596,1944,7576,7576_grp_24,計晝局,NA,企画課,24,Unknown,non_engineer,2,8905,same_section,6,14,0,0,0,0,1,0,1.9459101490553132,2.70805020110221,1,1
evt_602,1944,7576,7576_grp_24,計晝局,NA,企画課,24,雇,yato,1,1449,same_section,11,20,1,0,0,0,1,0,2.4849066497880004,3.044522437723423,1,1
evt_602,1944,7576,7576_grp_24,計晝局,NA,企画課,24,雇,yato,1,8905,same_section,19,14,1,0,0,0,1,0,2.995732273553991,2.70805020110221,1,1
evt_603,1944,7638,7638_name_財務課,長官官房,finance_admin,財務課,NA,Unknown,non_engineer,2,1130,different_department,7,2,0,0,0,0,0,0,2.0794415416798357,1.0986122886681098,0,0
evt_603,1944,7638,7638_name_財務課,長官官房,finance_admin,財務課,NA,Unknown,non_engineer,2,1147,different_department,1,3,0,0,0,0,0,0,0.6931471805599453,1.3862943611198906,0,0
evt_603,1944,7638,7638_name_財務課,長官官房,finance_admin,財務課,NA,Unknown,non_engineer,2,1190,different_department,3,20,0,0,0,0,0,0,1.3862943611198906,3.044522437723423,0,0
evt_603,1944,7638,7638_name_財務課,長官官房,finance_admin,財務課,NA,Unknown,non_engineer,2,1193,different_department,7,4,0,0,0,0,0,0,2.0794415416798357,1.6094379124341003,0,0
evt_603,1944,7638,7638_name_財務課,長官官房,finance_admin,財務課,NA,Unknown,non_engineer,2,1225,different_department,1,1,0,0,0,0,0,0,0.6931471805599453,0.6931471805599453,0,0
evt_603,1944,7638,7638_name_財務課,長官官房,finance_admin,財務課,NA,Unknown,non_engineer,2,1233,different_department,5,7,0,0,0,0,0,0,1.791759469228055,2.0794415416798357,0,0
evt_603,1944,7638,7638_name_財務課,長官官房,finance_admin,財務課,NA,Unknown,non_engineer,2,1317,different_department,5,10,0,0,0,0,0,0,1.791759469228055,2.3978952727983707,0,0
evt_603,1944,7638,7638_name_財務課,長官官房,finance_admin,財務課,NA,Unknown,non_engineer,2,1335,different_department,1,25,0,0,0,0,0,0,0.6931471805599453,3.258096538021482,0,0
evt_603,1944,7638,7638_name_財務課,長官官房,finance_admin,財務課,NA,Unknown,non_engineer,2,1402,different_department,8,2,0,0,0,0,0,0,2.1972245773362196,1.0986122886681098,0,0
evt_603,1944,7638,7638_name_財務課,長官官房,finance_admin,財務課,NA,Unknown,non_engineer,2,1449,different_department,11,20,0,0,0,0,0,0,2.4849066497880004,3.044522437723423,0,0
evt_603,1944,7638,7638_name_財務課,長官官房,finance_admin,財務課,NA,Unknown,non_engineer,2,1478,different_department,4,5,0,0,0,0,0,0,1.6094379124341003,1.791759469228055,0,0
evt_603,1944,7638,7638_name_財務課,長官官房,finance_admin,財務課,NA,Unknown,non_engineer,2,1486,different_department,1,2,0,0,0,0,0,0,0.6931471805599453,1.0986122886681098,0,0
evt_603,1944,7638,7638_name_財務課,長官官房,finance_admin,財務課,NA,Unknown,non_engineer,2,1490,different_department,1,1,0,0,0,0,0,0,0.6931471805599453,0.6931471805599453,0,0
evt_603,1944,7638,7638_name_財務課,長官官房,finance_admin,財務課,NA,Unknown,non_engineer,2,1501,different_department,1,9,0,0,0,0,0,0,0.6931471805599453,2.302585092994046,0,0
evt_603,1944,7638,7638_name_財務課,長官官房,finance_admin,財務課,NA,Unknown,non_engineer,2,1531,different_department,2,1,0,0,0,0,0,0,1.0986122886681098,0.6931471805599453,0,0
evt_603,1944,7638,7638_name_財務課,長官官房,finance_admin,財務課,NA,Unknown,non_engineer,2,1538,different_department,1,4,0,0,0,0,0,0,0.6931471805599453,1.6094379124341003,0,0
evt_603,1944,7638,7638_name_財務課,長官官房,finance_admin,財務課,NA,Unknown,non_engineer,2,1555,different_department,3,11,0,0,0,0,0,0,1.3862943611198906,2.4849066497880004,0,0
evt_603,1944,7638,7638_name_財務課,長官官房,finance_admin,財務課,NA,Unknown,non_engineer,2,1642,different_department,1,15,0,0,0,0,0,0,0.6931471805599453,2.772588722239781,0,0
evt_603,1944,7638,7638_name_財務課,長官官房,finance_admin,財務課,NA,Unknown,non_engineer,2,1676,different_department,3,16,0,0,0,0,0,0,1.3862943611198906,2.833213344056216,0,0
evt_603,1944,7638,7638_name_財務課,長官官房,finance_admin,財務課,NA,Unknown,non_engineer,2,1697,different_department,1,2,0,0,0,0,0,0,0.6931471805599453,1.0986122886681098,0,0
evt_603,1944,7638,7638_name_財務課,長官官房,finance_admin,財務課,NA,Unknown,non_engineer,2,1752,different_department,5,11,0,0,0,0,0,0,1.791759469228055,2.4849066497880004,0,0
evt_603,1944,7638,7638_name_財務課,長官官房,finance_admin,財務課,NA,Unknown,non_engineer,2,1761,different_department,2,1,0,0,0,0,0,0,1.0986122886681098,0.6931471805599453,0,0
evt_603,1944,7638,7638_name_財務課,長官官房,finance_admin,財務課,NA,Unknown,non_engineer,2,1787,different_department,2,5,0,0,0,0,0,0,1.0986122886681098,1.791759469228055,0,0
evt_603,1944,7638,7638_name_財務課,長官官房,finance_admin,財務課,NA,Unknown,non_engineer,2,1794,different_department,7,7,0,0,0,0,0,0,2.0794415416798357,2.0794415416798357,0,0
evt_603,1944,7638,7638_name_財務課,長官官房,finance_admin,財務課,NA,Unknown,non_engineer,2,1896,different_department,3,1,0,0,0,0,0,0,1.3862943611198906,0.6931471805599453,0,0
evt_603,1944,7638,7638_name_財務課,長官官房,finance_admin,財務課,NA,Unknown,non_engineer,2,1906,different_department,1,15,0,0,0,0,0,0,0.6931471805599453,2.772588722239781,0,0
evt_603,1944,7638,7638_name_財務課,長官官房,finance_admin,財務課,NA,Unknown,non_engineer,2,1919,different_department,2,1,0,0,0,0,0,0,1.0986122886681098,0.6931471805599453,0,0
evt_603,1944,7638,7638_name_財務課,長官官房,finance_admin,財務課,NA,Unknown,non_engineer,2,1989,different_department,1,41,0,0,0,0,0,0,0.6931471805599453,3.7376696182833684,0,0
evt_603,1944,7638,7638_name_財務課,長官官房,finance_admin,財務課,NA,Unknown,non_engineer,2,2003,different_department,1,25,0,0,0,0,0,0,0.6931471805599453,3.258096538021482,0,0
evt_603,1944,7638,7638_name_財務課,長官官房,finance_admin,財務課,NA,Unknown,non_engineer,2,2033,different_department,4,1,0,0,0,0,0,0,1.6094379124341003,0.6931471805599453,0,0
evt_603,1944,7638,7638_name_財務課,長官官房,finance_admin,財務課,NA,Unknown,non_engineer,2,2056,different_department,4,15,0,0,0,0,0,0,1.6094379124341003,2.772588722239781,0,0
evt_603,1944,7638,7638_name_財務課,長官官房,finance_admin,財務課,NA,Unknown,non_engineer,2,2071,different_department,8,16,0,0,0,0,0,0,2.1972245773362196,2.833213344056216,0,0
evt_603,1944,7638,7638_name_財務課,長官官房,finance_admin,財務課,NA,Unknown,non_engineer,2,2072,different_department,3,1,0,0,0,0,0,0,1.3862943611198906,0.6931471805599453,0,0
evt_603,1944,7638,7638_name_財務課,長官官房,finance_admin,財務課,NA,Unknown,non_engineer,2,2109,different_department,4,6,0,0,0,0,0,0,1.6094379124341003,1.9459101490553132,0,0
evt_603,1944,7638,7638_name_財務課,長官官房,finance_admin,財務課,NA,Unknown,non_engineer,2,2123,different_department,2,1,0,0,0,0,0,0,1.0986122886681098,0.6931471805599453,0,0
evt_603,1944,7638,7638_name_財務課,長官官房,finance_admin,財務課,NA,Unknown,non_engineer,2,2125,different_department,4,7,0,0,0,0,0,0,1.6094379124341003,2.0794415416798357,0,0
evt_603,1944,7638,7638_name_財務課,長官官房,finance_admin,財務課,NA,Unknown,non_engineer,2,2138,different_department,6,5,0,0,0,0,0,0,1.9459101490553132,1.791759469228055,0,0
evt_603,1944,7638,7638_name_財務課,長官官房,finance_admin,財務課,NA,Unknown,non_engineer,2,2143,different_department,1,10,0,0,0,0,0,0,0.6931471805599453,2.3978952727983707,0,0
evt_603,1944,7638,7638_name_財務課,長官官房,finance_admin,財務課,NA,Unknown,non_engineer,2,2158,different_department,1,1,0,0,0,0,0,0,0.6931471805599453,0.6931471805599453,0,0
evt_603,1944,7638,7638_name_財務課,長官官房,finance_admin,財務課,NA,Unknown,non_engineer,2,2174,different_department,5,4,0,0,0,0,0,0,1.791759469228055,1.6094379124341003,0,0
evt_603,1944,7638,7638_name_財務課,長官官房,finance_admin,財務課,NA,Unknown,non_engineer,2,2183,different_department,7,42,0,0,0,0,0,0,2.0794415416798357,3.7612001156935624,0,0
evt_603,1944,7638,7638_name_財務課,長官官房,finance_admin,財務課,NA,Unknown,non_engineer,2,2213,different_department,1,7,0,0,0,0,0,0,0.6931471805599453,2.0794415416798357,0,0
evt_603,1944,7638,7638_name_財務課,長官官房,finance_admin,財務課,NA,Unknown,non_engineer,2,2221,different_department,2,1,0,0,0,0,0,0,1.0986122886681098,0.6931471805599453,0,0
evt_603,1944,7638,7638_name_財務課,長官官房,finance_admin,財務課,NA,Unknown,non_engineer,2,5764,different_department,3,17,0,0,0,0,0,0,1.3862943611198906,2.8903717578961645,0,0
evt_603,1944,7638,7638_name_財務課,長官官房,finance_admin,財務課,NA,Unknown,non_engineer,2,5869,different_department,1,28,0,0,0,0,0,0,0.6931471805599453,3.367295829986474,0,0
evt_603,1944,7638,7638_name_財務課,長官官房,finance_admin,財務課,NA,Unknown,non_engineer,2,5908,different_department,2,27,0,0,0,0,0,0,1.0986122886681098,3.332204510175204,0,0
evt_603,1944,7638,7638_name_財務課,長官官房,finance_admin,財務課,NA,Unknown,non_engineer,2,6184,different_department,2,24,0,0,0,0,0,0,1.0986122886681098,3.2188758248682006,0,0
evt_603,1944,7638,7638_name_財務課,長官官房,finance_admin,財務課,NA,Unknown,non_engineer,2,6233,different_department,1,23,0,0,0,0,0,0,0.6931471805599453,3.1780538303479458,0,0
evt_603,1944,7638,7638_name_財務課,長官官房,finance_admin,財務課,NA,Unknown,non_engineer,2,6328,different_department,1,26,0,0,0,0,0,0,0.6931471805599453,3.295836866004329,0,0
evt_603,1944,7638,7638_name_財務課,長官官房,finance_admin,財務課,NA,Unknown,non_engineer,2,6337,different_department,4,5,0,0,0,0,0,0,1.6094379124341003,1.791759469228055,0,0
evt_603,1944,7638,7638_name_財務課,長官官房,finance_admin,財務課,NA,Unknown,non_engineer,2,6701,different_department,17,12,0,0,0,0,0,0,2.8903717578961645,2.5649493574615367,0,0
evt_603,1944,7638,7638_name_財務課,長官官房,finance_admin,財務課,NA,Unknown,non_engineer,2,6791,different_department,2,23,0,0,0,0,0,0,1.0986122886681098,3.1780538303479458,0,0
evt_603,1944,7638,7638_name_財務課,長官官房,finance_admin,財務課,NA,Unknown,non_engineer,2,6946,different_department,3,58,0,0,0,0,0,0,1.3862943611198906,4.07753744390572,0,0
evt_603,1944,7638,7638_name_財務課,長官官房,finance_admin,財務課,NA,Unknown,non_engineer,2,6953,different_department,4,25,0,0,0,0,0,0,1.6094379124341003,3.258096538021482,0,0
evt_603,1944,7638,7638_name_財務課,長官官房,finance_admin,財務課,NA,Unknown,non_engineer,2,7029,different_department,2,26,0,0,0,0,0,0,1.0986122886681098,3.295836866004329,0,0
evt_603,1944,7638,7638_name_財務課,長官官房,finance_admin,財務課,NA,Unknown,non_engineer,2,7051,different_department,2,9,0,0,0,0,0,0,1.0986122886681098,2.302585092994046,0,0
evt_603,1944,7638,7638_name_財務課,長官官房,finance_admin,財務課,NA,Unknown,non_engineer,2,7191,different_department,1,19,0,0,0,0,0,0,0.6931471805599453,2.995732273553991,0,0
evt_603,1944,7638,7638_name_財務課,長官官房,finance_admin,財務課,NA,Unknown,non_engineer,2,7235,different_department,1,23,0,0,0,0,0,0,0.6931471805599453,3.1780538303479458,0,0
evt_603,1944,7638,7638_name_財務課,長官官房,finance_admin,財務課,NA,Unknown,non_engineer,2,7461,different_department,1,20,0,0,0,0,0,0,0.6931471805599453,3.044522437723423,0,0
evt_603,1944,7638,7638_name_財務課,長官官房,finance_admin,財務課,NA,Unknown,non_engineer,2,7484,different_department,2,29,0,0,0,0,0,0,1.0986122886681098,3.4011973816621555,0,0
evt_603,1944,7638,7638_name_財務課,長官官房,finance_admin,財務課,NA,Unknown,non_engineer,2,7492,different_department,1,26,0,0,0,0,0,0,0.6931471805599453,3.295836866004329,0,0
evt_603,1944,7638,7638_name_財務課,長官官房,finance_admin,財務課,NA,Unknown,non_engineer,2,7506,different_department,7,93,1,0,0,0,0,0,2.0794415416798357,4.543294782270004,0,0
evt_603,1944,7638,7638_name_財務課,長官官房,finance_admin,財務課,NA,Unknown,non_engineer,2,7525,different_department,4,5,0,0,0,0,0,0,1.6094379124341003,1.791759469228055,0,0
evt_603,1944,7638,7638_name_財務課,長官官房,finance_admin,財務課,NA,Unknown,non_engineer,2,7748,different_department,4,38,0,0,0,0,0,0,1.6094379124341003,3.6635616461296463,0,0
evt_603,1944,7638,7638_name_財務課,長官官房,finance_admin,財務課,NA,Unknown,non_engineer,2,7836,different_department,1,2,0,0,0,0,0,0,0.6931471805599453,1.0986122886681098,0,0
evt_603,1944,7638,7638_name_財務課,長官官房,finance_admin,財務課,NA,Unknown,non_engineer,2,7910,different_department,2,30,0,0,0,0,0,0,1.0986122886681098,3.4339872044851463,0,0
evt_603,1944,7638,7638_name_財務課,長官官房,finance_admin,財務課,NA,Unknown,non_engineer,2,8164,different_department,2,42,0,0,0,0,0,0,1.0986122886681098,3.7612001156935624,0,0
evt_603,1944,7638,7638_name_財務課,長官官房,finance_admin,財務課,NA,Unknown,non_engineer,2,8358,different_department,1,9,0,0,0,0,0,0,0.6931471805599453,2.302585092994046,0,0
evt_603,1944,7638,7638_name_財務課,長官官房,finance_admin,財務課,NA,Unknown,non_engineer,2,8426,different_department,1,3,0,0,0,0,0,0,0.6931471805599453,1.3862943611198906,0,0
evt_603,1944,7638,7638_name_財務課,長官官房,finance_admin,財務課,NA,Unknown,non_engineer,2,8514,different_department,1,2,0,0,0,0,0,0,0.6931471805599453,1.0986122886681098,0,0
evt_603,1944,7638,7638_name_財務課,長官官房,finance_admin,財務課,NA,Unknown,non_engineer,2,8594,different_department,1,16,0,0,0,0,0,0,0.6931471805599453,2.833213344056216,0,0
evt_603,1944,7638,7638_name_財務課,長官官房,finance_admin,財務課,NA,Unknown,non_engineer,2,8664,different_department,2,8,0,0,0,0,0,0,1.0986122886681098,2.1972245773362196,0,0
evt_603,1944,7638,7638_name_財務課,長官官房,finance_admin,財務課,NA,Unknown,non_engineer,2,8882,different_department,1,28,0,0,0,0,0,0,0.6931471805599453,3.367295829986474,0,0
evt_603,1944,7638,7638_name_財務課,長官官房,finance_admin,財務課,NA,Unknown,non_engineer,2,8905,different_department,6,14,0,0,0,0,0,0,1.9459101490553132,2.70805020110221,0,0
evt_628,1944,7859,7859_grp_180,経済局,economy,食料課,180,兼,non_engineer,2,1190,different_department,1,20,0,0,0,0,0,0,0.6931471805599453,3.044522437723423,0,0
evt_628,1944,7859,7859_grp_180,経済局,economy,食料課,180,兼,non_engineer,2,1335,different_department,1,25,1,0,0,0,0,0,0.6931471805599453,3.258096538021482,0,0
evt_628,1944,7859,7859_grp_180,経済局,economy,食料課,180,兼,non_engineer,2,1642,different_department,9,15,0,0,0,0,0,0,2.302585092994046,2.772588722239781,0,0
evt_628,1944,7859,7859_grp_180,経済局,economy,食料課,180,兼,non_engineer,2,2003,different_department,1,25,0,0,0,0,0,0,0.6931471805599453,3.258096538021482,0,0
evt_628,1944,7859,7859_grp_180,経済局,economy,食料課,180,兼,non_engineer,2,2174,different_department,1,4,0,0,0,0,0,0,0.6931471805599453,1.6094379124341003,0,0
evt_628,1944,7859,7859_grp_180,経済局,economy,食料課,180,兼,non_engineer,2,5884,different_department,3,16,0,0,0,0,0,0,1.3862943611198906,2.833213344056216,0,0
evt_628,1944,7859,7859_grp_180,経済局,economy,食料課,180,兼,non_engineer,2,6650,different_department,12,3,0,0,0,0,0,0,2.5649493574615367,1.3862943611198906,0,0
evt_628,1944,7859,7859_grp_180,経済局,economy,食料課,180,兼,non_engineer,2,7819,different_department,1,16,0,0,0,0,0,0,0.6931471805599453,2.833213344056216,0,0
evt_628,1944,7859,7859_grp_180,経済局,economy,食料課,180,兼,non_engineer,2,8164,different_department,1,9,0,0,0,0,0,0,0.6931471805599453,2.302585092994046,0,0
evt_628,1944,7859,7859_grp_180,経済局,economy,食料課,180,兼,non_engineer,2,8514,different_department,6,3,0,0,0,0,0,0,1.9459101490553132,1.3862943611198906,0,0
evt_628,1944,7859,7859_grp_180,経済局,economy,食料課,180,兼,non_engineer,2,8946,different_department,1,29,0,0,0,0,0,0,0.6931471805599453,3.4011973816621555,0,0
evt_629,1944,7859,7859_grp_180,経済局,economy,食料課,180,雇,yato,1,1130,different_department,2,2,0,0,0,0,0,0,1.0986122886681098,1.0986122886681098,1,0
evt_629,1944,7859,7859_grp_180,経済局,economy,食料課,180,雇,yato,1,1147,different_department,2,3,0,0,0,0,0,0,1.0986122886681098,1.3862943611198906,1,0
evt_629,1944,7859,7859_grp_180,経済局,economy,食料課,180,雇,yato,1,1190,different_department,10,20,1,0,0,0,0,0,2.3978952727983707,3.044522437723423,1,0
evt_629,1944,7859,7859_grp_180,経済局,economy,食料課,180,雇,yato,1,1225,same_department,1,1,0,0,0,0,0,1,0.6931471805599453,0.6931471805599453,1,0
evt_629,1944,7859,7859_grp_180,経済局,economy,食料課,180,雇,yato,1,1449,different_department,11,20,0,0,0,0,0,0,2.4849066497880004,3.044522437723423,1,0
evt_629,1944,7859,7859_grp_180,経済局,economy,食料課,180,雇,yato,1,1478,different_department,7,5,0,0,0,0,0,0,2.0794415416798357,1.791759469228055,1,0
evt_629,1944,7859,7859_grp_180,経済局,economy,食料課,180,雇,yato,1,1555,different_department,14,11,0,0,0,0,0,0,2.70805020110221,2.4849066497880004,1,0
evt_629,1944,7859,7859_grp_180,経済局,economy,食料課,180,雇,yato,1,1566,different_department,1,3,0,0,0,0,0,0,0.6931471805599453,1.3862943611198906,1,0
evt_629,1944,7859,7859_grp_180,経済局,economy,食料課,180,雇,yato,1,1642,different_department,4,15,0,0,0,0,0,0,1.6094379124341003,2.772588722239781,1,0
evt_629,1944,7859,7859_grp_180,経済局,economy,食料課,180,雇,yato,1,1697,different_department,2,2,0,0,0,0,0,0,1.0986122886681098,1.0986122886681098,1,0
evt_629,1944,7859,7859_grp_180,経済局,economy,食料課,180,雇,yato,1,1752,different_department,7,11,0,0,0,0,0,0,2.0794415416798357,2.4849066497880004,1,0
evt_629,1944,7859,7859_grp_180,経済局,economy,食料課,180,雇,yato,1,1896,different_department,5,1,0,0,0,0,0,0,1.791759469228055,0.6931471805599453,1,0
evt_629,1944,7859,7859_grp_180,経済局,economy,食料課,180,雇,yato,1,1972,different_department,1,13,0,0,0,0,0,0,0.6931471805599453,2.6390573296152584,1,0
evt_629,1944,7859,7859_grp_180,経済局,economy,食料課,180,雇,yato,1,1989,different_department,1,41,0,0,0,0,0,0,0.6931471805599453,3.7376696182833684,1,0
evt_629,1944,7859,7859_grp_180,経済局,economy,食料課,180,雇,yato,1,2051,different_department,3,1,0,0,0,0,0,0,1.3862943611198906,0.6931471805599453,1,0
evt_629,1944,7859,7859_grp_180,経済局,economy,食料課,180,雇,yato,1,2056,different_department,6,15,0,0,0,0,0,0,1.9459101490553132,2.772588722239781,1,0
evt_629,1944,7859,7859_grp_180,経済局,economy,食料課,180,雇,yato,1,2071,different_department,1,16,0,0,0,0,0,0,0.6931471805599453,2.833213344056216,1,0
evt_629,1944,7859,7859_grp_180,経済局,economy,食料課,180,雇,yato,1,2109,different_department,5,6,0,0,0,0,0,0,1.791759469228055,1.9459101490553132,1,0
evt_629,1944,7859,7859_grp_180,経済局,economy,食料課,180,雇,yato,1,2118,different_department,2,16,0,0,0,0,0,0,1.0986122886681098,2.833213344056216,1,0
evt_629,1944,7859,7859_grp_180,経済局,economy,食料課,180,雇,yato,1,2123,different_department,2,1,0,0,0,0,0,0,1.0986122886681098,0.6931471805599453,1,0
evt_629,1944,7859,7859_grp_180,経済局,economy,食料課,180,雇,yato,1,2125,different_department,5,7,0,0,0,0,0,0,1.791759469228055,2.0794415416798357,1,0
evt_629,1944,7859,7859_grp_180,経済局,economy,食料課,180,雇,yato,1,2138,same_department,3,5,0,0,0,0,0,1,1.3862943611198906,1.791759469228055,1,0
evt_629,1944,7859,7859_grp_180,経済局,economy,食料課,180,雇,yato,1,2143,different_department,4,10,0,0,0,0,0,0,1.6094379124341003,2.3978952727983707,1,0
evt_629,1944,7859,7859_grp_180,経済局,economy,食料課,180,雇,yato,1,2158,same_section,3,1,0,0,0,0,1,0,1.3862943611198906,0.6931471805599453,1,0
evt_629,1944,7859,7859_grp_180,経済局,economy,食料課,180,雇,yato,1,2159,same_department,2,4,0,0,0,0,0,1,1.0986122886681098,1.6094379124341003,1,0
evt_629,1944,7859,7859_grp_180,経済局,economy,食料課,180,雇,yato,1,2213,different_department,7,7,0,0,0,0,0,0,2.0794415416798357,2.0794415416798357,1,0
evt_629,1944,7859,7859_grp_180,経済局,economy,食料課,180,雇,yato,1,5869,different_department,3,28,0,0,0,0,0,0,1.3862943611198906,3.367295829986474,1,0
evt_629,1944,7859,7859_grp_180,経済局,economy,食料課,180,雇,yato,1,6328,different_department,5,26,0,0,0,0,0,0,1.791759469228055,3.295836866004329,1,0
evt_629,1944,7859,7859_grp_180,経済局,economy,食料課,180,雇,yato,1,6501,different_department,1,2,0,0,0,0,0,0,0.6931471805599453,1.0986122886681098,1,0
evt_629,1944,7859,7859_grp_180,経済局,economy,食料課,180,雇,yato,1,6641,same_department,1,1,0,0,0,0,0,1,0.6931471805599453,0.6931471805599453,1,0
evt_629,1944,7859,7859_grp_180,経済局,economy,食料課,180,雇,yato,1,6701,different_department,1,12,0,0,0,0,0,0,0.6931471805599453,2.5649493574615367,1,0
evt_629,1944,7859,7859_grp_180,経済局,economy,食料課,180,雇,yato,1,6843,different_department,12,4,0,0,0,0,0,0,2.5649493574615367,1.6094379124341003,1,0
evt_629,1944,7859,7859_grp_180,経済局,economy,食料課,180,雇,yato,1,6844,different_department,1,6,0,0,0,0,0,0,0.6931471805599453,1.9459101490553132,1,0
evt_629,1944,7859,7859_grp_180,経済局,economy,食料課,180,雇,yato,1,6845,different_department,2,16,0,0,0,0,0,0,1.0986122886681098,2.833213344056216,1,0
evt_629,1944,7859,7859_grp_180,経済局,economy,食料課,180,雇,yato,1,7506,different_department,2,93,0,0,0,0,0,0,1.0986122886681098,4.543294782270004,1,0
evt_629,1944,7859,7859_grp_180,経済局,economy,食料課,180,雇,yato,1,7525,different_department,4,5,0,0,0,0,0,0,1.6094379124341003,1.791759469228055,1,0
evt_629,1944,7859,7859_grp_180,経済局,economy,食料課,180,雇,yato,1,7782,different_department,5,32,0,0,0,0,0,0,1.791759469228055,3.4965075614664802,1,0
evt_629,1944,7859,7859_grp_180,経済局,economy,食料課,180,雇,yato,1,8164,different_department,7,9,0,0,0,0,0,0,2.0794415416798357,2.302585092994046,1,0
evt_629,1944,7859,7859_grp_180,経済局,economy,食料課,180,雇,yato,1,8321,different_department,4,7,0,0,0,0,0,0,1.6094379124341003,2.0794415416798357,1,0
evt_629,1944,7859,7859_grp_180,経済局,economy,食料課,180,雇,yato,1,8358,different_department,15,81,0,0,0,0,0,0,2.772588722239781,4.406719247264253,1,0
evt_629,1944,7859,7859_grp_180,経済局,economy,食料課,180,雇,yato,1,8594,different_department,7,16,0,0,0,0,0,0,2.0794415416798357,2.833213344056216,1,0
evt_629,1944,7859,7859_grp_180,経済局,economy,食料課,180,雇,yato,1,8757,different_department,4,7,0,0,0,0,0,0,1.6094379124341003,2.0794415416798357,1,0
evt_629,1944,7859,7859_grp_180,経済局,economy,食料課,180,雇,yato,1,8882,different_department,1,28,0,0,0,0,0,0,0.6931471805599453,3.367295829986474,1,0
evt_629,1944,7859,7859_grp_180,経済局,economy,食料課,180,雇,yato,1,8899,different_department,4,9,0,0,0,0,0,0,1.6094379124341003,2.302585092994046,1,0
evt_629,1944,7859,7859_grp_180,経済局,economy,食料課,180,雇,yato,1,8905,different_department,19,14,0,0,0,0,0,0,2.995732273553991,2.70805020110221,1,0
evt_629,1944,7859,7859_grp_180,経済局,economy,食料課,180,雇,yato,1,8946,different_department,1,29,0,0,0,0,0,0,0.6931471805599453,3.4011973816621555,1,0
evt_629,1944,7859,7859_grp_180,経済局,economy,食料課,180,雇,yato,1,8994,different_department,3,28,0,0,0,0,0,0,1.3862943611198906,3.367295829986474,1,0
evt_629,1944,7859,7859_grp_180,経済局,economy,食料課,180,雇,yato,1,8996,different_department,2,2,0,0,0,0,0,0,1.0986122886681098,1.0986122886681098,1,0
evt_664,1944,8994,8994_name_missing,経済局,economy,NA,NA,雇,yato,1,1130,different_department,2,2,0,0,0,0,0,0,1.0986122886681098,1.0986122886681098,0,0
evt_664,1944,8994,8994_name_missing,経済局,economy,NA,NA,雇,yato,1,1147,different_department,2,3,0,0,0,0,0,0,1.0986122886681098,1.3862943611198906,0,0
evt_664,1944,8994,8994_name_missing,経済局,economy,NA,NA,雇,yato,1,1190,different_department,10,20,1,0,0,0,0,0,2.3978952727983707,3.044522437723423,0,0
evt_664,1944,8994,8994_name_missing,経済局,economy,NA,NA,雇,yato,1,1225,same_department,1,1,0,0,0,0,0,1,0.6931471805599453,0.6931471805599453,0,0
evt_664,1944,8994,8994_name_missing,経済局,economy,NA,NA,雇,yato,1,1449,different_department,11,20,0,0,0,0,0,0,2.4849066497880004,3.044522437723423,0,0
evt_664,1944,8994,8994_name_missing,経済局,economy,NA,NA,雇,yato,1,1478,different_department,7,5,0,0,0,0,0,0,2.0794415416798357,1.791759469228055,0,0
evt_664,1944,8994,8994_name_missing,経済局,economy,NA,NA,雇,yato,1,1555,different_department,14,11,0,0,0,0,0,0,2.70805020110221,2.4849066497880004,0,0
evt_664,1944,8994,8994_name_missing,経済局,economy,NA,NA,雇,yato,1,1566,different_department,1,3,0,0,0,0,0,0,0.6931471805599453,1.3862943611198906,0,0
evt_664,1944,8994,8994_name_missing,経済局,economy,NA,NA,雇,yato,1,1642,different_department,4,15,0,0,0,0,0,0,1.6094379124341003,2.772588722239781,0,0
evt_664,1944,8994,8994_name_missing,経済局,economy,NA,NA,雇,yato,1,1697,different_department,2,2,0,2,1.0986122886681098,1,0,0,1.0986122886681098,1.0986122886681098,0,0
evt_664,1944,8994,8994_name_missing,経済局,economy,NA,NA,雇,yato,1,1752,different_department,7,11,0,0,0,0,0,0,2.0794415416798357,2.4849066497880004,0,0
evt_664,1944,8994,8994_name_missing,経済局,economy,NA,NA,雇,yato,1,1896,different_department,5,1,0,0,0,0,0,0,1.791759469228055,0.6931471805599453,0,0
evt_664,1944,8994,8994_name_missing,経済局,economy,NA,NA,雇,yato,1,1972,different_department,1,13,0,1,0.6931471805599453,1,0,0,0.6931471805599453,2.6390573296152584,0,0
evt_664,1944,8994,8994_name_missing,経済局,economy,NA,NA,雇,yato,1,1989,different_department,1,41,0,0,0,0,0,0,0.6931471805599453,3.7376696182833684,0,0
evt_664,1944,8994,8994_name_missing,経済局,economy,NA,NA,雇,yato,1,2051,different_department,3,1,0,0,0,0,0,0,1.3862943611198906,0.6931471805599453,0,0
evt_664,1944,8994,8994_name_missing,経済局,economy,NA,NA,雇,yato,1,2056,different_department,6,15,0,0,0,0,0,0,1.9459101490553132,2.772588722239781,0,0
evt_664,1944,8994,8994_name_missing,経済局,economy,NA,NA,雇,yato,1,2071,different_department,1,16,0,0,0,0,0,0,0.6931471805599453,2.833213344056216,0,0
evt_664,1944,8994,8994_name_missing,経済局,economy,NA,NA,雇,yato,1,2109,different_department,5,6,0,0,0,0,0,0,1.791759469228055,1.9459101490553132,0,0
evt_664,1944,8994,8994_name_missing,経済局,economy,NA,NA,雇,yato,1,2118,different_department,2,16,0,0,0,0,0,0,1.0986122886681098,2.833213344056216,0,0
evt_664,1944,8994,8994_name_missing,経済局,economy,NA,NA,雇,yato,1,2123,different_department,2,1,0,0,0,0,0,0,1.0986122886681098,0.6931471805599453,0,0
evt_664,1944,8994,8994_name_missing,経済局,economy,NA,NA,雇,yato,1,2125,different_department,5,7,0,0,0,0,0,0,1.791759469228055,2.0794415416798357,0,0
evt_664,1944,8994,8994_name_missing,経済局,economy,NA,NA,雇,yato,1,2138,same_department,3,5,0,0,0,0,0,1,1.3862943611198906,1.791759469228055,0,0
evt_664,1944,8994,8994_name_missing,経済局,economy,NA,NA,雇,yato,1,2143,different_department,4,10,0,0,0,0,0,0,1.6094379124341003,2.3978952727983707,0,0
evt_664,1944,8994,8994_name_missing,経済局,economy,NA,NA,雇,yato,1,2158,same_department,3,1,0,0,0,0,0,1,1.3862943611198906,0.6931471805599453,0,0
evt_664,1944,8994,8994_name_missing,経済局,economy,NA,NA,雇,yato,1,2159,same_department,2,4,0,0,0,0,0,1,1.0986122886681098,1.6094379124341003,0,0
evt_664,1944,8994,8994_name_missing,経済局,economy,NA,NA,雇,yato,1,2213,different_department,7,7,0,0,0,0,0,0,2.0794415416798357,2.0794415416798357,0,0
evt_664,1944,8994,8994_name_missing,経済局,economy,NA,NA,雇,yato,1,5869,different_department,3,28,0,0,0,0,0,0,1.3862943611198906,3.367295829986474,0,0
evt_664,1944,8994,8994_name_missing,経済局,economy,NA,NA,雇,yato,1,6328,different_department,5,26,0,0,0,0,0,0,1.791759469228055,3.295836866004329,0,0
evt_664,1944,8994,8994_name_missing,経済局,economy,NA,NA,雇,yato,1,6501,different_department,1,2,0,0,0,0,0,0,0.6931471805599453,1.0986122886681098,0,0
evt_664,1944,8994,8994_name_missing,経済局,economy,NA,NA,雇,yato,1,6641,same_department,1,1,0,0,0,0,0,1,0.6931471805599453,0.6931471805599453,0,0
evt_664,1944,8994,8994_name_missing,経済局,economy,NA,NA,雇,yato,1,6701,different_department,1,12,0,0,0,0,0,0,0.6931471805599453,2.5649493574615367,0,0
evt_664,1944,8994,8994_name_missing,経済局,economy,NA,NA,雇,yato,1,6843,different_department,12,4,0,0,0,0,0,0,2.5649493574615367,1.6094379124341003,0,0
evt_664,1944,8994,8994_name_missing,経済局,economy,NA,NA,雇,yato,1,6844,different_department,1,6,0,0,0,0,0,0,0.6931471805599453,1.9459101490553132,0,0
evt_664,1944,8994,8994_name_missing,経済局,economy,NA,NA,雇,yato,1,6845,different_department,2,16,0,0,0,0,0,0,1.0986122886681098,2.833213344056216,0,0
evt_664,1944,8994,8994_name_missing,経済局,economy,NA,NA,雇,yato,1,7506,different_department,2,93,0,16,2.833213344056216,1,0,0,1.0986122886681098,4.543294782270004,0,0
evt_664,1944,8994,8994_name_missing,経済局,economy,NA,NA,雇,yato,1,7525,different_department,4,5,0,0,0,0,0,0,1.6094379124341003,1.791759469228055,0,0
evt_664,1944,8994,8994_name_missing,経済局,economy,NA,NA,雇,yato,1,7782,different_department,5,32,0,0,0,0,0,0,1.791759469228055,3.4965075614664802,0,0
evt_664,1944,8994,8994_name_missing,経済局,economy,NA,NA,雇,yato,1,8164,different_department,7,9,0,0,0,0,0,0,2.0794415416798357,2.302585092994046,0,0
evt_664,1944,8994,8994_name_missing,経済局,economy,NA,NA,雇,yato,1,8321,different_department,4,7,0,0,0,0,0,0,1.6094379124341003,2.0794415416798357,0,0
evt_664,1944,8994,8994_name_missing,経済局,economy,NA,NA,雇,yato,1,8358,different_department,15,81,0,0,0,0,0,0,2.772588722239781,4.406719247264253,0,0
evt_664,1944,8994,8994_name_missing,経済局,economy,NA,NA,雇,yato,1,8594,different_department,7,16,0,0,0,0,0,0,2.0794415416798357,2.833213344056216,0,0
evt_664,1944,8994,8994_name_missing,経済局,economy,NA,NA,雇,yato,1,8757,different_department,4,7,0,0,0,0,0,0,1.6094379124341003,2.0794415416798357,0,0
evt_664,1944,8994,8994_name_missing,経済局,economy,NA,NA,雇,yato,1,8882,different_department,1,28,0,0,0,0,0,0,0.6931471805599453,3.367295829986474,0,0
evt_664,1944,8994,8994_name_missing,経済局,economy,NA,NA,雇,yato,1,8899,different_department,4,9,0,0,0,0,0,0,1.6094379124341003,2.302585092994046,0,0
evt_664,1944,8994,8994_name_missing,経済局,economy,NA,NA,雇,yato,1,8905,different_department,19,14,0,0,0,0,0,0,2.995732273553991,2.70805020110221,0,0
evt_664,1944,8994,8994_name_missing,経済局,economy,NA,NA,雇,yato,1,8946,different_department,1,29,0,1,0.6931471805599453,1,0,0,0.6931471805599453,3.4011973816621555,0,0
evt_664,1944,8994,8994_name_missing,経済局,economy,NA,NA,雇,yato,1,8996,different_department,2,2,0,2,1.0986122886681098,1,0,0,1.0986122886681098,1.0986122886681098,0,0
evt_86,1944,1448,1448_grp_753,水道局,water,庶務課,753,Unknown,non_engineer,2,1130,different_department,7,2,0,0,0,0,0,0,2.0794415416798357,1.0986122886681098,0,0
evt_86,1944,1448,1448_grp_753,水道局,water,庶務課,753,Unknown,non_engineer,2,1147,different_department,1,3,0,0,0,0,0,0,0.6931471805599453,1.3862943611198906,0,0
evt_86,1944,1448,1448_grp_753,水道局,water,庶務課,753,Unknown,non_engineer,2,1190,different_department,3,20,0,0,0,0,0,0,1.3862943611198906,3.044522437723423,0,0
evt_86,1944,1448,1448_grp_753,水道局,water,庶務課,753,Unknown,non_engineer,2,1193,different_department,7,4,0,0,0,0,0,0,2.0794415416798357,1.6094379124341003,0,0
evt_86,1944,1448,1448_grp_753,水道局,water,庶務課,753,Unknown,non_engineer,2,1233,different_department,5,7,0,0,0,0,0,0,1.791759469228055,2.0794415416798357,0,0
evt_86,1944,1448,1448_grp_753,水道局,water,庶務課,753,Unknown,non_engineer,2,1335,different_department,1,25,0,0,0,0,0,0,0.6931471805599453,3.258096538021482,0,0
evt_86,1944,1448,1448_grp_753,水道局,water,庶務課,753,Unknown,non_engineer,2,1402,different_department,8,2,0,0,0,0,0,0,2.1972245773362196,1.0986122886681098,0,0
evt_86,1944,1448,1448_grp_753,水道局,water,庶務課,753,Unknown,non_engineer,2,1449,different_department,11,20,1,0,0,0,0,0,2.4849066497880004,3.044522437723423,0,0
evt_86,1944,1448,1448_grp_753,水道局,water,庶務課,753,Unknown,non_engineer,2,1478,different_department,4,5,0,0,0,0,0,0,1.6094379124341003,1.791759469228055,0,0
evt_86,1944,1448,1448_grp_753,水道局,water,庶務課,753,Unknown,non_engineer,2,1486,same_department,1,2,0,0,0,0,0,1,0.6931471805599453,1.0986122886681098,0,0
evt_86,1944,1448,1448_grp_753,水道局,water,庶務課,753,Unknown,non_engineer,2,1490,different_department,1,1,0,0,0,0,0,0,0.6931471805599453,0.6931471805599453,0,0
evt_86,1944,1448,1448_grp_753,水道局,water,庶務課,753,Unknown,non_engineer,2,1501,different_department,1,9,0,0,0,0,0,0,0.6931471805599453,2.302585092994046,0,0
evt_86,1944,1448,1448_grp_753,水道局,water,庶務課,753,Unknown,non_engineer,2,1531,different_department,2,1,0,0,0,0,0,0,1.0986122886681098,0.6931471805599453,0,0
evt_86,1944,1448,1448_grp_753,水道局,water,庶務課,753,Unknown,non_engineer,2,1538,different_department,1,4,0,0,0,0,0,0,0.6931471805599453,1.6094379124341003,0,0
evt_86,1944,1448,1448_grp_753,水道局,water,庶務課,753,Unknown,non_engineer,2,1555,different_department,3,11,0,0,0,0,0,0,1.3862943611198906,2.4849066497880004,0,0
evt_86,1944,1448,1448_grp_753,水道局,water,庶務課,753,Unknown,non_engineer,2,1642,different_department,1,15,0,0,0,0,0,0,0.6931471805599453,2.772588722239781,0,0
evt_86,1944,1448,1448_grp_753,水道局,water,庶務課,753,Unknown,non_engineer,2,1676,different_department,3,16,0,0,0,0,0,0,1.3862943611198906,2.833213344056216,0,0
evt_86,1944,1448,1448_grp_753,水道局,water,庶務課,753,Unknown,non_engineer,2,1697,different_department,1,2,0,0,0,0,0,0,0.6931471805599453,1.0986122886681098,0,0
evt_86,1944,1448,1448_grp_753,水道局,water,庶務課,753,Unknown,non_engineer,2,1752,different_department,5,11,0,0,0,0,0,0,1.791759469228055,2.4849066497880004,0,0
evt_86,1944,1448,1448_grp_753,水道局,water,庶務課,753,Unknown,non_engineer,2,1787,different_department,2,5,0,0,0,0,0,0,1.0986122886681098,1.791759469228055,0,0
evt_86,1944,1448,1448_grp_753,水道局,water,庶務課,753,Unknown,non_engineer,2,1896,different_department,3,1,0,0,0,0,0,0,1.3862943611198906,0.6931471805599453,0,0
evt_86,1944,1448,1448_grp_753,水道局,water,庶務課,753,Unknown,non_engineer,2,1906,same_department,1,15,0,0,0,0,0,1,0.6931471805599453,2.772588722239781,0,0
evt_86,1944,1448,1448_grp_753,水道局,water,庶務課,753,Unknown,non_engineer,2,1919,different_department,2,1,0,0,0,0,0,0,1.0986122886681098,0.6931471805599453,0,0
evt_86,1944,1448,1448_grp_753,水道局,water,庶務課,753,Unknown,non_engineer,2,1989,different_department,1,41,0,0,0,0,0,0,0.6931471805599453,3.7376696182833684,0,0
evt_86,1944,1448,1448_grp_753,水道局,water,庶務課,753,Unknown,non_engineer,2,2003,different_department,1,25,0,0,0,0,0,0,0.6931471805599453,3.258096538021482,0,0
evt_86,1944,1448,1448_grp_753,水道局,water,庶務課,753,Unknown,non_engineer,2,2033,different_department,4,1,0,0,0,0,0,0,1.6094379124341003,0.6931471805599453,0,0
evt_86,1944,1448,1448_grp_753,水道局,water,庶務課,753,Unknown,non_engineer,2,2056,different_department,4,15,0,0,0,0,0,0,1.6094379124341003,2.772588722239781,0,0
evt_86,1944,1448,1448_grp_753,水道局,water,庶務課,753,Unknown,non_engineer,2,2071,different_department,8,16,0,0,0,0,0,0,2.1972245773362196,2.833213344056216,0,0
evt_86,1944,1448,1448_grp_753,水道局,water,庶務課,753,Unknown,non_engineer,2,2072,different_department,3,1,0,0,0,0,0,0,1.3862943611198906,0.6931471805599453,0,0
evt_86,1944,1448,1448_grp_753,水道局,water,庶務課,753,Unknown,non_engineer,2,2109,different_department,4,6,0,0,0,0,0,0,1.6094379124341003,1.9459101490553132,0,0
evt_86,1944,1448,1448_grp_753,水道局,water,庶務課,753,Unknown,non_engineer,2,2123,different_department,2,1,0,0,0,0,0,0,1.0986122886681098,0.6931471805599453,0,0
evt_86,1944,1448,1448_grp_753,水道局,water,庶務課,753,Unknown,non_engineer,2,2125,different_department,4,7,0,0,0,0,0,0,1.6094379124341003,2.0794415416798357,0,0
evt_86,1944,1448,1448_grp_753,水道局,water,庶務課,753,Unknown,non_engineer,2,2143,different_department,1,10,0,0,0,0,0,0,0.6931471805599453,2.3978952727983707,0,0
evt_86,1944,1448,1448_grp_753,水道局,water,庶務課,753,Unknown,non_engineer,2,2174,different_department,5,4,0,0,0,0,0,0,1.791759469228055,1.6094379124341003,0,0
evt_86,1944,1448,1448_grp_753,水道局,water,庶務課,753,Unknown,non_engineer,2,2183,different_department,7,42,0,0,0,0,0,0,2.0794415416798357,3.7612001156935624,0,0
evt_86,1944,1448,1448_grp_753,水道局,water,庶務課,753,Unknown,non_engineer,2,2213,different_department,1,7,0,0,0,0,0,0,0.6931471805599453,2.0794415416798357,0,0
evt_86,1944,1448,1448_grp_753,水道局,water,庶務課,753,Unknown,non_engineer,2,2221,different_department,2,1,0,0,0,0,0,0,1.0986122886681098,0.6931471805599453,0,0
evt_86,1944,1448,1448_grp_753,水道局,water,庶務課,753,Unknown,non_engineer,2,5764,different_department,3,17,0,0,0,0,0,0,1.3862943611198906,2.8903717578961645,0,0
evt_86,1944,1448,1448_grp_753,水道局,water,庶務課,753,Unknown,non_engineer,2,5869,different_department,1,28,0,0,0,0,0,0,0.6931471805599453,3.367295829986474,0,0
evt_86,1944,1448,1448_grp_753,水道局,water,庶務課,753,Unknown,non_engineer,2,5908,different_department,2,27,0,0,0,0,0,0,1.0986122886681098,3.332204510175204,0,0
evt_86,1944,1448,1448_grp_753,水道局,water,庶務課,753,Unknown,non_engineer,2,6184,different_department,2,24,0,0,0,0,0,0,1.0986122886681098,3.2188758248682006,0,0
evt_86,1944,1448,1448_grp_753,水道局,water,庶務課,753,Unknown,non_engineer,2,6233,different_department,1,23,0,0,0,0,0,0,0.6931471805599453,3.1780538303479458,0,0
evt_86,1944,1448,1448_grp_753,水道局,water,庶務課,753,Unknown,non_engineer,2,6328,different_department,1,26,0,0,0,0,0,0,0.6931471805599453,3.295836866004329,0,0
evt_86,1944,1448,1448_grp_753,水道局,water,庶務課,753,Unknown,non_engineer,2,6337,different_department,4,5,0,0,0,0,0,0,1.6094379124341003,1.791759469228055,0,0
evt_86,1944,1448,1448_grp_753,水道局,water,庶務課,753,Unknown,non_engineer,2,6701,different_department,17,12,0,0,0,0,0,0,2.8903717578961645,2.5649493574615367,0,0
evt_86,1944,1448,1448_grp_753,水道局,water,庶務課,753,Unknown,non_engineer,2,6791,different_department,2,23,0,0,0,0,0,0,1.0986122886681098,3.1780538303479458,0,0
evt_86,1944,1448,1448_grp_753,水道局,water,庶務課,753,Unknown,non_engineer,2,6946,different_department,3,58,0,0,0,0,0,0,1.3862943611198906,4.07753744390572,0,0
evt_86,1944,1448,1448_grp_753,水道局,water,庶務課,753,Unknown,non_engineer,2,6953,same_department,4,25,0,0,0,0,0,1,1.6094379124341003,3.258096538021482,0,0
evt_86,1944,1448,1448_grp_753,水道局,water,庶務課,753,Unknown,non_engineer,2,7029,different_department,2,26,0,0,0,0,0,0,1.0986122886681098,3.295836866004329,0,0
evt_86,1944,1448,1448_grp_753,水道局,water,庶務課,753,Unknown,non_engineer,2,7051,different_department,2,9,0,0,0,0,0,0,1.0986122886681098,2.302585092994046,0,0
evt_86,1944,1448,1448_grp_753,水道局,water,庶務課,753,Unknown,non_engineer,2,7191,different_department,1,19,0,0,0,0,0,0,0.6931471805599453,2.995732273553991,0,0
evt_86,1944,1448,1448_grp_753,水道局,water,庶務課,753,Unknown,non_engineer,2,7235,different_department,1,23,0,0,0,0,0,0,0.6931471805599453,3.1780538303479458,0,0
evt_86,1944,1448,1448_grp_753,水道局,water,庶務課,753,Unknown,non_engineer,2,7461,different_department,1,20,0,0,0,0,0,0,0.6931471805599453,3.044522437723423,0,0
evt_86,1944,1448,1448_grp_753,水道局,water,庶務課,753,Unknown,non_engineer,2,7484,different_department,2,29,0,0,0,0,0,0,1.0986122886681098,3.4011973816621555,0,0
evt_86,1944,1448,1448_grp_753,水道局,water,庶務課,753,Unknown,non_engineer,2,7492,different_department,1,26,0,0,0,0,0,0,0.6931471805599453,3.295836866004329,0,0
evt_86,1944,1448,1448_grp_753,水道局,water,庶務課,753,Unknown,non_engineer,2,7506,different_department,7,93,0,0,0,0,0,0,2.0794415416798357,4.543294782270004,0,0
evt_86,1944,1448,1448_grp_753,水道局,water,庶務課,753,Unknown,non_engineer,2,7525,different_department,4,5,0,0,0,0,0,0,1.6094379124341003,1.791759469228055,0,0
evt_86,1944,1448,1448_grp_753,水道局,water,庶務課,753,Unknown,non_engineer,2,7748,different_department,4,38,0,0,0,0,0,0,1.6094379124341003,3.6635616461296463,0,0
evt_86,1944,1448,1448_grp_753,水道局,water,庶務課,753,Unknown,non_engineer,2,7836,different_department,1,2,0,0,0,0,0,0,0.6931471805599453,1.0986122886681098,0,0
evt_86,1944,1448,1448_grp_753,水道局,water,庶務課,753,Unknown,non_engineer,2,7910,different_department,2,30,0,0,0,0,0,0,1.0986122886681098,3.4339872044851463,0,0
evt_86,1944,1448,1448_grp_753,水道局,water,庶務課,753,Unknown,non_engineer,2,8164,different_department,2,42,0,0,0,0,0,0,1.0986122886681098,3.7612001156935624,0,0
evt_86,1944,1448,1448_grp_753,水道局,water,庶務課,753,Unknown,non_engineer,2,8426,different_department,1,3,0,0,0,0,0,0,0.6931471805599453,1.3862943611198906,0,0
evt_86,1944,1448,1448_grp_753,水道局,water,庶務課,753,Unknown,non_engineer,2,8514,different_department,1,2,0,0,0,0,0,0,0.6931471805599453,1.0986122886681098,0,0
evt_86,1944,1448,1448_grp_753,水道局,water,庶務課,753,Unknown,non_engineer,2,8594,different_department,1,16,0,0,0,0,0,0,0.6931471805599453,2.833213344056216,0,0
evt_86,1944,1448,1448_grp_753,水道局,water,庶務課,753,Unknown,non_engineer,2,8664,different_department,2,8,0,0,0,0,0,0,1.0986122886681098,2.1972245773362196,0,0
evt_86,1944,1448,1448_grp_753,水道局,water,庶務課,753,Unknown,non_engineer,2,8882,different_department,1,28,0,0,0,0,0,0,0.6931471805599453,3.367295829986474,0,0
evt_86,1944,1448,1448_grp_753,水道局,water,庶務課,753,Unknown,non_engineer,2,8905,different_department,6,14,0,0,0,0,0,0,1.9459101490553132,2.70805020110221,0,0
evt_89,1944,1448,1448_grp_753,水道局,water,庶務課,753,雇,yato,1,1130,different_department,2,2,0,0,0,0,0,0,1.0986122886681098,1.0986122886681098,0,0
evt_89,1944,1448,1448_grp_753,水道局,water,庶務課,753,雇,yato,1,1147,different_department,2,3,0,0,0,0,0,0,1.0986122886681098,1.3862943611198906,0,0
evt_89,1944,1448,1448_grp_753,水道局,water,庶務課,753,雇,yato,1,1190,different_department,10,20,0,0,0,0,0,0,2.3978952727983707,3.044522437723423,0,0
evt_89,1944,1448,1448_grp_753,水道局,water,庶務課,753,雇,yato,1,1449,different_department,11,20,1,0,0,0,0,0,2.4849066497880004,3.044522437723423,0,0
evt_89,1944,1448,1448_grp_753,水道局,water,庶務課,753,雇,yato,1,1478,different_department,7,5,0,0,0,0,0,0,2.0794415416798357,1.791759469228055,0,0
evt_89,1944,1448,1448_grp_753,水道局,water,庶務課,753,雇,yato,1,1555,different_department,14,11,0,0,0,0,0,0,2.70805020110221,2.4849066497880004,0,0
evt_89,1944,1448,1448_grp_753,水道局,water,庶務課,753,雇,yato,1,1566,different_department,1,3,0,0,0,0,0,0,0.6931471805599453,1.3862943611198906,0,0
evt_89,1944,1448,1448_grp_753,水道局,water,庶務課,753,雇,yato,1,1642,different_department,4,15,0,0,0,0,0,0,1.6094379124341003,2.772588722239781,0,0
evt_89,1944,1448,1448_grp_753,水道局,water,庶務課,753,雇,yato,1,1697,different_department,2,2,0,0,0,0,0,0,1.0986122886681098,1.0986122886681098,0,0
evt_89,1944,1448,1448_grp_753,水道局,water,庶務課,753,雇,yato,1,1752,different_department,7,11,0,0,0,0,0,0,2.0794415416798357,2.4849066497880004,0,0
evt_89,1944,1448,1448_grp_753,水道局,water,庶務課,753,雇,yato,1,1896,different_department,5,1,0,0,0,0,0,0,1.791759469228055,0.6931471805599453,0,0
evt_89,1944,1448,1448_grp_753,水道局,water,庶務課,753,雇,yato,1,1906,same_department,1,15,0,0,0,0,0,1,0.6931471805599453,2.772588722239781,0,0
evt_89,1944,1448,1448_grp_753,水道局,water,庶務課,753,雇,yato,1,1972,different_department,1,13,0,0,0,0,0,0,0.6931471805599453,2.6390573296152584,0,0
evt_89,1944,1448,1448_grp_753,水道局,water,庶務課,753,雇,yato,1,1989,different_department,1,41,0,0,0,0,0,0,0.6931471805599453,3.7376696182833684,0,0
evt_89,1944,1448,1448_grp_753,水道局,water,庶務課,753,雇,yato,1,2051,different_department,3,1,0,0,0,0,0,0,1.3862943611198906,0.6931471805599453,0,0
evt_89,1944,1448,1448_grp_753,水道局,water,庶務課,753,雇,yato,1,2056,different_department,6,15,0,0,0,0,0,0,1.9459101490553132,2.772588722239781,0,0
evt_89,1944,1448,1448_grp_753,水道局,water,庶務課,753,雇,yato,1,2071,different_department,1,16,0,0,0,0,0,0,0.6931471805599453,2.833213344056216,0,0
evt_89,1944,1448,1448_grp_753,水道局,water,庶務課,753,雇,yato,1,2109,different_department,5,6,0,0,0,0,0,0,1.791759469228055,1.9459101490553132,0,0
evt_89,1944,1448,1448_grp_753,水道局,water,庶務課,753,雇,yato,1,2118,different_department,2,16,0,0,0,0,0,0,1.0986122886681098,2.833213344056216,0,0
evt_89,1944,1448,1448_grp_753,水道局,water,庶務課,753,雇,yato,1,2123,different_department,2,1,0,0,0,0,0,0,1.0986122886681098,0.6931471805599453,0,0
evt_89,1944,1448,1448_grp_753,水道局,water,庶務課,753,雇,yato,1,2125,different_department,5,7,0,0,0,0,0,0,1.791759469228055,2.0794415416798357,0,0
evt_89,1944,1448,1448_grp_753,水道局,water,庶務課,753,雇,yato,1,2143,different_department,4,10,0,0,0,0,0,0,1.6094379124341003,2.3978952727983707,0,0
evt_89,1944,1448,1448_grp_753,水道局,water,庶務課,753,雇,yato,1,2213,different_department,7,7,0,0,0,0,0,0,2.0794415416798357,2.0794415416798357,0,0
evt_89,1944,1448,1448_grp_753,水道局,water,庶務課,753,雇,yato,1,5869,different_department,3,28,0,0,0,0,0,0,1.3862943611198906,3.367295829986474,0,0
evt_89,1944,1448,1448_grp_753,水道局,water,庶務課,753,雇,yato,1,6328,different_department,5,26,0,0,0,0,0,0,1.791759469228055,3.295836866004329,0,0
evt_89,1944,1448,1448_grp_753,水道局,water,庶務課,753,雇,yato,1,6415,same_department,1,1,0,0,0,0,0,1,0.6931471805599453,0.6931471805599453,0,0
evt_89,1944,1448,1448_grp_753,水道局,water,庶務課,753,雇,yato,1,6501,different_department,1,2,0,0,0,0,0,0,0.6931471805599453,1.0986122886681098,0,0
evt_89,1944,1448,1448_grp_753,水道局,water,庶務課,753,雇,yato,1,6701,different_department,1,12,0,0,0,0,0,0,0.6931471805599453,2.5649493574615367,0,0
evt_89,1944,1448,1448_grp_753,水道局,water,庶務課,753,雇,yato,1,6843,different_department,12,4,0,0,0,0,0,0,2.5649493574615367,1.6094379124341003,0,0
evt_89,1944,1448,1448_grp_753,水道局,water,庶務課,753,雇,yato,1,6844,different_department,1,6,0,0,0,0,0,0,0.6931471805599453,1.9459101490553132,0,0
evt_89,1944,1448,1448_grp_753,水道局,water,庶務課,753,雇,yato,1,6845,different_department,2,16,0,0,0,0,0,0,1.0986122886681098,2.833213344056216,0,0
evt_89,1944,1448,1448_grp_753,水道局,water,庶務課,753,雇,yato,1,6953,same_department,19,25,0,0,0,0,0,1,2.995732273553991,3.258096538021482,0,0
evt_89,1944,1448,1448_grp_753,水道局,water,庶務課,753,雇,yato,1,7506,different_department,2,93,0,0,0,0,0,0,1.0986122886681098,4.543294782270004,0,0
evt_89,1944,1448,1448_grp_753,水道局,water,庶務課,753,雇,yato,1,7525,different_department,4,5,0,0,0,0,0,0,1.6094379124341003,1.791759469228055,0,0
evt_89,1944,1448,1448_grp_753,水道局,water,庶務課,753,雇,yato,1,7782,different_department,5,32,0,0,0,0,0,0,1.791759469228055,3.4965075614664802,0,0
evt_89,1944,1448,1448_grp_753,水道局,water,庶務課,753,雇,yato,1,8164,different_department,7,9,0,0,0,0,0,0,2.0794415416798357,2.302585092994046,0,0
evt_89,1944,1448,1448_grp_753,水道局,water,庶務課,753,雇,yato,1,8321,different_department,4,7,0,0,0,0,0,0,1.6094379124341003,2.0794415416798357,0,0
evt_89,1944,1448,1448_grp_753,水道局,water,庶務課,753,雇,yato,1,8358,different_department,15,81,0,0,0,0,0,0,2.772588722239781,4.406719247264253,0,0
evt_89,1944,1448,1448_grp_753,水道局,water,庶務課,753,雇,yato,1,8490,same_department,11,37,1,0,0,0,0,1,2.4849066497880004,3.6375861597263857,0,0
evt_89,1944,1448,1448_grp_753,水道局,water,庶務課,753,雇,yato,1,8594,different_department,7,16,0,0,0,0,0,0,2.0794415416798357,2.833213344056216,0,0
evt_89,1944,1448,1448_grp_753,水道局,water,庶務課,753,雇,yato,1,8757,different_department,4,7,0,0,0,0,0,0,1.6094379124341003,2.0794415416798357,0,0
evt_89,1944,1448,1448_grp_753,水道局,water,庶務課,753,雇,yato,1,8882,different_department,1,28,0,0,0,0,0,0,0.6931471805599453,3.367295829986474,0,0
evt_89,1944,1448,1448_grp_753,水道局,water,庶務課,753,雇,yato,1,8899,different_department,4,9,0,0,0,0,0,0,1.6094379124341003,2.302585092994046,0,0
evt_89,1944,1448,1448_grp_753,水道局,water,庶務課,753,雇,yato,1,8905,different_department,19,14,0,0,0,0,0,0,2.995732273553991,2.70805020110221,0,0
evt_89,1944,1448,1448_grp_753,水道局,water,庶務課,753,雇,yato,1,8946,different_department,1,29,0,0,0,0,0,0,0.6931471805599453,3.4011973816621555,0,0
evt_89,1944,1448,1448_grp_753,水道局,water,庶務課,753,雇,yato,1,8994,different_department,13,28,0,0,0,0,0,0,2.6390573296152584,3.367295829986474,0,0
evt_89,1944,1448,1448_grp_753,水道局,water,庶務課,753,雇,yato,1,8996,different_department,2,2,0,0,0,0,0,0,1.0986122886681098,1.0986122886681098,0,0
