lag_year,office_unit,pos_norm,n_position,office_total,position_share
1937,保健局 :: 庶務課,Unknown,25,65,0.38461538461538464
1937,保健局 :: 庶務課,兼,11,65,0.16923076923076924
1937,保健局 :: 庶務課,技師,3,65,0.046153846153846156
1937,保健局 :: 庶務課,技手,1,65,0.015384615384615385
1937,保健局 :: 庶務課,書記,4,65,0.06153846153846154
1937,保健局 :: 庶務課,雇,21,65,0.3230769230769231
1937,土木局 :: 下谷区出張所,Unknown,1,26,0.038461538461538464
1937,土木局 :: 下谷区出張所,技手,11,26,0.4230769230769231
1937,土木局 :: 下谷区出張所,書記,7,26,0.2692307692307692
1937,土木局 :: 下谷区出張所,雇,7,26,0.2692307692307692
1937,土木局 :: 世田谷区出張所,所長,1,26,0.038461538461538464
1937,土木局 :: 世田谷区出張所,技手,14,26,0.5384615384615384
1937,土木局 :: 世田谷区出張所,書記,4,26,0.15384615384615385
1937,土木局 :: 世田谷区出張所,雇,7,26,0.2692307692307692
1937,土木局 :: 中野区出張所,Unknown,2,10,0.2
1937,土木局 :: 中野区出張所,技手,2,10,0.2
1937,土木局 :: 中野区出張所,書記,2,10,0.2
1937,土木局 :: 中野区出張所,雇,4,10,0.4
1937,土木局 :: 京橋区出張所,Unknown,1,7,0.14285714285714285
1937,土木局 :: 京橋区出張所,技手,2,7,0.2857142857142857
1937,土木局 :: 京橋区出張所,書記,1,7,0.14285714285714285
1937,土木局 :: 京橋区出張所,雇,3,7,0.42857142857142855
1937,土木局 :: 向島区出張所,技手,4,7,0.5714285714285714
1937,土木局 :: 向島区出張所,書記,1,7,0.14285714285714285
1937,土木局 :: 向島区出張所,雇,2,7,0.2857142857142857
1937,土木局 :: 品川区出張所,技手,3,6,0.5
1937,土木局 :: 品川区出張所,書記,1,6,0.16666666666666666
1937,土木局 :: 品川区出張所,雇,2,6,0.3333333333333333
1937,土木局 :: 四谷区出張所,技手,4,9,0.4444444444444444
1937,土木局 :: 四谷区出張所,雇,5,9,0.5555555555555556
1937,土木局 :: 土木試験所,所長,3,12,0.25
1937,土木局 :: 土木試験所,技手,6,12,0.5
1937,土木局 :: 土木試験所,書記,1,12,0.08333333333333333
1937,土木局 :: 土木試験所,雇,2,12,0.16666666666666666
1937,土木局 :: 城東区出張所,技手,5,7,0.7142857142857143
1937,土木局 :: 城東区出張所,書記,2,7,0.2857142857142857
1937,土木局 :: 小石川区出張所,技手,5,8,0.625
1937,土木局 :: 小石川区出張所,書記,1,8,0.125
1937,土木局 :: 小石川区出張所,雇,2,8,0.25
1937,土木局 :: 庶務課,Unknown,6,83,0.07228915662650602
1937,土木局 :: 庶務課,兼,18,83,0.21686746987951808
1937,土木局 :: 庶務課,技手,1,83,0.012048192771084338
1937,土木局 :: 庶務課,書記,29,83,0.3493975903614458
1937,土木局 :: 庶務課,臨時,2,83,0.024096385542168676
1937,土木局 :: 庶務課,課長,1,83,0.012048192771084338
1937,土木局 :: 庶務課,雇,26,83,0.3132530120481928
1937,土木局 :: 建築課,Unknown,1,153,0.006535947712418301
1937,土木局 :: 建築課,兼,73,153,0.477124183006536
1937,土木局 :: 建築課,技師,2,153,0.013071895424836602
1937,土木局 :: 建築課,技手,27,153,0.17647058823529413
1937,土木局 :: 建築課,書記,13,153,0.08496732026143791
1937,土木局 :: 建築課,雇,37,153,0.24183006535947713
1937,土木局 :: 日本橋区出張所,技手,2,6,0.3333333333333333
1937,土木局 :: 日本橋区出張所,書記,2,6,0.3333333333333333
1937,土木局 :: 日本橋区出張所,雇,2,6,0.3333333333333333
1937,土木局 :: 杉並区出張所,兼,2,22,0.09090909090909091
1937,土木局 :: 杉並区出張所,技手,8,22,0.36363636363636365
1937,土木局 :: 杉並区出張所,書記,3,22,0.13636363636363635
1937,土木局 :: 杉並区出張所,臨時,1,22,0.045454545454545456
1937,土木局 :: 杉並区出張所,雇,8,22,0.36363636363636365
1937,土木局 :: 板橋区出張所,Unknown,1,18,0.05555555555555555
1937,土木局 :: 板橋区出張所,技手,14,18,0.7777777777777778
1937,土木局 :: 板橋区出張所,書記,3,18,0.16666666666666666
1937,土木局 :: 江戸川区出張所,技手,4,7,0.5714285714285714
1937,土木局 :: 江戸川区出張所,雇,3,7,0.42857142857142855
1937,土木局 :: 河川課,Unknown,9,65,0.13846153846153847
1937,土木局 :: 河川課,兼,15,65,0.23076923076923078
1937,土木局 :: 河川課,技手,2,65,0.03076923076923077
1937,土木局 :: 河川課,書記,9,65,0.13846153846153847
1937,土木局 :: 河川課,機關手,4,65,0.06153846153846154
1937,土木局 :: 河川課,監視,5,65,0.07692307692307693
1937,土木局 :: 河川課,船長,5,65,0.07692307692307693
1937,土木局 :: 河川課,課長,1,65,0.015384615384615385
1937,土木局 :: 河川課,雇,15,65,0.23076923076923078
1937,土木局 :: 深川区出張所,技手,4,10,0.4
1937,土木局 :: 深川区出張所,書記,2,10,0.2
1937,土木局 :: 深川区出張所,雇,4,10,0.4
1937,土木局 :: 王子区出張所,技手,5,11,0.45454545454545453
1937,土木局 :: 王子区出張所,書記,1,11,0.09090909090909091
1937,土木局 :: 王子区出張所,雇,5,11,0.45454545454545453
1937,土木局 :: 目黒区出張所,技手,5,10,0.5
1937,土木局 :: 目黒区出張所,書記,1,10,0.1
1937,土木局 :: 目黒区出張所,雇,4,10,0.4
1937,土木局 :: 神田区出張所,技手,2,4,0.5
1937,土木局 :: 神田区出張所,書記,1,4,0.25
1937,土木局 :: 神田区出張所,雇,1,4,0.25
1937,土木局 :: 芝区出張所,技手,4,7,0.5714285714285714
1937,土木局 :: 芝区出張所,雇,3,7,0.42857142857142855
1937,土木局 :: 荏原区出張所,所長,1,12,0.08333333333333333
1937,土木局 :: 荏原区出張所,技手,5,12,0.4166666666666667
1937,土木局 :: 荏原区出張所,書記,2,12,0.16666666666666666
1937,土木局 :: 荏原区出張所,雇,4,12,0.3333333333333333
1937,土木局 :: 荒川区出張所,Unknown,2,9,0.2222222222222222
1937,土木局 :: 荒川区出張所,技手,3,9,0.3333333333333333
1937,土木局 :: 荒川区出張所,雇,4,9,0.4444444444444444
1937,土木局 :: 葛飾区出張所,技手,8,10,0.8
1937,土木局 :: 葛飾区出張所,書記,2,10,0.2
1937,土木局 :: 蒲田区出張所,技手,4,10,0.4
1937,土木局 :: 蒲田区出張所,書記,1,10,0.1
1937,土木局 :: 蒲田区出張所,雇,5,10,0.5
1937,土木局 :: 赤坂区出張所,雇,3,3,1
1937,土木局 :: 足立区出張所,技手,3,10,0.3
1937,土木局 :: 足立区出張所,書記,1,10,0.1
1937,土木局 :: 足立区出張所,雇,6,10,0.6
1937,土木局 :: 道路建設課,Unknown,10,141,0.07092198581560284
1937,土木局 :: 道路建設課,兼,131,141,0.9290780141843972
1937,土木局 :: 道路管理課,Unknown,12,149,0.08053691275167785
1937,土木局 :: 道路管理課,兼,28,149,0.18791946308724833
1937,土木局 :: 道路管理課,技師,1,149,0.006711409395973154
1937,土木局 :: 道路管理課,技手,34,149,0.22818791946308725
1937,土木局 :: 道路管理課,書記,11,149,0.0738255033557047
1937,土木局 :: 道路管理課,雇,63,149,0.4228187919463087
1937,土木局 :: 麹町区出張所,Unknown,1,9,0.1111111111111111
1937,土木局 :: 麹町区出張所,技手,2,9,0.2222222222222222
1937,土木局 :: 麹町区出張所,書記,2,9,0.2222222222222222
1937,土木局 :: 麹町区出張所,雇,4,9,0.4444444444444444
1937,土木局 :: 麻布区出張所,技手,1,6,0.16666666666666666
1937,土木局 :: 麻布区出張所,雇,5,6,0.8333333333333334
1937,市会事務局 :: 古石場,Unknown,1026,1026,1
1937,市会事務局 :: 大場,Unknown,8,8,1
1937,市会事務局 :: 室,囑託員,3,6,0.5
1937,市会事務局 :: 室,局長,3,6,0.5
1937,市会事務局 :: 庶務課,Unknown,10,13,0.7692307692307693
1937,市会事務局 :: 庶務課,囑託員,2,13,0.15384615384615385
1937,市会事務局 :: 庶務課,課長,1,13,0.07692307692307693
1937,市会事務局 :: 揚場,書記,4,4,1
1937,市会事務局 :: 議事課,Unknown,14,40,0.35
1937,市会事務局 :: 議事課,主事,1,40,0.025
1937,市会事務局 :: 議事課,囑託員,5,40,0.125
1937,市会事務局 :: 議事課,局長,4,40,0.1
1937,市会事務局 :: 議事課,技師,1,40,0.025
1937,市会事務局 :: 議事課,技手,3,40,0.075
1937,市会事務局 :: 議事課,書記,10,40,0.25
1937,市会事務局 :: 議事課,臨時,1,40,0.025
1937,市会事務局 :: 議事課,課長,1,40,0.025
1937,教育局 :: 体育課,Unknown,15,129,0.11627906976744186
1937,教育局 :: 体育課,兼,20,129,0.15503875968992248
1937,教育局 :: 体育課,囑託員,46,129,0.35658914728682173
1937,教育局 :: 体育課,技手,1,129,0.007751937984496124
1937,教育局 :: 体育課,書記,12,129,0.09302325581395349
1937,教育局 :: 体育課,講師,27,129,0.20930232558139536
1937,教育局 :: 体育課,雇,8,129,0.06201550387596899
1937,教育局 :: 庶務課,Unknown,6,65,0.09230769230769231
1937,教育局 :: 庶務課,主事,1,65,0.015384615384615385
1937,教育局 :: 庶務課,兼,3,65,0.046153846153846156
1937,教育局 :: 庶務課,囑託員,5,65,0.07692307692307693
1937,教育局 :: 庶務課,書記,34,65,0.5230769230769231
1937,教育局 :: 庶務課,臨時,4,65,0.06153846153846154
1937,教育局 :: 庶務課,雇,12,65,0.18461538461538463
1937,教育局 :: 田旧室,書記,23,23,1
1937,教育局 :: 社会教育課,Unknown,3,11,0.2727272727272727
1937,教育局 :: 社会教育課,主事,2,11,0.18181818181818182
1937,教育局 :: 社会教育課,兼,2,11,0.18181818181818182
1937,教育局 :: 社会教育課,書記,2,11,0.18181818181818182
1937,教育局 :: 社会教育課,講師,2,11,0.18181818181818182
1937,産業局 :: 商工課,Unknown,5,85,0.058823529411764705
1937,産業局 :: 商工課,主事,1,85,0.011764705882352941
1937,産業局 :: 商工課,囑託員,41,85,0.4823529411764706
1937,産業局 :: 商工課,技手,18,85,0.21176470588235294
1937,産業局 :: 商工課,書記,19,85,0.2235294117647059
1937,産業局 :: 商工課,課長,1,85,0.011764705882352941
1937,産業局 :: 農漁課,Unknown,6,80,0.075
1937,産業局 :: 農漁課,主事,1,80,0.0125
1937,産業局 :: 農漁課,囑託員,8,80,0.1
1937,産業局 :: 農漁課,技手,34,80,0.425
1937,産業局 :: 農漁課,書記,5,80,0.0625
1937,産業局 :: 農漁課,臨時,10,80,0.125
1937,産業局 :: 農漁課,雇,16,80,0.2
1937,監査局 :: 区政課,Unknown,5,40,0.125
1937,監査局 :: 区政課,主事,1,40,0.025
1937,監査局 :: 区政課,兼,21,40,0.525
1937,監査局 :: 区政課,書記,4,40,0.1
1937,監査局 :: 区政課,臨時,8,40,0.2
1937,監査局 :: 区政課,課長,1,40,0.025
1937,監査局 :: 大場,囑託員,69,69,1
1937,監査局 :: 庶務課,Unknown,2,17,0.11764705882352941
1937,監査局 :: 庶務課,書記,13,17,0.7647058823529411
1937,監査局 :: 庶務課,臨時,1,17,0.058823529411764705
1937,監査局 :: 庶務課,課長,1,17,0.058823529411764705
1937,監査局 :: 監査課,Unknown,4,33,0.12121212121212122
1937,監査局 :: 監査課,兼,10,33,0.30303030303030304
1937,監査局 :: 監査課,囑託員,1,33,0.030303030303030304
1937,監査局 :: 監査課,書記,13,33,0.3939393939393939
1937,監査局 :: 監査課,雇,5,33,0.15151515151515152
1937,監査局 :: 統計課,Unknown,19,19,1
1937,監査局 :: 都市計画課,Unknown,12,104,0.11538461538461539
1937,監査局 :: 都市計画課,囑託員,5,104,0.04807692307692308
1937,監査局 :: 都市計画課,技師,1,104,0.009615384615384616
1937,監査局 :: 都市計画課,技手,11,104,0.10576923076923077
1937,監査局 :: 都市計画課,書記,30,104,0.28846153846153844
1937,監査局 :: 都市計画課,臨時,8,104,0.07692307692307693
1937,監査局 :: 都市計画課,雇,37,104,0.3557692307692308
1937,社会局 :: 下谷区役所,主事,1,111,0.009009009009009009
1937,社会局 :: 下谷区役所,兼,48,111,0.43243243243243246
1937,社会局 :: 下谷区役所,區長,2,111,0.018018018018018018
1937,社会局 :: 下谷区役所,技手,1,111,0.009009009009009009
1937,社会局 :: 下谷区役所,書記,8,111,0.07207207207207207
1937,社会局 :: 下谷区役所,雇,51,111,0.4594594594594595
1937,社会局 :: 京橋区役所,Unknown,5,16,0.3125
1937,社会局 :: 京橋区役所,主事,1,16,0.0625
1937,社会局 :: 京橋区役所,兼,8,16,0.5
1937,社会局 :: 京橋区役所,區長,1,16,0.0625
1937,社会局 :: 京橋区役所,書記,1,16,0.0625
1937,社会局 :: 人宿治所,囑託員,5,5,1
1937,社会局 :: 保護課,Unknown,8,21,0.38095238095238093
1937,社会局 :: 保護課,主事,1,21,0.047619047619047616
1937,社会局 :: 保護課,兼,11,21,0.5238095238095238
1937,社会局 :: 保護課,課長,1,21,0.047619047619047616
1937,社会局 :: 古石場,保健婦,1,517,0.0019342359767891683
1937,社会局 :: 古石場,兼,174,517,0.3365570599613153
1937,社会局 :: 古石場,囑託員,48,517,0.09284332688588008
1937,社会局 :: 古石場,技手,2,517,0.0038684719535783366
1937,社会局 :: 古石場,社會書記,1,517,0.0019342359767891683
1937,社会局 :: 古石場,臨時,133,517,0.2572533849129594
1937,社会局 :: 古石場,醫員,96,517,0.18568665377176016
1937,社会局 :: 古石場,雇,62,517,0.11992263056092843
1937,社会局 :: 向島区役所,Unknown,1,97,0.010309278350515464
1937,社会局 :: 向島区役所,主事,1,97,0.010309278350515464
1937,社会局 :: 向島区役所,兼,82,97,0.845360824742268
1937,社会局 :: 向島区役所,區長,2,97,0.020618556701030927
1937,社会局 :: 向島区役所,書記,7,97,0.07216494845360824
1937,社会局 :: 向島区役所,臨時,4,97,0.041237113402061855
1937,社会局 :: 品川区役所,Unknown,3,105,0.02857142857142857
1937,社会局 :: 品川区役所,主事,1,105,0.009523809523809525
1937,社会局 :: 品川区役所,兼,43,105,0.4095238095238095
1937,社会局 :: 品川区役所,區長,1,105,0.009523809523809525
1937,社会局 :: 品川区役所,書記,6,105,0.05714285714285714
1937,社会局 :: 品川区役所,雇,51,105,0.4857142857142857
1937,社会局 :: 四谷区役所,Unknown,4,65,0.06153846153846154
1937,社会局 :: 四谷区役所,兼,33,65,0.5076923076923077
1937,社会局 :: 四谷区役所,區長,1,65,0.015384615384615385
1937,社会局 :: 四谷区役所,雇,27,65,0.4153846153846154
1937,社会局 :: 城東区役所,主事,1,95,0.010526315789473684
1937,社会局 :: 城東区役所,兼,33,95,0.3473684210526316
1937,社会局 :: 城東区役所,區長,2,95,0.021052631578947368
1937,社会局 :: 城東区役所,技手,1,95,0.010526315789473684
1937,社会局 :: 城東区役所,書記,14,95,0.14736842105263157
1937,社会局 :: 城東区役所,雇,44,95,0.4631578947368421
1937,社会局 :: 宿泊所,囑託員,7,7,1
1937,社会局 :: 小石川区役所,主事,1,88,0.011363636363636364
1937,社会局 :: 小石川区役所,兼,47,88,0.5340909090909091
1937,社会局 :: 小石川区役所,書記,1,88,0.011363636363636364
1937,社会局 :: 小石川区役所,臨時,5,88,0.056818181818181816
1937,社会局 :: 小石川区役所,雇,34,88,0.38636363636363635
1937,社会局 :: 庶務課,Unknown,8,64,0.125
1937,社会局 :: 庶務課,主事,1,64,0.015625
1937,社会局 :: 庶務課,兼,16,64,0.25
1937,社会局 :: 庶務課,囑託員,2,64,0.03125
1937,社会局 :: 庶務課,書記,1,64,0.015625
1937,社会局 :: 庶務課,臨時,1,64,0.015625
1937,社会局 :: 庶務課,雇,35,64,0.546875
1937,社会局 :: 日木橋区役所,Unknown,6,99,0.06060606060606061
1937,社会局 :: 日木橋区役所,主事,1,99,0.010101010101010102
1937,社会局 :: 日木橋区役所,兼,44,99,0.4444444444444444
1937,社会局 :: 日木橋区役所,區長,1,99,0.010101010101010102
1937,社会局 :: 日木橋区役所,書記,10,99,0.10101010101010101
1937,社会局 :: 日木橋区役所,臨時,3,99,0.030303030303030304
1937,社会局 :: 日木橋区役所,雇,34,99,0.3434343434343434
1937,社会局 :: 本所区役所,Unknown,1,123,0.008130081300813009
1937,社会局 :: 本所区役所,主事,1,123,0.008130081300813009
1937,社会局 :: 本所区役所,兼,65,123,0.5284552845528455
1937,社会局 :: 本所区役所,區長,1,123,0.008130081300813009
1937,社会局 :: 本所区役所,雇,55,123,0.44715447154471544
1937,社会局 :: 本郷区役所,Unknown,2,82,0.024390243902439025
1937,社会局 :: 本郷区役所,兼,31,82,0.3780487804878049
1937,社会局 :: 本郷区役所,書記,6,82,0.07317073170731707
1937,社会局 :: 本郷区役所,社會書記,1,82,0.012195121951219513
1937,社会局 :: 本郷区役所,雇,42,82,0.5121951219512195
1937,社会局 :: 板橋区役所,主事,1,5,0.2
1937,社会局 :: 板橋区役所,兼,3,5,0.6
1937,社会局 :: 板橋区役所,區長,1,5,0.2
1937,社会局 :: 江戸川区役所,Unknown,4,11,0.36363636363636365
1937,社会局 :: 江戸川区役所,兼,2,11,0.18181818181818182
1937,社会局 :: 江戸川区役所,區長,1,11,0.09090909090909091
1937,社会局 :: 江戸川区役所,書記,4,11,0.36363636363636365
1937,社会局 :: 浅草区役所,Unknown,2,159,0.012578616352201259
1937,社会局 :: 浅草区役所,主事,1,159,0.006289308176100629
1937,社会局 :: 浅草区役所,兼,81,159,0.5094339622641509
1937,社会局 :: 浅草区役所,區長,1,159,0.006289308176100629
1937,社会局 :: 浅草区役所,書記,2,159,0.012578616352201259
1937,社会局 :: 浅草区役所,社會書記,2,159,0.012578616352201259
1937,社会局 :: 浅草区役所,雇,70,159,0.44025157232704404
1937,社会局 :: 深川一泊所,囑託員,1,1,1
1937,社会局 :: 深川区役所,主事,1,116,0.008620689655172414
1937,社会局 :: 深川区役所,兼,66,116,0.5689655172413793
1937,社会局 :: 深川区役所,區長,1,116,0.008620689655172414
1937,社会局 :: 深川区役所,書記,3,116,0.02586206896551724
1937,社会局 :: 深川区役所,臨時,2,116,0.017241379310344827
1937,社会局 :: 深川区役所,雇,43,116,0.3706896551724138
1937,社会局 :: 牛込区役所,Unknown,3,79,0.0379746835443038
1937,社会局 :: 牛込区役所,主事,1,79,0.012658227848101266
1937,社会局 :: 牛込区役所,兼,40,79,0.5063291139240507
1937,社会局 :: 牛込区役所,區長,1,79,0.012658227848101266
1937,社会局 :: 牛込区役所,雇,34,79,0.43037974683544306
1937,社会局 :: 王子区役所,Unknown,5,93,0.053763440860215055
1937,社会局 :: 王子区役所,主事,1,93,0.010752688172043012
1937,社会局 :: 王子区役所,兼,47,93,0.5053763440860215
1937,社会局 :: 王子区役所,區長,2,93,0.021505376344086023
1937,社会局 :: 王子区役所,書記,1,93,0.010752688172043012
1937,社会局 :: 王子区役所,社會書記,1,93,0.010752688172043012
1937,社会局 :: 王子区役所,雇,36,93,0.3870967741935484
1937,社会局 :: 目黒区役所,Unknown,3,82,0.036585365853658534
1937,社会局 :: 目黒区役所,兼,29,82,0.35365853658536583
1937,社会局 :: 目黒区役所,區長,2,82,0.024390243902439025
1937,社会局 :: 目黒区役所,書記,6,82,0.07317073170731707
1937,社会局 :: 目黒区役所,社會書記,1,82,0.012195121951219513
1937,社会局 :: 目黒区役所,雇,41,82,0.5
1937,社会局 :: 石神井派出所,Unknown,3,8,0.375
1937,社会局 :: 石神井派出所,書記,2,8,0.25
1937,社会局 :: 石神井派出所,雇,3,8,0.375
1937,社会局 :: 職業課,Unknown,13,189,0.06878306878306878
1937,社会局 :: 職業課,所長,55,189,0.291005291005291
1937,社会局 :: 職業課,技手,70,189,0.37037037037037035
1937,社会局 :: 職業課,書記,49,189,0.25925925925925924
1937,社会局 :: 職業課,社會書記,1,189,0.005291005291005291
1937,社会局 :: 職業課,課長,1,189,0.005291005291005291
1937,社会局 :: 芝区役所,Unknown,49,109,0.44954128440366975
1937,社会局 :: 芝区役所,兼,52,109,0.47706422018348627
1937,社会局 :: 芝区役所,書記,7,109,0.06422018348623854
1937,社会局 :: 芝区役所,社會書記,1,109,0.009174311926605505
1937,社会局 :: 荏原区役所,Unknown,16,18,0.8888888888888888
1937,社会局 :: 荏原区役所,主事,1,18,0.05555555555555555
1937,社会局 :: 荏原区役所,區長,1,18,0.05555555555555555
1937,社会局 :: 荒川区役所,Unknown,4,30,0.13333333333333333
1937,社会局 :: 荒川区役所,主事,1,30,0.03333333333333333
1937,社会局 :: 荒川区役所,兼,22,30,0.7333333333333333
1937,社会局 :: 荒川区役所,區長,1,30,0.03333333333333333
1937,社会局 :: 荒川区役所,書記,2,30,0.06666666666666667
1937,社会局 :: 葛飾区役所,Unknown,4,92,0.043478260869565216
1937,社会局 :: 葛飾区役所,主事,1,92,0.010869565217391304
1937,社会局 :: 葛飾区役所,兼,37,92,0.40217391304347827
1937,社会局 :: 葛飾区役所,區長,3,92,0.03260869565217391
1937,社会局 :: 葛飾区役所,書記,7,92,0.07608695652173914
1937,社会局 :: 葛飾区役所,雇,40,92,0.43478260869565216
1937,社会局 :: 赤坂区役所,Unknown,4,71,0.056338028169014086
1937,社会局 :: 赤坂区役所,兼,65,71,0.9154929577464789
1937,社会局 :: 赤坂区役所,區長,2,71,0.028169014084507043
1937,社会局 :: 足立区役所,Unknown,2,91,0.02197802197802198
1937,社会局 :: 足立区役所,主事,1,91,0.01098901098901099
1937,社会局 :: 足立区役所,兼,84,91,0.9230769230769231
1937,社会局 :: 足立区役所,技手,1,91,0.01098901098901099
1937,社会局 :: 足立区役所,書記,3,91,0.03296703296703297
1937,社会局 :: 面事務所,囑託員,1,1,1
1937,社会局 :: 麻布区役所,Unknown,3,11,0.2727272727272727
1937,社会局 :: 麻布区役所,主事,1,11,0.09090909090909091
1937,社会局 :: 麻布区役所,兼,2,11,0.18181818181818182
1937,社会局 :: 麻布区役所,書記,5,11,0.45454545454545453
1937,財務局 :: 主税課,Unknown,10,50,0.2
1937,財務局 :: 主税課,書記,39,50,0.78
1937,財務局 :: 主税課,課長,1,50,0.02
1937,財務局 :: 主計課,Unknown,3,40,0.075
1937,財務局 :: 主計課,主事,1,40,0.025
1937,財務局 :: 主計課,兼,20,40,0.5
1937,財務局 :: 主計課,書記,2,40,0.05
1937,財務局 :: 主計課,臨時,2,40,0.05
1937,財務局 :: 主計課,雇,12,40,0.3
1937,財務局 :: 会計課,Unknown,7,58,0.1206896551724138
1937,財務局 :: 会計課,主事,1,58,0.017241379310344827
1937,財務局 :: 会計課,書記,24,58,0.41379310344827586
1937,財務局 :: 会計課,雇,26,58,0.4482758620689655
1937,財務局 :: 公債課,Unknown,2,30,0.06666666666666667
1937,財務局 :: 公債課,主事,1,30,0.03333333333333333
1937,財務局 :: 公債課,囑託員,3,30,0.1
1937,財務局 :: 公債課,書記,11,30,0.36666666666666664
1937,財務局 :: 公債課,臨時,3,30,0.1
1937,財務局 :: 公債課,雇,10,30,0.3333333333333333
1937,財務局 :: 地理課,Unknown,8,167,0.04790419161676647
1937,財務局 :: 地理課,兼,107,167,0.6407185628742516
1937,財務局 :: 地理課,囑託員,4,167,0.023952095808383235
1937,財務局 :: 地理課,技手,8,167,0.04790419161676647
1937,財務局 :: 地理課,書記,25,167,0.1497005988023952
1937,財務局 :: 地理課,臨時,15,167,0.08982035928143713
1937,財務局 :: 堀場,囑託員,9,204,0.04411764705882353
1937,財務局 :: 堀場,技手,6,204,0.029411764705882353
1937,財務局 :: 堀場,書記,53,204,0.25980392156862747
1937,財務局 :: 堀場,臨時,13,204,0.06372549019607843
1937,財務局 :: 堀場,雇,123,204,0.6029411764705882
1937,財務局 :: 経理課,Unknown,9,63,0.14285714285714285
1937,財務局 :: 経理課,兼,43,63,0.6825396825396826
1937,財務局 :: 経理課,技手,8,63,0.12698412698412698
1937,財務局 :: 経理課,書記,2,63,0.031746031746031744
1937,財務局 :: 経理課,課長,1,63,0.015873015873015872
1937,電気局 :: 企画課,Unknown,4,8,0.5
1937,電気局 :: 企画課,書記,3,8,0.375
1937,電気局 :: 企画課,課長,1,8,0.125
1937,電気局 :: 会計課,Unknown,6,116,0.05172413793103448
1937,電気局 :: 会計課,技手,70,116,0.603448275862069
1937,電気局 :: 会計課,書記,38,116,0.3275862068965517
1937,電気局 :: 会計課,雇,2,116,0.017241379310344827
1937,電気局 :: 労働課,Unknown,4,49,0.08163265306122448
1937,電気局 :: 労働課,書記,21,49,0.42857142857142855
1937,電気局 :: 労働課,雇,24,49,0.4897959183673469
1937,電気局 :: 北部出張所,技手,1,1,1
1937,電気局 :: 医務課,技手,1,1,1
1937,電気局 :: 地所課,Unknown,2,44,0.045454545454545456
1937,電気局 :: 地所課,主事,1,44,0.022727272727272728
1937,電気局 :: 地所課,兼,4,44,0.09090909090909091
1937,電気局 :: 地所課,技手,10,44,0.22727272727272727
1937,電気局 :: 地所課,書記,2,44,0.045454545454545456
1937,電気局 :: 地所課,機關手,2,44,0.045454545454545456
1937,電気局 :: 地所課,監視,1,44,0.022727272727272728
1937,電気局 :: 地所課,船長,1,44,0.022727272727272728
1937,電気局 :: 地所課,雇,21,44,0.4772727272727273
1937,電気局 :: 工事課,Unknown,9,13,0.6923076923076923
1937,電気局 :: 工事課,所長,2,13,0.15384615384615385
1937,電気局 :: 工事課,雇,2,13,0.15384615384615385
1937,電気局 :: 工務課,Unknown,3,106,0.02830188679245283
1937,電気局 :: 工務課,主事,1,106,0.009433962264150943
1937,電気局 :: 工務課,技手,46,106,0.4339622641509434
1937,電気局 :: 工務課,書記,14,106,0.1320754716981132
1937,電気局 :: 工務課,課長,1,106,0.009433962264150943
1937,電気局 :: 工務課,雇,41,106,0.3867924528301887
1937,電気局 :: 庶務課,Unknown,8,89,0.0898876404494382
1937,電気局 :: 庶務課,兼,26,89,0.29213483146067415
1937,電気局 :: 庶務課,囑託員,2,89,0.02247191011235955
1937,電気局 :: 庶務課,技師,1,89,0.011235955056179775
1937,電気局 :: 庶務課,技手,1,89,0.011235955056179775
1937,電気局 :: 庶務課,書記,14,89,0.15730337078651685
1937,電気局 :: 庶務課,監視,1,89,0.011235955056179775
1937,電気局 :: 庶務課,課長,1,89,0.011235955056179775
1937,電気局 :: 庶務課,雇,35,89,0.39325842696629215
1937,電気局 :: 戸所,Unknown,20,76,0.2631578947368421
1937,電気局 :: 戸所,技師,1,76,0.013157894736842105
1937,電気局 :: 戸所,技手,3,76,0.039473684210526314
1937,電気局 :: 戸所,書記,10,76,0.13157894736842105
1937,電気局 :: 戸所,雇,42,76,0.5526315789473685
1937,電気局 :: 技術課,Unknown,8,57,0.14035087719298245
1937,電気局 :: 技術課,囑託員,1,57,0.017543859649122806
1937,電気局 :: 技術課,技手,13,57,0.22807017543859648
1937,電気局 :: 技術課,書記,2,57,0.03508771929824561
1937,電気局 :: 技術課,機關手,30,57,0.5263157894736842
1937,電気局 :: 技術課,船長,3,57,0.05263157894736842
1937,電気局 :: 監理課,Unknown,14,146,0.0958904109589041
1937,電気局 :: 監理課,囑託員,23,146,0.15753424657534246
1937,電気局 :: 監理課,技手,12,146,0.0821917808219178
1937,電気局 :: 監理課,書記,17,146,0.11643835616438356
1937,電気局 :: 監理課,臨時,44,146,0.3013698630136986
1937,電気局 :: 監理課,雇,36,146,0.2465753424657534
1937,電気局 :: 芝浦診療所,囑託員,3,107,0.028037383177570093
1937,電気局 :: 芝浦診療所,技手,4,107,0.037383177570093455
1937,電気局 :: 芝浦診療所,看護婦,60,107,0.5607476635514018
1937,電気局 :: 芝浦診療所,臨時,6,107,0.056074766355140186
1937,電気局 :: 芝浦診療所,醫員,25,107,0.2336448598130841
1937,電気局 :: 芝浦診療所,雇,9,107,0.08411214953271028
1937,電気局 :: 電力課,Unknown,1,25,0.04
1937,電気局 :: 電力課,兼,8,25,0.32
1937,電気局 :: 電力課,技手,1,25,0.04
1937,電気局 :: 電力課,書記,15,25,0.6
1937,電気局 :: 電燈課,Unknown,10,420,0.023809523809523808
1937,電気局 :: 電燈課,技手,353,420,0.8404761904761905
1937,電気局 :: 電燈課,書記,54,420,0.12857142857142856
1937,電気局 :: 電燈課,臨時,2,420,0.004761904761904762
1937,電気局 :: 電燈課,課長,1,420,0.002380952380952381
1937,電気局 :: 電車課,Unknown,17,350,0.04857142857142857
1937,電気局 :: 電車課,技師,1,350,0.002857142857142857
1937,電気局 :: 電車課,技手,174,350,0.49714285714285716
1937,電気局 :: 電車課,書記,128,350,0.3657142857142857
1937,電気局 :: 電車課,課長,2,350,0.005714285714285714
1937,電気局 :: 電車課,雇,28,350,0.08
1937,養育院 :: 医務課,Unknown,9,160,0.05625
1937,養育院 :: 医務課,主事,3,160,0.01875
1937,養育院 :: 医務課,兼,1,160,0.00625
1937,養育院 :: 医務課,囑託員,14,160,0.0875
1937,養育院 :: 医務課,技手,4,160,0.025
1937,養育院 :: 医務課,書記,18,160,0.1125
1937,養育院 :: 医務課,看護婦,64,160,0.4
1937,養育院 :: 医務課,臨時,2,160,0.0125
1937,養育院 :: 医務課,課長,1,160,0.00625
1937,養育院 :: 医務課,醫員,21,160,0.13125
1937,養育院 :: 医務課,雇,23,160,0.14375
1937,養育院 :: 外來診療所,兼,1,3,0.3333333333333333
1937,養育院 :: 外來診療所,醫員,2,3,0.6666666666666666
1937,養育院 :: 大場,Unknown,3,70,0.04285714285714286
1937,養育院 :: 大場,技師,1,70,0.014285714285714285
1937,養育院 :: 大場,書記,5,70,0.07142857142857142
1937,養育院 :: 大場,看護婦,36,70,0.5142857142857142
1937,養育院 :: 大場,看護婦長,1,70,0.014285714285714285
1937,養育院 :: 大場,臨時,1,70,0.014285714285714285
1937,養育院 :: 大場,醫員,19,70,0.2714285714285714
1937,養育院 :: 大場,雇,4,70,0.05714285714285714
1937,養育院 :: 山室,看護婦,2,2,1
1937,養育院 :: 工事課,Unknown,1,4,0.25
1937,養育院 :: 工事課,兼,2,4,0.5
1937,養育院 :: 工事課,雇,1,4,0.25
1937,養育院 :: 庶務課,Unknown,3,10,0.3
1937,養育院 :: 庶務課,書記,3,10,0.3
1937,養育院 :: 庶務課,雇,4,10,0.4
1937,養育院 :: 戸室,Unknown,9,123,0.07317073170731707
1937,養育院 :: 戸室,囑託員,1,123,0.008130081300813009
1937,養育院 :: 戸室,技師,1,123,0.008130081300813009
1937,養育院 :: 戸室,技手,1,123,0.008130081300813009
1937,養育院 :: 戸室,書記,2,123,0.016260162601626018
1937,養育院 :: 戸室,機關手,1,123,0.008130081300813009
1937,養育院 :: 戸室,看護婦,38,123,0.3089430894308943
1937,養育院 :: 戸室,看護婦長,1,123,0.008130081300813009
1937,養育院 :: 戸室,醫員,63,123,0.5121951219512195
1937,養育院 :: 戸室,雇,6,123,0.04878048780487805
1937,養育院 :: 田所,Unknown,13,73,0.1780821917808219
1937,養育院 :: 田所,兼,1,73,0.0136986301369863
1937,養育院 :: 田所,技手,1,73,0.0136986301369863
1937,養育院 :: 田所,書記,6,73,0.0821917808219178
1937,養育院 :: 田所,機關手,3,73,0.0410958904109589
1937,養育院 :: 田所,看護婦,22,73,0.3013698630136986
1937,養育院 :: 田所,醫員,20,73,0.273972602739726
1937,養育院 :: 田所,雇,7,73,0.0958904109589041
1937,養育院 :: 監護課,Unknown,3,34,0.08823529411764706
1937,養育院 :: 監護課,技手,1,34,0.029411764705882353
1937,養育院 :: 監護課,書記,6,34,0.17647058823529413
1937,養育院 :: 監護課,課長,1,34,0.029411764705882353
1937,養育院 :: 監護課,雇,23,34,0.6764705882352942
1937,養育院 :: 研究課,Unknown,3,21,0.14285714285714285
1937,養育院 :: 研究課,囑託員,6,21,0.2857142857142857
1937,養育院 :: 研究課,技手,5,21,0.23809523809523808
1937,養育院 :: 研究課,雇,7,21,0.3333333333333333
1937,養育院 :: 神田区役所,Unknown,2,15,0.13333333333333333
1937,養育院 :: 神田区役所,兼,3,15,0.2
1937,養育院 :: 神田区役所,區長,1,15,0.06666666666666667
1937,養育院 :: 神田区役所,書記,9,15,0.6
1937,養育院 :: 管理課,Unknown,3,38,0.07894736842105263
1937,養育院 :: 管理課,兼,12,38,0.3157894736842105
1937,養育院 :: 管理課,技手,1,38,0.02631578947368421
1937,養育院 :: 管理課,書記,7,38,0.18421052631578946
1937,養育院 :: 管理課,機關手,2,38,0.05263157894736842
1937,養育院 :: 管理課,課長,2,38,0.05263157894736842
1937,養育院 :: 管理課,雇,11,38,0.2894736842105263
1937,養育院 :: 紀室,囑託員,11,38,0.2894736842105263
1937,養育院 :: 紀室,看護婦,27,38,0.7105263157894737
1937,養育院 :: 試験課,Unknown,3,20,0.15
1937,養育院 :: 試験課,主事,1,20,0.05
1937,養育院 :: 試験課,技師,1,20,0.05
1937,養育院 :: 試験課,技手,2,20,0.1
1937,養育院 :: 試験課,書記,1,20,0.05
1937,養育院 :: 試験課,雇,12,20,0.6
1937,養育院 :: 院長室,Unknown,2,18,0.1111111111111111
1937,養育院 :: 院長室,主事,1,18,0.05555555555555555
1937,養育院 :: 院長室,書記,2,18,0.1111111111111111
1937,養育院 :: 院長室,雇,13,18,0.7222222222222222
1937,養育院 :: 電気研究所,所長事務取扱,1,1,1
1937,養育院 :: 麹町区役所,兼,30,61,0.4918032786885246
1937,養育院 :: 麹町区役所,區長,1,61,0.01639344262295082
1937,養育院 :: 麹町区役所,囑託員,2,61,0.03278688524590164
1937,養育院 :: 麹町区役所,書記,2,61,0.03278688524590164
1937,養育院 :: 麹町区役所,雇,26,61,0.4262295081967213
1938,保健局 :: 保健局庶務課,Unknown,6,121,0.049586776859504134
1938,保健局 :: 保健局庶務課,保健婦,13,121,0.10743801652892562
1938,保健局 :: 保健局庶務課,兼,11,121,0.09090909090909091
1938,保健局 :: 保健局庶務課,所長,3,121,0.024793388429752067
1938,保健局 :: 保健局庶務課,技師,3,121,0.024793388429752067
1938,保健局 :: 保健局庶務課,技手,2,121,0.01652892561983471
1938,保健局 :: 保健局庶務課,書記,14,121,0.11570247933884298
1938,保健局 :: 保健局庶務課,臨時,21,121,0.17355371900826447
1938,保健局 :: 保健局庶務課,課長,1,121,0.008264462809917356
1938,保健局 :: 保健局庶務課,醫員,18,121,0.1487603305785124
1938,保健局 :: 保健局庶務課,雇,29,121,0.2396694214876033
1938,保健局 :: 公園課,Unknown,5,167,0.029940119760479042
1938,保健局 :: 公園課,主事,2,167,0.011976047904191617
1938,保健局 :: 公園課,兼,6,167,0.03592814371257485
1938,保健局 :: 公園課,技師,5,167,0.029940119760479042
1938,保健局 :: 公園課,技手,23,167,0.1377245508982036
1938,保健局 :: 公園課,書記,20,167,0.11976047904191617
1938,保健局 :: 公園課,監視,16,167,0.09580838323353294
1938,保健局 :: 公園課,雇,90,167,0.5389221556886228
1938,保健局 :: 大島公園事務所,囑託員,3,8,0.375
1938,保健局 :: 大島公園事務所,所長,5,8,0.625
1938,保健局 :: 寄生虫病診療所足立出張所,雇,1,1,1
1938,保健局 :: 寄生蟲病診療所,雇,3,3,1
1938,保健局 :: 庶務課,Unknown,18,47,0.3829787234042553
1938,保健局 :: 庶務課,主事,3,47,0.06382978723404255
1938,保健局 :: 庶務課,兼,11,47,0.23404255319148937
1938,保健局 :: 庶務課,技手,1,47,0.02127659574468085
1938,保健局 :: 庶務課,書記,6,47,0.1276595744680851
1938,保健局 :: 庶務課,臨時,3,47,0.06382978723404255
1938,保健局 :: 庶務課,雇,5,47,0.10638297872340426
1938,保健局 :: 第一トラホーム治療所,保健婦,2,3,0.6666666666666666
1938,保健局 :: 第一トラホーム治療所,醫員,1,3,0.3333333333333333
1938,保健局 :: 第一班トラホーム治療所,Unknown,1,19,0.05263157894736842
1938,保健局 :: 第一班トラホーム治療所,保健婦,3,19,0.15789473684210525
1938,保健局 :: 第一班トラホーム治療所,囑託員,2,19,0.10526315789473684
1938,保健局 :: 第一班トラホーム治療所,書記,4,19,0.21052631578947367
1938,保健局 :: 第一班トラホーム治療所,醫員,2,19,0.10526315789473684
1938,保健局 :: 第一班トラホーム治療所,雇,7,19,0.3684210526315789
1938,保健局 :: 第三班トラホーム治療所,保健婦,1,3,0.3333333333333333
1938,保健局 :: 第三班トラホーム治療所,醫員,1,3,0.3333333333333333
1938,保健局 :: 第三班トラホーム治療所,雇,1,3,0.3333333333333333
1938,保健局 :: 第二トラホーム治療所,醫員,1,2,0.5
1938,保健局 :: 第二トラホーム治療所,雇,1,2,0.5
1938,保健局 :: 第五班トラホーム治療所,醫員,1,2,0.5
1938,保健局 :: 第五班トラホーム治療所,雇,1,2,0.5
1938,保健局 :: 第六班トラホーム治療所,保健婦,5,8,0.625
1938,保健局 :: 第六班トラホーム治療所,書記,1,8,0.125
1938,保健局 :: 第六班トラホーム治療所,醫員,1,8,0.125
1938,保健局 :: 第六班トラホーム治療所,雇,1,8,0.125
1938,保健局 :: 第四班トラホーム治療所,雇,2,2,1
1938,土木局 :: 下谷区出張所,技手,2,4,0.5
1938,土木局 :: 下谷区出張所,書記,2,4,0.5
1938,土木局 :: 世田谷区出張所,Unknown,1,17,0.058823529411764705
1938,土木局 :: 世田谷区出張所,兼,5,17,0.29411764705882354
1938,土木局 :: 世田谷区出張所,技手,7,17,0.4117647058823529
1938,土木局 :: 世田谷区出張所,書記,2,17,0.11764705882352941
1938,土木局 :: 世田谷区出張所,雇,2,17,0.11764705882352941
1938,土木局 :: 京橋区出張所,Unknown,1,12,0.08333333333333333
1938,土木局 :: 京橋区出張所,技手,2,12,0.16666666666666666
1938,土木局 :: 京橋区出張所,書記,1,12,0.08333333333333333
1938,土木局 :: 京橋区出張所,雇,8,12,0.6666666666666666
1938,土木局 :: 分室,Unknown,3,31,0.0967741935483871
1938,土木局 :: 分室,兼,7,31,0.22580645161290322
1938,土木局 :: 分室,技師,1,31,0.03225806451612903
1938,土木局 :: 分室,書記,6,31,0.1935483870967742
1938,土木局 :: 分室,課長,1,31,0.03225806451612903
1938,土木局 :: 分室,雇,13,31,0.41935483870967744
1938,土木局 :: 向島区出張所,兼,1,10,0.1
1938,土木局 :: 向島区出張所,技手,4,10,0.4
1938,土木局 :: 向島区出張所,書記,2,10,0.2
1938,土木局 :: 向島区出張所,雇,3,10,0.3
1938,土木局 :: 品川区出張所,技手,3,7,0.42857142857142855
1938,土木局 :: 品川区出張所,書記,2,7,0.2857142857142857
1938,土木局 :: 品川区出張所,雇,2,7,0.2857142857142857
1938,土木局 :: 四谷区出張所,技手,3,9,0.3333333333333333
1938,土木局 :: 四谷区出張所,書記,2,9,0.2222222222222222
1938,土木局 :: 四谷区出張所,雇,4,9,0.4444444444444444
1938,土木局 :: 土木試験所,Unknown,1,14,0.07142857142857142
1938,土木局 :: 土木試験所,兼,1,14,0.07142857142857142
1938,土木局 :: 土木試験所,所長,2,14,0.14285714285714285
1938,土木局 :: 土木試験所,技手,4,14,0.2857142857142857
1938,土木局 :: 土木試験所,書記,1,14,0.07142857142857142
1938,土木局 :: 土木試験所,雇,5,14,0.35714285714285715
1938,土木局 :: 城東区出張所,所長,1,9,0.1111111111111111
1938,土木局 :: 城東区出張所,技手,6,9,0.6666666666666666
1938,土木局 :: 城東区出張所,書記,2,9,0.2222222222222222
1938,土木局 :: 小石川区出張所,技手,5,6,0.8333333333333334
1938,土木局 :: 小石川区出張所,雇,1,6,0.16666666666666666
1938,土木局 :: 工事課,Unknown,2,68,0.029411764705882353
1938,土木局 :: 工事課,兼,12,68,0.17647058823529413
1938,土木局 :: 工事課,技師,2,68,0.029411764705882353
1938,土木局 :: 工事課,技手,23,68,0.3382352941176471
1938,土木局 :: 工事課,書記,1,68,0.014705882352941176
1938,土木局 :: 工事課,雇,28,68,0.4117647058823529
1938,土木局 :: 庶務課,Unknown,11,74,0.14864864864864866
1938,土木局 :: 庶務課,主事,5,74,0.06756756756756757
1938,土木局 :: 庶務課,兼,11,74,0.14864864864864866
1938,土木局 :: 庶務課,技師,2,74,0.02702702702702703
1938,土木局 :: 庶務課,技手,1,74,0.013513513513513514
1938,土木局 :: 庶務課,書記,18,74,0.24324324324324326
1938,土木局 :: 庶務課,臨時,1,74,0.013513513513513514
1938,土木局 :: 庶務課,課長,1,74,0.013513513513513514
1938,土木局 :: 庶務課,雇,24,74,0.32432432432432434
1938,土木局 :: 日本橋区出張所,技手,3,6,0.5
1938,土木局 :: 日本橋区出張所,書記,1,6,0.16666666666666666
1938,土木局 :: 日本橋区出張所,雇,2,6,0.3333333333333333
1938,土木局 :: 本郷区出張所,技手,2,6,0.3333333333333333
1938,土木局 :: 本郷区出張所,書記,1,6,0.16666666666666666
1938,土木局 :: 本郷区出張所,雇,3,6,0.5
1938,土木局 :: 杉並区出張所,所長,2,16,0.125
1938,土木局 :: 杉並区出張所,技手,2,16,0.125
1938,土木局 :: 杉並区出張所,書記,3,16,0.1875
1938,土木局 :: 杉並区出張所,雇,9,16,0.5625
1938,土木局 :: 板橋区出張所,Unknown,1,15,0.06666666666666667
1938,土木局 :: 板橋区出張所,兼,2,15,0.13333333333333333
1938,土木局 :: 板橋区出張所,技手,4,15,0.26666666666666666
1938,土木局 :: 板橋区出張所,書記,1,15,0.06666666666666667
1938,土木局 :: 板橋区出張所,雇,7,15,0.4666666666666667
1938,土木局 :: 河川課,Unknown,6,90,0.06666666666666667
1938,土木局 :: 河川課,兼,13,90,0.14444444444444443
1938,土木局 :: 河川課,技手,9,90,0.1
1938,土木局 :: 河川課,書記,12,90,0.13333333333333333
1938,土木局 :: 河川課,機關手,5,90,0.05555555555555555
1938,土木局 :: 河川課,監視,2,90,0.022222222222222223
1938,土木局 :: 河川課,船長,5,90,0.05555555555555555
1938,土木局 :: 河川課,課長,1,90,0.011111111111111112
1938,土木局 :: 河川課,雇,37,90,0.4111111111111111
1938,土木局 :: 浅草区出張所,Unknown,2,13,0.15384615384615385
1938,土木局 :: 浅草区出張所,技手,7,13,0.5384615384615384
1938,土木局 :: 浅草区出張所,書記,3,13,0.23076923076923078
1938,土木局 :: 浅草区出張所,雇,1,13,0.07692307692307693
1938,土木局 :: 淀橋区出張所,技手,2,11,0.18181818181818182
1938,土木局 :: 淀橋区出張所,書記,2,11,0.18181818181818182
1938,土木局 :: 淀橋区出張所,枝手,3,11,0.2727272727272727
1938,土木局 :: 淀橋区出張所,雇,4,11,0.36363636363636365
1938,土木局 :: 深川区出張所,技手,2,7,0.2857142857142857
1938,土木局 :: 深川区出張所,書記,2,7,0.2857142857142857
1938,土木局 :: 深川区出張所,雇,3,7,0.42857142857142855
1938,土木局 :: 目黒区出張所,Unknown,1,8,0.125
1938,土木局 :: 目黒区出張所,兼,1,8,0.125
1938,土木局 :: 目黒区出張所,技手,3,8,0.375
1938,土木局 :: 目黒区出張所,書記,1,8,0.125
1938,土木局 :: 目黒区出張所,雇,2,8,0.25
1938,土木局 :: 荏原区出張所,Unknown,2,15,0.13333333333333333
1938,土木局 :: 荏原区出張所,技手,4,15,0.26666666666666666
1938,土木局 :: 荏原区出張所,書記,3,15,0.2
1938,土木局 :: 荏原区出張所,雇,6,15,0.4
1938,土木局 :: 荒川区出張所,Unknown,4,16,0.25
1938,土木局 :: 荒川区出張所,技手,7,16,0.4375
1938,土木局 :: 荒川区出張所,書記,1,16,0.0625
1938,土木局 :: 荒川区出張所,雇,4,16,0.25
1938,土木局 :: 葛飾区出張所,技手,10,14,0.7142857142857143
1938,土木局 :: 葛飾区出張所,書記,1,14,0.07142857142857142
1938,土木局 :: 葛飾区出張所,雇,3,14,0.21428571428571427
1938,土木局 :: 蒲田区出張所,技手,3,6,0.5
1938,土木局 :: 蒲田区出張所,雇,3,6,0.5
1938,土木局 :: 足立区出張所,技手,2,8,0.25
1938,土木局 :: 足立区出張所,雇,6,8,0.75
1938,土木局 :: 道路建設課,Unknown,8,140,0.05714285714285714
1938,土木局 :: 道路建設課,兼,26,140,0.18571428571428572
1938,土木局 :: 道路建設課,技手,46,140,0.32857142857142857
1938,土木局 :: 道路建設課,書記,7,140,0.05
1938,土木局 :: 道路建設課,課長,1,140,0.007142857142857143
1938,土木局 :: 道路建設課,雇,52,140,0.37142857142857144
1938,土木局 :: 道路管理課,Unknown,1,37,0.02702702702702703
1938,土木局 :: 道路管理課,主事,1,37,0.02702702702702703
1938,土木局 :: 道路管理課,兼,17,37,0.4594594594594595
1938,土木局 :: 道路管理課,技師,1,37,0.02702702702702703
1938,土木局 :: 道路管理課,技手,3,37,0.08108108108108109
1938,土木局 :: 道路管理課,書記,4,37,0.10810810810810811
1938,土木局 :: 道路管理課,雇,10,37,0.2702702702702703
1938,土木局 :: 麹町区出張所,Unknown,1,14,0.07142857142857142
1938,土木局 :: 麹町区出張所,技手,4,14,0.2857142857142857
1938,土木局 :: 麹町区出張所,書記,3,14,0.21428571428571427
1938,土木局 :: 麹町区出張所,雇,6,14,0.42857142857142855
1938,土木局 :: 麻布区出張所,所長,3,12,0.25
1938,土木局 :: 麻布区出張所,技手,2,12,0.16666666666666666
1938,土木局 :: 麻布区出張所,書記,1,12,0.08333333333333333
1938,土木局 :: 麻布区出張所,雇,6,12,0.5
1938,市会事務局 :: 事務所,書記,9,13,0.6923076923076923
1938,市会事務局 :: 事務所,雇,4,13,0.3076923076923077
1938,市会事務局 :: 古石場,書記,462,462,1
1938,市会事務局 :: 大場,書記,8,8,1
1938,市会事務局 :: 福室,書記,503,503,1
1938,市会事務局 :: 診療所,Unknown,29,416,0.06971153846153846
1938,市会事務局 :: 診療所,主事,6,416,0.014423076923076924
1938,市会事務局 :: 診療所,囑託員,19,416,0.04567307692307692
1938,市会事務局 :: 診療所,所長,4,416,0.009615384615384616
1938,市会事務局 :: 診療所,技師,2,416,0.004807692307692308
1938,市会事務局 :: 診療所,技手,6,416,0.014423076923076924
1938,市会事務局 :: 診療所,書記,259,416,0.6225961538461539
1938,市会事務局 :: 診療所,看護婦,7,416,0.016826923076923076
1938,市会事務局 :: 診療所,看護婦長,1,416,0.002403846153846154
1938,市会事務局 :: 診療所,臨時,75,416,0.18028846153846154
1938,市会事務局 :: 診療所,醫員,6,416,0.014423076923076924
1938,市会事務局 :: 診療所,雇,2,416,0.004807692307692308
1938,水道局 :: マニラ出張所,Unknown,2,40,0.05
1938,水道局 :: マニラ出張所,主事,3,40,0.075
1938,水道局 :: マニラ出張所,囑託員,1,40,0.025
1938,水道局 :: マニラ出張所,所長,1,40,0.025
1938,水道局 :: マニラ出張所,技手,8,40,0.2
1938,水道局 :: マニラ出張所,書記,3,40,0.075
1938,水道局 :: マニラ出張所,臨時,3,40,0.075
1938,水道局 :: マニラ出張所,雇,19,40,0.475
1938,水道局 :: 三河島汚水処分場,場長,3,28,0.10714285714285714
1938,水道局 :: 三河島汚水処分場,技手,6,28,0.21428571428571427
1938,水道局 :: 三河島汚水処分場,書記,2,28,0.07142857142857142
1938,水道局 :: 三河島汚水処分場,機關手,3,28,0.10714285714285714
1938,水道局 :: 三河島汚水処分場,船長,2,28,0.07142857142857142
1938,水道局 :: 三河島汚水処分場,雇,12,28,0.42857142857142855
1938,水道局 :: 下水課,Unknown,10,128,0.078125
1938,水道局 :: 下水課,主事,1,128,0.0078125
1938,水道局 :: 下水課,囑託員,2,128,0.015625
1938,水道局 :: 下水課,技師,1,128,0.0078125
1938,水道局 :: 下水課,技手,42,128,0.328125
1938,水道局 :: 下水課,書記,13,128,0.1015625
1938,水道局 :: 下水課,雇,59,128,0.4609375
1938,水道局 :: 会計課,Unknown,5,803,0.0062266500622665
1938,水道局 :: 会計課,主事,4,803,0.0049813200498132005
1938,水道局 :: 会計課,兼,1,803,0.0012453300124533001
1938,水道局 :: 会計課,技師,6,803,0.007471980074719801
1938,水道局 :: 会計課,技手,117,803,0.14570361145703611
1938,水道局 :: 会計課,書記,127,803,0.1581569115815691
1938,水道局 :: 会計課,臨時,3,803,0.0037359900373599006
1938,水道局 :: 会計課,雇,540,803,0.6724782067247821
1938,水道局 :: 商工相談所,Unknown,2,41,0.04878048780487805
1938,水道局 :: 商工相談所,主事,1,41,0.024390243902439025
1938,水道局 :: 商工相談所,囑託員,23,41,0.5609756097560976
1938,水道局 :: 商工相談所,技手,2,41,0.04878048780487805
1938,水道局 :: 商工相談所,書記,7,41,0.17073170731707318
1938,水道局 :: 商工相談所,雇,6,41,0.14634146341463414
1938,水道局 :: 商業経営指導員養成所,主事,2,35,0.05714285714285714
1938,水道局 :: 商業経営指導員養成所,囑託員,18,35,0.5142857142857142
1938,水道局 :: 商業経営指導員養成所,書記,5,35,0.14285714285714285
1938,水道局 :: 商業経営指導員養成所,雇,10,35,0.2857142857142857
1938,水道局 :: 小室,Unknown,17,603,0.028192371475953566
1938,水道局 :: 小室,主事,2,603,0.003316749585406302
1938,水道局 :: 小室,囑託員,2,603,0.003316749585406302
1938,水道局 :: 小室,所長,4,603,0.006633499170812604
1938,水道局 :: 小室,技師,8,603,0.013266998341625208
1938,水道局 :: 小室,技手,80,603,0.13266998341625208
1938,水道局 :: 小室,書記,56,603,0.09286898839137644
1938,水道局 :: 小室,雇,434,603,0.7197346600331676
1938,水道局 :: 常設家畜市場,技師,1,20,0.05
1938,水道局 :: 常設家畜市場,技手,17,20,0.85
1938,水道局 :: 常設家畜市場,雇,2,20,0.1
1938,水道局 :: 張家口出張所,Unknown,1,9,0.1111111111111111
1938,水道局 :: 張家口出張所,主事,2,9,0.2222222222222222
1938,水道局 :: 張家口出張所,書記,6,9,0.6666666666666666
1938,水道局 :: 擴張課,Unknown,5,76,0.06578947368421052
1938,水道局 :: 擴張課,兼,5,76,0.06578947368421052
1938,水道局 :: 擴張課,囑託員,1,76,0.013157894736842105
1938,水道局 :: 擴張課,技師,1,76,0.013157894736842105
1938,水道局 :: 擴張課,技手,15,76,0.19736842105263158
1938,水道局 :: 擴張課,書記,13,76,0.17105263157894737
1938,水道局 :: 擴張課,課長,1,76,0.013157894736842105
1938,水道局 :: 擴張課,雇,35,76,0.4605263157894737
1938,水道局 :: 新京出張所,主事,1,3,0.3333333333333333
1938,水道局 :: 新京出張所,所長,1,3,0.3333333333333333
1938,水道局 :: 新京出張所,雇,1,3,0.3333333333333333
1938,水道局 :: 日暮里出張所,所長,1,22,0.045454545454545456
1938,水道局 :: 日暮里出張所,技師,1,22,0.045454545454545456
1938,水道局 :: 日暮里出張所,技手,8,22,0.36363636363636365
1938,水道局 :: 日暮里出張所,書記,2,22,0.09090909090909091
1938,水道局 :: 日暮里出張所,雇,10,22,0.45454545454545453
1938,水道局 :: 木場,所長,4,35,0.11428571428571428
1938,水道局 :: 木場,技手,14,35,0.4
1938,水道局 :: 木場,書記,1,35,0.02857142857142857
1938,水道局 :: 木場,雇,16,35,0.45714285714285713
1938,水道局 :: 水課,Unknown,1,45,0.022222222222222223
1938,水道局 :: 水課,兼,11,45,0.24444444444444444
1938,水道局 :: 水課,囑託員,1,45,0.022222222222222223
1938,水道局 :: 水課,技師,1,45,0.022222222222222223
1938,水道局 :: 水課,技手,10,45,0.2222222222222222
1938,水道局 :: 水課,書記,5,45,0.1111111111111111
1938,水道局 :: 水課,雇,16,45,0.35555555555555557
1938,水道局 :: 浅草出張所,所長,1,23,0.043478260869565216
1938,水道局 :: 浅草出張所,技手,8,23,0.34782608695652173
1938,水道局 :: 浅草出張所,書記,1,23,0.043478260869565216
1938,水道局 :: 浅草出張所,雇,13,23,0.5652173913043478
1938,水道局 :: 芝浦汚水処分場,場長,2,22,0.09090909090909091
1938,水道局 :: 芝浦汚水処分場,技手,3,22,0.13636363636363635
1938,水道局 :: 芝浦汚水処分場,書記,4,22,0.18181818181818182
1938,水道局 :: 芝浦汚水処分場,船長,4,22,0.18181818181818182
1938,水道局 :: 芝浦汚水処分場,雇,9,22,0.4090909090909091
1938,社会局 :: 中野区役所,區長,1,1,1
1938,社会局 :: 会計課,Unknown,3,289,0.010380622837370242
1938,社会局 :: 会計課,主事,18,289,0.06228373702422145
1938,社会局 :: 会計課,區長,2,289,0.006920415224913495
1938,社会局 :: 会計課,書記,118,289,0.4083044982698962
1938,社会局 :: 会計課,臨時,1,289,0.0034602076124567475
1938,社会局 :: 会計課,課長,4,289,0.01384083044982699
1938,社会局 :: 会計課,雇,143,289,0.49480968858131485
1938,社会局 :: 保健土木課,Unknown,7,247,0.02834008097165992
1938,社会局 :: 保健土木課,主事,8,247,0.032388663967611336
1938,社会局 :: 保健土木課,兼,7,247,0.02834008097165992
1938,社会局 :: 保健土木課,技師,2,247,0.008097165991902834
1938,社会局 :: 保健土木課,技手,6,247,0.024291497975708502
1938,社会局 :: 保健土木課,書記,85,247,0.3441295546558704
1938,社会局 :: 保健土木課,臨時,4,247,0.016194331983805668
1938,社会局 :: 保健土木課,課長,2,247,0.008097165991902834
1938,社会局 :: 保健土木課,雇,126,247,0.5101214574898786
1938,社会局 :: 古石場,Unknown,1,197,0.005076142131979695
1938,社会局 :: 古石場,兼,112,197,0.5685279187817259
1938,社会局 :: 古石場,囑託員,40,197,0.20304568527918782
1938,社会局 :: 古石場,技師,1,197,0.005076142131979695
1938,社会局 :: 古石場,技手,20,197,0.10152284263959391
1938,社会局 :: 古石場,社會書記,4,197,0.02030456852791878
1938,社会局 :: 古石場,醫員,2,197,0.01015228426395939
1938,社会局 :: 古石場,雇,17,197,0.08629441624365482
1938,社会局 :: 向島区役所,區長,1,1,1
1938,社会局 :: 品川区役所,區長,1,1,1
1938,社会局 :: 城東区役所,區長,1,1,1
1938,社会局 :: 大場,臨時,19,25,0.76
1938,社会局 :: 大場,雇,6,25,0.24
1938,社会局 :: 大森区役所,區長,1,1,1
1938,社会局 :: 川一治所,主事,2,81,0.024691358024691357
1938,社会局 :: 川一治所,囑託員,5,81,0.06172839506172839
1938,社会局 :: 川一治所,技師,1,81,0.012345679012345678
1938,社会局 :: 川一治所,書記,9,81,0.1111111111111111
1938,社会局 :: 川一治所,社會書記,16,81,0.19753086419753085
1938,社会局 :: 川一治所,臨時,1,81,0.012345679012345678
1938,社会局 :: 川一治所,雇,47,81,0.5802469135802469
1938,社会局 :: 庶務課,Unknown,9,609,0.014778325123152709
1938,社会局 :: 庶務課,主事,14,609,0.022988505747126436
1938,社会局 :: 庶務課,書記,287,609,0.47126436781609193
1938,社会局 :: 庶務課,臨時,6,609,0.009852216748768473
1938,社会局 :: 庶務課,課長,3,609,0.0049261083743842365
1938,社会局 :: 庶務課,雇,290,609,0.47619047619047616
1938,社会局 :: 戸籍兵事課,Unknown,13,441,0.02947845804988662
1938,社会局 :: 戸籍兵事課,主事,5,441,0.011337868480725623
1938,社会局 :: 戸籍兵事課,書記,195,441,0.4421768707482993
1938,社会局 :: 戸籍兵事課,臨時,5,441,0.011337868480725623
1938,社会局 :: 戸籍兵事課,課長,12,441,0.027210884353741496
1938,社会局 :: 戸籍兵事課,雇,211,441,0.47845804988662133
1938,社会局 :: 新宿派出所,Unknown,1,6,0.16666666666666666
1938,社会局 :: 新宿派出所,書記,3,6,0.5
1938,社会局 :: 新宿派出所,雇,2,6,0.3333333333333333
1938,社会局 :: 方面事務所,囑託員,30,30,1
1938,社会局 :: 本所区役所,區長,2,2,1
1938,社会局 :: 杉並区役所,區長,1,1,1
1938,社会局 :: 板橋区役所,區長,1,1,1
1938,社会局 :: 浅草区役所,區長,2,2,1
1938,社会局 :: 深川区役所,區長,1,1,1
1938,社会局 :: 玉川派出所,主事,1,7,0.14285714285714285
1938,社会局 :: 玉川派出所,書記,3,7,0.42857142857142855
1938,社会局 :: 玉川派出所,雇,3,7,0.42857142857142855
1938,社会局 :: 目黒区役所,區長,1,1,1
1938,社会局 :: 石神井派出所,書記,1,6,0.16666666666666666
1938,社会局 :: 石神井派出所,雇,5,6,0.8333333333333334
1938,社会局 :: 砧派出所,區長,1,7,0.14285714285714285
1938,社会局 :: 砧派出所,書記,4,7,0.5714285714285714
1938,社会局 :: 砧派出所,雇,2,7,0.2857142857142857
1938,社会局 :: 社会課,Unknown,2,171,0.011695906432748537
1938,社会局 :: 社会課,主事,4,171,0.023391812865497075
1938,社会局 :: 社会課,兼,100,171,0.5847953216374269
1938,社会局 :: 社会課,書記,5,171,0.029239766081871343
1938,社会局 :: 社会課,社會書記,1,171,0.005847953216374269
1938,社会局 :: 社会課,臨時,10,171,0.05847953216374269
1938,社会局 :: 社会課,課長,1,171,0.005847953216374269
1938,社会局 :: 社会課,雇,48,171,0.2807017543859649
1938,社会局 :: 税務課,Unknown,3,997,0.003009027081243731
1938,社会局 :: 税務課,主事,6,997,0.006018054162487462
1938,社会局 :: 税務課,兼,27,997,0.02708124373119358
1938,社会局 :: 税務課,書記,449,997,0.45035105315947843
1938,社会局 :: 税務課,臨時,152,997,0.15245737211634905
1938,社会局 :: 税務課,課長,14,997,0.014042126379137413
1938,社会局 :: 税務課,雇,346,997,0.34704112337011034
1938,社会局 :: 練馬派出所,主事,1,9,0.1111111111111111
1938,社会局 :: 練馬派出所,書記,8,9,0.8888888888888888
1938,社会局 :: 職業課,Unknown,3,206,0.014563106796116505
1938,社会局 :: 職業課,主事,2,206,0.009708737864077669
1938,社会局 :: 職業課,兼,87,206,0.4223300970873786
1938,社会局 :: 職業課,囑託員,6,206,0.02912621359223301
1938,社会局 :: 職業課,技手,36,206,0.17475728155339806
1938,社会局 :: 職業課,書記,30,206,0.14563106796116504
1938,社会局 :: 職業課,社會書記,13,206,0.06310679611650485
1938,社会局 :: 職業課,臨時,3,206,0.014563106796116505
1938,社会局 :: 職業課,課長,1,206,0.0048543689320388345
1938,社会局 :: 職業課,雇,25,206,0.12135922330097088
1938,社会局 :: 芝宿泊所,囑託員,2,2,1
1938,社会局 :: 荏原区役所,區長,2,2,1
1938,社会局 :: 荒川区役所,區長,1,1,1
1938,社会局 :: 葛飾区役所,區長,2,2,1
1938,社会局 :: 足立区役所,區長,1,1,1
1938,電気局 :: ブク保診療所,所長,2,22,0.09090909090909091
1938,電気局 :: ブク保診療所,技師,1,22,0.045454545454545456
1938,電気局 :: ブク保診療所,書記,2,22,0.09090909090909091
1938,電気局 :: ブク保診療所,看護婦,12,22,0.5454545454545454
1938,電気局 :: ブク保診療所,醫員,5,22,0.22727272727272727
1938,電気局 :: 労働課,Unknown,5,51,0.09803921568627451
1938,電気局 :: 労働課,主事,1,51,0.0196078431372549
1938,電気局 :: 労働課,兼,5,51,0.09803921568627451
1938,電気局 :: 労働課,囑託員,4,51,0.0784313725490196
1938,電気局 :: 労働課,書記,18,51,0.35294117647058826
1938,電気局 :: 労働課,雇,18,51,0.35294117647058826
1938,電気局 :: 印刷工場,Unknown,2,5,0.4
1938,電気局 :: 印刷工場,技手,1,5,0.2
1938,電気局 :: 印刷工場,書記,1,5,0.2
1938,電気局 :: 印刷工場,雇,1,5,0.2
1938,電気局 :: 国民精神総動員課,Unknown,7,79,0.08860759493670886
1938,電気局 :: 国民精神総動員課,主事,7,79,0.08860759493670886
1938,電気局 :: 国民精神総動員課,兼,15,79,0.189873417721519
1938,電気局 :: 国民精神総動員課,囑託員,2,79,0.02531645569620253
1938,電気局 :: 国民精神総動員課,技手,1,79,0.012658227848101266
1938,電気局 :: 国民精神総動員課,書記,25,79,0.31645569620253167
1938,電気局 :: 国民精神総動員課,臨時,5,79,0.06329113924050633
1938,電気局 :: 国民精神総動員課,課長,1,79,0.012658227848101266
1938,電気局 :: 国民精神総動員課,雇,16,79,0.20253164556962025
1938,電気局 :: 地所課,主事,2,16,0.125
1938,電気局 :: 地所課,囑託員,1,16,0.0625
1938,電気局 :: 地所課,書記,5,16,0.3125
1938,電気局 :: 地所課,課長,1,16,0.0625
1938,電気局 :: 地所課,雇,7,16,0.4375
1938,電気局 :: 巣鴨診療所,所長,1,5,0.2
1938,電気局 :: 巣鴨診療所,看護婦,4,5,0.8
1938,電気局 :: 庶務課,Unknown,16,61,0.26229508196721313
1938,電気局 :: 庶務課,主事,1,61,0.01639344262295082
1938,電気局 :: 庶務課,書記,16,61,0.26229508196721313
1938,電気局 :: 庶務課,監視,1,61,0.01639344262295082
1938,電気局 :: 庶務課,課長,1,61,0.01639344262295082
1938,電気局 :: 庶務課,雇,26,61,0.4262295081967213
1938,電気局 :: 技術課,Unknown,2,28,0.07142857142857142
1938,電気局 :: 技術課,技手,4,28,0.14285714285714285
1938,電気局 :: 技術課,機關手,3,28,0.10714285714285714
1938,電気局 :: 技術課,船長,3,28,0.10714285714285714
1938,電気局 :: 技術課,課長,1,28,0.03571428571428571
1938,電気局 :: 技術課,雇,15,28,0.5357142857142857
1938,電気局 :: 新谷町診療所,Unknown,1,15,0.06666666666666667
1938,電気局 :: 新谷町診療所,技師,2,15,0.13333333333333333
1938,電気局 :: 新谷町診療所,書記,4,15,0.26666666666666666
1938,電気局 :: 新谷町診療所,看護婦,4,15,0.26666666666666666
1938,電気局 :: 新谷町診療所,醫員,4,15,0.26666666666666666
1938,電気局 :: 業務課,Unknown,2,18,0.1111111111111111
1938,電気局 :: 業務課,書記,14,18,0.7777777777777778
1938,電気局 :: 業務課,課長,2,18,0.1111111111111111
1938,電気局 :: 港務所,Unknown,11,178,0.06179775280898876
1938,電気局 :: 港務所,主事,6,178,0.033707865168539325
1938,電気局 :: 港務所,兼,4,178,0.02247191011235955
1938,電気局 :: 港務所,技師,5,178,0.028089887640449437
1938,電気局 :: 港務所,技手,12,178,0.06741573033707865
1938,電気局 :: 港務所,書記,17,178,0.09550561797752809
1938,電気局 :: 港務所,機關手,2,178,0.011235955056179775
1938,電気局 :: 港務所,監視,1,178,0.0056179775280898875
1938,電気局 :: 港務所,臨時,47,178,0.2640449438202247
1938,電気局 :: 港務所,船長,1,178,0.0056179775280898875
1938,電気局 :: 港務所,雇,72,178,0.4044943820224719
1938,電気局 :: 田所,Unknown,8,27,0.2962962962962963
1938,電気局 :: 田所,兼,19,27,0.7037037037037037
1938,電気局 :: 経理課,Unknown,1,59,0.01694915254237288
1938,電気局 :: 経理課,主事,1,59,0.01694915254237288
1938,電気局 :: 経理課,技手,1,59,0.01694915254237288
1938,電気局 :: 経理課,書記,24,59,0.4067796610169492
1938,電気局 :: 経理課,課長,1,59,0.01694915254237288
1938,電気局 :: 経理課,雇,31,59,0.5254237288135594
1938,電気局 :: 芝浦試験所,所長,1,9,0.1111111111111111
1938,電気局 :: 芝浦試験所,技手,4,9,0.4444444444444444
1938,電気局 :: 芝浦試験所,書記,3,9,0.3333333333333333
1938,電気局 :: 芝浦試験所,雇,1,9,0.1111111111111111
1938,電気局 :: 被服工場,Unknown,1,5,0.2
1938,電気局 :: 被服工場,書記,2,5,0.4
1938,電気局 :: 被服工場,雇,2,5,0.4
1938,電気局 :: 計画課,Unknown,2,21,0.09523809523809523
1938,電気局 :: 計画課,囑託員,1,21,0.047619047619047616
1938,電気局 :: 計画課,技師,1,21,0.047619047619047616
1938,電気局 :: 計画課,技手,4,21,0.19047619047619047
1938,電気局 :: 計画課,書記,5,21,0.23809523809523808
1938,電気局 :: 計画課,課長,1,21,0.047619047619047616
1938,電気局 :: 計画課,雇,7,21,0.3333333333333333
1938,電気局 :: 電力課,Unknown,1,57,0.017543859649122806
1938,電気局 :: 電力課,主事,1,57,0.017543859649122806
1938,電気局 :: 電力課,技師,1,57,0.017543859649122806
1938,電気局 :: 電力課,技手,21,57,0.3684210526315789
1938,電気局 :: 電力課,書記,7,57,0.12280701754385964
1938,電気局 :: 電力課,課長,1,57,0.017543859649122806
1938,電気局 :: 電力課,雇,25,57,0.43859649122807015
1938,電気局 :: 電気局経理課,Unknown,1,71,0.014084507042253521
1938,電気局 :: 電気局経理課,主事,1,71,0.014084507042253521
1938,電気局 :: 電気局経理課,兼,5,71,0.07042253521126761
1938,電気局 :: 電気局経理課,技手,20,71,0.28169014084507044
1938,電気局 :: 電気局経理課,書記,14,71,0.19718309859154928
1938,電気局 :: 電気局経理課,雇,30,71,0.4225352112676056
1938,養育院 :: 五所,主事,1,1,1
1938,養育院 :: 会計課,Unknown,4,58,0.06896551724137931
1938,養育院 :: 会計課,主事,4,58,0.06896551724137931
1938,養育院 :: 会計課,保健婦,1,58,0.017241379310344827
1938,養育院 :: 会計課,囑託員,5,58,0.08620689655172414
1938,養育院 :: 会計課,教諭,5,58,0.08620689655172414
1938,養育院 :: 会計課,書記,7,58,0.1206896551724138
1938,養育院 :: 会計課,看護婦,11,58,0.1896551724137931
1938,養育院 :: 会計課,臨時,6,58,0.10344827586206896
1938,養育院 :: 会計課,醫員,5,58,0.08620689655172414
1938,養育院 :: 会計課,雇,10,58,0.1724137931034483
1938,養育院 :: 医務課,Unknown,7,93,0.07526881720430108
1938,養育院 :: 医務課,囑託員,5,93,0.053763440860215055
1938,養育院 :: 医務課,技師,1,93,0.010752688172043012
1938,養育院 :: 医務課,書記,1,93,0.010752688172043012
1938,養育院 :: 医務課,看護婦,59,93,0.6344086021505376
1938,養育院 :: 医務課,看護婦長,1,93,0.010752688172043012
1938,養育院 :: 医務課,臨時,7,93,0.07526881720430108
1938,養育院 :: 医務課,醫員,12,93,0.12903225806451613
1938,養育院 :: 合宿所,Unknown,2,66,0.030303030303030304
1938,養育院 :: 合宿所,技手,53,66,0.803030303030303
1938,養育院 :: 合宿所,書記,3,66,0.045454545454545456
1938,養育院 :: 合宿所,雇,8,66,0.12121212121212122
1938,養育院 :: 山室,Unknown,6,68,0.08823529411764706
1938,養育院 :: 山室,囑託員,1,68,0.014705882352941176
1938,養育院 :: 山室,技師,1,68,0.014705882352941176
1938,養育院 :: 山室,技手,2,68,0.029411764705882353
1938,養育院 :: 山室,書記,3,68,0.04411764705882353
1938,養育院 :: 山室,機關手,2,68,0.029411764705882353
1938,養育院 :: 山室,看護婦,24,68,0.35294117647058826
1938,養育院 :: 山室,醫員,28,68,0.4117647058823529
1938,養育院 :: 山室,雇,1,68,0.014705882352941176
1938,養育院 :: 工事課,Unknown,1,1,1
1938,養育院 :: 庶務課,主事,4,50,0.08
1938,養育院 :: 庶務課,囑託員,2,50,0.04
1938,養育院 :: 庶務課,技手,1,50,0.02
1938,養育院 :: 庶務課,書記,12,50,0.24
1938,養育院 :: 庶務課,雇,31,50,0.62
1938,養育院 :: 淀橋出張所,技手,2,2,1
1938,養育院 :: 療養所,所長,1,2,0.5
1938,養育院 :: 療養所,課長,1,2,0.5
1938,養育院 :: 監護課,主事,2,29,0.06896551724137931
1938,養育院 :: 監護課,兼,2,29,0.06896551724137931
1938,養育院 :: 監護課,囑託員,1,29,0.034482758620689655
1938,養育院 :: 監護課,書記,2,29,0.06896551724137931
1938,養育院 :: 監護課,臨時,13,29,0.4482758620689655
1938,養育院 :: 監護課,雇,9,29,0.3103448275862069
1938,養育院 :: 研究課,Unknown,4,70,0.05714285714285714
1938,養育院 :: 研究課,主事,3,70,0.04285714285714286
1938,養育院 :: 研究課,兼,2,70,0.02857142857142857
1938,養育院 :: 研究課,囑託員,7,70,0.1
1938,養育院 :: 研究課,技師,2,70,0.02857142857142857
1938,養育院 :: 研究課,技手,12,70,0.17142857142857143
1938,養育院 :: 研究課,書記,14,70,0.2
1938,養育院 :: 研究課,課長,1,70,0.014285714285714285
1938,養育院 :: 研究課,雇,25,70,0.35714285714285715
1938,養育院 :: 第一工営課,Unknown,2,53,0.03773584905660377
1938,養育院 :: 第一工営課,技師,2,53,0.03773584905660377
1938,養育院 :: 第一工営課,技手,28,53,0.5283018867924528
1938,養育院 :: 第一工営課,書記,2,53,0.03773584905660377
1938,養育院 :: 第一工営課,雇,19,53,0.3584905660377358
1938,養育院 :: 第三工営課,Unknown,8,93,0.08602150537634409
1938,養育院 :: 第三工営課,主事,3,93,0.03225806451612903
1938,養育院 :: 第三工営課,囑託員,6,93,0.06451612903225806
1938,養育院 :: 第三工営課,技師,1,93,0.010752688172043012
1938,養育院 :: 第三工営課,技手,34,93,0.3655913978494624
1938,養育院 :: 第三工営課,書記,13,93,0.13978494623655913
1938,養育院 :: 第三工営課,臨時,2,93,0.021505376344086023
1938,養育院 :: 第三工営課,課長,1,93,0.010752688172043012
1938,養育院 :: 第三工営課,部長,1,93,0.010752688172043012
1938,養育院 :: 第三工営課,雇,24,93,0.25806451612903225
1938,養育院 :: 管理課,技手,1,4,0.25
1938,養育院 :: 管理課,書記,3,4,0.75
1938,養育院 :: 試験課,Unknown,1,17,0.058823529411764705
1938,養育院 :: 試験課,技師,2,17,0.11764705882352941
1938,養育院 :: 試験課,技手,2,17,0.11764705882352941
1938,養育院 :: 試験課,書記,2,17,0.11764705882352941
1938,養育院 :: 試験課,雇,10,17,0.5882352941176471
1938,養育院 :: 雇馬場,Unknown,2,49,0.04081632653061224
1938,養育院 :: 雇馬場,主事,1,49,0.02040816326530612
1938,養育院 :: 雇馬場,書記,1,49,0.02040816326530612
1938,養育院 :: 雇馬場,看護婦,29,49,0.5918367346938775
1938,養育院 :: 雇馬場,看護婦長,1,49,0.02040816326530612
1938,養育院 :: 雇馬場,臨時,8,49,0.16326530612244897
1938,養育院 :: 雇馬場,醫員,4,49,0.08163265306122448
1938,養育院 :: 雇馬場,雇,3,49,0.061224489795918366
1939,中央卸売市場 :: 土木試験所,所長,2,7,0.2857142857142857
1939,中央卸売市場 :: 土木試験所,技手,2,7,0.2857142857142857
1939,中央卸売市場 :: 土木試験所,書記,1,7,0.14285714285714285
1939,中央卸売市場 :: 土木試験所,雇,2,7,0.2857142857142857
1939,中央卸売市場 :: 庶務課,Unknown,2,55,0.03636363636363636
1939,中央卸売市場 :: 庶務課,兼,1,55,0.01818181818181818
1939,中央卸売市場 :: 庶務課,囑託員,3,55,0.05454545454545454
1939,中央卸売市場 :: 庶務課,技手,2,55,0.03636363636363636
1939,中央卸売市場 :: 庶務課,書記,23,55,0.41818181818181815
1939,中央卸売市場 :: 庶務課,臨時,3,55,0.05454545454545454
1939,中央卸売市場 :: 庶務課,雇,21,55,0.38181818181818183
1939,中央卸売市場 :: 技術課,Unknown,3,56,0.05357142857142857
1939,中央卸売市場 :: 技術課,兼,3,56,0.05357142857142857
1939,中央卸売市場 :: 技術課,技手,7,56,0.125
1939,中央卸売市場 :: 技術課,書記,3,56,0.05357142857142857
1939,中央卸売市場 :: 技術課,機關手,2,56,0.03571428571428571
1939,中央卸売市場 :: 技術課,船長,3,56,0.05357142857142857
1939,中央卸売市場 :: 技術課,雇,35,56,0.625
1939,中央卸売市場 :: 振興課,Unknown,2,15,0.13333333333333333
1939,中央卸売市場 :: 振興課,主事,2,15,0.13333333333333333
1939,中央卸売市場 :: 振興課,書記,6,15,0.4
1939,中央卸売市場 :: 振興課,雇,5,15,0.3333333333333333
1939,中央卸売市場 :: 業務課,Unknown,1,65,0.015384615384615385
1939,中央卸売市場 :: 業務課,技師,1,65,0.015384615384615385
1939,中央卸売市場 :: 業務課,技手,13,65,0.2
1939,中央卸売市場 :: 業務課,書記,6,65,0.09230769230769231
1939,中央卸売市場 :: 業務課,臨時,1,65,0.015384615384615385
1939,中央卸売市場 :: 業務課,課長,1,65,0.015384615384615385
1939,中央卸売市場 :: 業務課,雇,42,65,0.6461538461538462
1939,中央卸売市場 :: 江東分場,雇,8,8,1
1939,中央卸売市場 :: 河川課,Unknown,1,23,0.043478260869565216
1939,中央卸売市場 :: 河川課,兼,1,23,0.043478260869565216
1939,中央卸売市場 :: 河川課,技師,1,23,0.043478260869565216
1939,中央卸売市場 :: 河川課,技手,5,23,0.21739130434782608
1939,中央卸売市場 :: 河川課,書記,2,23,0.08695652173913043
1939,中央卸売市場 :: 河川課,監視,7,23,0.30434782608695654
1939,中央卸売市場 :: 河川課,雇,6,23,0.2608695652173913
1939,中央卸売市場 :: 治水工事課,Unknown,6,102,0.058823529411764705
1939,中央卸売市場 :: 治水工事課,兼,4,102,0.0392156862745098
1939,中央卸売市場 :: 治水工事課,技師,4,102,0.0392156862745098
1939,中央卸売市場 :: 治水工事課,技手,37,102,0.3627450980392157
1939,中央卸売市場 :: 治水工事課,書記,6,102,0.058823529411764705
1939,中央卸売市場 :: 治水工事課,雇,45,102,0.4411764705882353
1939,中央卸売市場 :: 洗湾部振与課,兼,3,7,0.42857142857142855
1939,中央卸売市場 :: 洗湾部振与課,監視,1,7,0.14285714285714285
1939,中央卸売市場 :: 洗湾部振与課,雇,3,7,0.42857142857142855
1939,中央卸売市場 :: 淀橋分場,Unknown,1,17,0.058823529411764705
1939,中央卸売市場 :: 淀橋分場,主事,1,17,0.058823529411764705
1939,中央卸売市場 :: 淀橋分場,技手,2,17,0.11764705882352941
1939,中央卸売市場 :: 淀橋分場,書記,1,17,0.058823529411764705
1939,中央卸売市場 :: 淀橋分場,雇,12,17,0.7058823529411765
1939,中央卸売市場 :: 港務所,Unknown,6,36,0.16666666666666666
1939,中央卸売市場 :: 港務所,技師,2,36,0.05555555555555555
1939,中央卸売市場 :: 港務所,技手,3,36,0.08333333333333333
1939,中央卸売市場 :: 港務所,書記,1,36,0.027777777777777776
1939,中央卸売市場 :: 港務所,船長,1,36,0.027777777777777776
1939,中央卸売市場 :: 港務所,雇,23,36,0.6388888888888888
1939,中央卸売市場 :: 神田分場,Unknown,1,20,0.05
1939,中央卸売市場 :: 神田分場,技手,2,20,0.1
1939,中央卸売市場 :: 神田分場,書記,4,20,0.2
1939,中央卸売市場 :: 神田分場,臨時,10,20,0.5
1939,中央卸売市場 :: 神田分場,雇,3,20,0.15
1939,中央卸売市場 :: 管理課,Unknown,2,36,0.05555555555555555
1939,中央卸売市場 :: 管理課,主事,1,36,0.027777777777777776
1939,中央卸売市場 :: 管理課,技手,3,36,0.08333333333333333
1939,中央卸売市場 :: 管理課,書記,9,36,0.25
1939,中央卸売市場 :: 管理課,雇,21,36,0.5833333333333334
1939,中央卸売市場 :: 臨時飛行場建設事務所,Unknown,1,9,0.1111111111111111
1939,中央卸売市場 :: 臨時飛行場建設事務所,兼,3,9,0.3333333333333333
1939,中央卸売市場 :: 臨時飛行場建設事務所,書記,1,9,0.1111111111111111
1939,中央卸売市場 :: 臨時飛行場建設事務所,臨時,1,9,0.1111111111111111
1939,中央卸売市場 :: 臨時飛行場建設事務所,雇,3,9,0.3333333333333333
1939,中央卸売市場 :: 荏原分場,技手,3,22,0.13636363636363635
1939,中央卸売市場 :: 荏原分場,書記,2,22,0.09090909090909091
1939,中央卸売市場 :: 荏原分場,雇,17,22,0.7727272727272727
1939,中央卸売市場 :: 道路建設課,Unknown,2,99,0.020202020202020204
1939,中央卸売市場 :: 道路建設課,兼,17,99,0.1717171717171717
1939,中央卸売市場 :: 道路建設課,技手,36,99,0.36363636363636365
1939,中央卸売市場 :: 道路建設課,書記,2,99,0.020202020202020204
1939,中央卸売市場 :: 道路建設課,雇,42,99,0.42424242424242425
1939,中央卸売市場 :: 道路管理課,Unknown,6,105,0.05714285714285714
1939,中央卸売市場 :: 道路管理課,兼,5,105,0.047619047619047616
1939,中央卸売市場 :: 道路管理課,技手,20,105,0.19047619047619047
1939,中央卸売市場 :: 道路管理課,書記,27,105,0.2571428571428571
1939,中央卸売市場 :: 道路管理課,監視,1,105,0.009523809523809525
1939,中央卸売市場 :: 道路管理課,課長,1,105,0.009523809523809525
1939,中央卸売市場 :: 道路管理課,雇,45,105,0.42857142857142855
1939,保健局 :: 公園課,Unknown,4,38,0.10526315789473684
1939,保健局 :: 公園課,事務員,1,38,0.02631578947368421
1939,保健局 :: 公園課,兼,22,38,0.5789473684210527
1939,保健局 :: 公園課,囑託員,10,38,0.2631578947368421
1939,保健局 :: 公園課,課長,1,38,0.02631578947368421
1939,保健局 :: 庶務課,Unknown,2,34,0.058823529411764705
1939,保健局 :: 庶務課,事務員,5,34,0.14705882352941177
1939,保健局 :: 庶務課,兼,3,34,0.08823529411764706
1939,保健局 :: 庶務課,技師,1,34,0.029411764705882353
1939,保健局 :: 庶務課,技手,1,34,0.029411764705882353
1939,保健局 :: 庶務課,機關手,1,34,0.029411764705882353
1939,保健局 :: 庶務課,課長,1,34,0.029411764705882353
1939,保健局 :: 庶務課,醫員,20,34,0.5882352941176471
1939,保健局 :: 庶務課兼給水課,局長,3,3,1
1939,保健局 :: 擴張課,Unknown,1,1,1
1939,保健局 :: 文書課,Unknown,2,27,0.07407407407407407
1939,保健局 :: 文書課,兼,24,27,0.8888888888888888
1939,保健局 :: 文書課,課長,1,27,0.037037037037037035
1939,保健局 :: 東京市役所,場長,11,11,1
1939,保健局 :: 清掃課,Unknown,3,14,0.21428571428571427
1939,保健局 :: 清掃課,事務員,1,14,0.07142857142857142
1939,保健局 :: 清掃課,技師,1,14,0.07142857142857142
1939,保健局 :: 清掃課,機關手,4,14,0.2857142857142857
1939,保健局 :: 清掃課,船長,4,14,0.2857142857142857
1939,保健局 :: 清掃課,課長,1,14,0.07142857142857142
1939,保健局 :: 祕書課,Unknown,14,20,0.7
1939,保健局 :: 祕書課,囑託員,5,20,0.25
1939,保健局 :: 祕書課,課長,1,20,0.05
1939,保健局 :: 移転課,Unknown,1,1,1
1939,保健局 :: 第一課第二課第三課,Unknown,2,3,0.6666666666666666
1939,保健局 :: 第一課第二課第三課,所長,1,3,0.3333333333333333
1939,保健局 :: 経理課,場長,4,4,1
1939,保健局 :: 給水課,Unknown,2,2,1
1939,厚生局 :: 下谷健康相談所,保健婦,4,10,0.4
1939,厚生局 :: 下谷健康相談所,技師,1,10,0.1
1939,厚生局 :: 下谷健康相談所,書記,1,10,0.1
1939,厚生局 :: 下谷健康相談所,醫員,3,10,0.3
1939,厚生局 :: 下谷健康相談所,雇,1,10,0.1
1939,厚生局 :: 下谷診療所,保健婦,3,5,0.6
1939,厚生局 :: 下谷診療所,囑託員,1,5,0.2
1939,厚生局 :: 下谷診療所,所長,1,5,0.2
1939,厚生局 :: 世田谷診療所,保健婦,1,7,0.14285714285714285
1939,厚生局 :: 世田谷診療所,所長,3,7,0.42857142857142855
1939,厚生局 :: 世田谷診療所,技師,1,7,0.14285714285714285
1939,厚生局 :: 世田谷診療所,雇,2,7,0.2857142857142857
1939,厚生局 :: 代々幡診療所,保健婦,4,7,0.5714285714285714
1939,厚生局 :: 代々幡診療所,書記,1,7,0.14285714285714285
1939,厚生局 :: 代々幡診療所,醫員,2,7,0.2857142857142857
1939,厚生局 :: 会計課,Unknown,4,165,0.024242424242424242
1939,厚生局 :: 会計課,主事,4,165,0.024242424242424242
1939,厚生局 :: 会計課,兼,1,165,0.006060606060606061
1939,厚生局 :: 会計課,區長,1,165,0.006060606060606061
1939,厚生局 :: 会計課,所長,1,165,0.006060606060606061
1939,厚生局 :: 会計課,書記,69,165,0.41818181818181815
1939,厚生局 :: 会計課,臨時,1,165,0.006060606060606061
1939,厚生局 :: 会計課,雇,84,165,0.509090909090909
1939,厚生局 :: 保健課,主事,3,156,0.019230769230769232
1939,厚生局 :: 保健課,兼,22,156,0.14102564102564102
1939,厚生局 :: 保健課,書記,33,156,0.21153846153846154
1939,厚生局 :: 保健課,清掃監督,3,156,0.019230769230769232
1939,厚生局 :: 保健課,監視,17,156,0.10897435897435898
1939,厚生局 :: 保健課,臨時,5,156,0.03205128205128205
1939,厚生局 :: 保健課,課長,1,156,0.00641025641025641
1939,厚生局 :: 保健課,雇,72,156,0.46153846153846156
1939,厚生局 :: 保護課,主事,1,1,1
1939,厚生局 :: 児童課,Unknown,4,237,0.016877637130801686
1939,厚生局 :: 児童課,兼,86,237,0.3628691983122363
1939,厚生局 :: 児童課,社會書記,2,237,0.008438818565400843
1939,厚生局 :: 児童課,臨時,80,237,0.33755274261603374
1939,厚生局 :: 児童課,課長,1,237,0.004219409282700422
1939,厚生局 :: 児童課,醫員,44,237,0.18565400843881857
1939,厚生局 :: 児童課,雇,20,237,0.08438818565400844
1939,厚生局 :: 医務課,Unknown,24,414,0.057971014492753624
1939,厚生局 :: 医務課,兼,1,414,0.0024154589371980675
1939,厚生局 :: 医務課,囑託員,10,414,0.024154589371980676
1939,厚生局 :: 医務課,技師,1,414,0.0024154589371980675
1939,厚生局 :: 医務課,技手,5,414,0.012077294685990338
1939,厚生局 :: 医務課,書記,25,414,0.06038647342995169
1939,厚生局 :: 医務課,機關手,2,414,0.004830917874396135
1939,厚生局 :: 医務課,看護婦,177,414,0.427536231884058
1939,厚生局 :: 医務課,看護婦長,1,414,0.0024154589371980675
1939,厚生局 :: 医務課,臨時,23,414,0.05555555555555555
1939,厚生局 :: 医務課,醫員,121,414,0.2922705314009662
1939,厚生局 :: 医務課,雇,24,414,0.057971014492753624
1939,厚生局 :: 千田町一泊所,兼,10,18,0.5555555555555556
1939,厚生局 :: 千田町一泊所,所長,4,18,0.2222222222222222
1939,厚生局 :: 千田町一泊所,書記,4,18,0.2222222222222222
1939,厚生局 :: 古石場,主事,1,163,0.006134969325153374
1939,厚生局 :: 古石場,兼,81,163,0.49693251533742333
1939,厚生局 :: 古石場,囑託員,2,163,0.012269938650306749
1939,厚生局 :: 古石場,技手,1,163,0.006134969325153374
1939,厚生局 :: 古石場,書記,6,163,0.03680981595092025
1939,厚生局 :: 古石場,社會書記,2,163,0.012269938650306749
1939,厚生局 :: 古石場,臨時,24,163,0.147239263803681
1939,厚生局 :: 古石場,雇,46,163,0.2822085889570552
1939,厚生局 :: 向島健康相談所,Unknown,1,16,0.0625
1939,厚生局 :: 向島健康相談所,保健婦,7,16,0.4375
1939,厚生局 :: 向島健康相談所,技師,2,16,0.125
1939,厚生局 :: 向島健康相談所,書記,1,16,0.0625
1939,厚生局 :: 向島健康相談所,醫員,1,16,0.0625
1939,厚生局 :: 向島健康相談所,雇,4,16,0.25
1939,厚生局 :: 向島区役所,兼,1,24,0.041666666666666664
1939,厚生局 :: 向島区役所,區長,1,24,0.041666666666666664
1939,厚生局 :: 向島区役所,書記,8,24,0.3333333333333333
1939,厚生局 :: 向島区役所,臨時,4,24,0.16666666666666666
1939,厚生局 :: 向島区役所,雇,10,24,0.4166666666666667
1939,厚生局 :: 向島診療所,保健婦,1,6,0.16666666666666666
1939,厚生局 :: 向島診療所,醫員,4,6,0.6666666666666666
1939,厚生局 :: 向島診療所,雇,1,6,0.16666666666666666
1939,厚生局 :: 品川健康相談所,保健婦,4,13,0.3076923076923077
1939,厚生局 :: 品川健康相談所,技師,1,13,0.07692307692307693
1939,厚生局 :: 品川健康相談所,書記,2,13,0.15384615384615385
1939,厚生局 :: 品川健康相談所,醫員,5,13,0.38461538461538464
1939,厚生局 :: 品川健康相談所,雇,1,13,0.07692307692307693
1939,厚生局 :: 土木課,兼,10,146,0.0684931506849315
1939,厚生局 :: 土木課,技師,2,146,0.0136986301369863
1939,厚生局 :: 土木課,技手,24,146,0.1643835616438356
1939,厚生局 :: 土木課,書記,69,146,0.4726027397260274
1939,厚生局 :: 土木課,雇,41,146,0.2808219178082192
1939,厚生局 :: 大井診療所,保健婦,2,4,0.5
1939,厚生局 :: 大井診療所,所長,1,4,0.25
1939,厚生局 :: 大井診療所,書記,1,4,0.25
1939,厚生局 :: 大場,Unknown,6,107,0.056074766355140186
1939,厚生局 :: 大場,主事,1,107,0.009345794392523364
1939,厚生局 :: 大場,技師,2,107,0.018691588785046728
1939,厚生局 :: 大場,技手,1,107,0.009345794392523364
1939,厚生局 :: 大場,書記,3,107,0.028037383177570093
1939,厚生局 :: 大場,機關手,2,107,0.018691588785046728
1939,厚生局 :: 大場,看護婦,59,107,0.5514018691588785
1939,厚生局 :: 大場,看護婦長,1,107,0.009345794392523364
1939,厚生局 :: 大場,臨時,8,107,0.07476635514018691
1939,厚生局 :: 大場,醫員,18,107,0.16822429906542055
1939,厚生局 :: 大場,雇,6,107,0.056074766355140186
1939,厚生局 :: 寄生蟲病診療所,技師,1,4,0.25
1939,厚生局 :: 寄生蟲病診療所,雇,3,4,0.75
1939,厚生局 :: 寄生蟲病診療所足立出張所,技手,1,1,1
1939,厚生局 :: 尾久健康相談所,保健婦,3,8,0.375
1939,厚生局 :: 尾久健康相談所,所長,2,8,0.25
1939,厚生局 :: 尾久健康相談所,技師,1,8,0.125
1939,厚生局 :: 尾久健康相談所,醫員,2,8,0.25
1939,厚生局 :: 尾久診療所,Unknown,1,42,0.023809523809523808
1939,厚生局 :: 尾久診療所,主事,1,42,0.023809523809523808
1939,厚生局 :: 尾久診療所,保健婦,16,42,0.38095238095238093
1939,厚生局 :: 尾久診療所,所長,3,42,0.07142857142857142
1939,厚生局 :: 尾久診療所,技師,1,42,0.023809523809523808
1939,厚生局 :: 尾久診療所,書記,3,42,0.07142857142857142
1939,厚生局 :: 尾久診療所,醫員,9,42,0.21428571428571427
1939,厚生局 :: 尾久診療所,雇,8,42,0.19047619047619047
1939,厚生局 :: 山室,看護婦,2,2,1
1939,厚生局 :: 岡室,機關手,1,16,0.0625
1939,厚生局 :: 岡室,看護婦,7,16,0.4375
1939,厚生局 :: 岡室,醫員,2,16,0.125
1939,厚生局 :: 岡室,雇,6,16,0.375
1939,厚生局 :: 庶務課,Unknown,1,177,0.005649717514124294
1939,厚生局 :: 庶務課,主事,2,177,0.011299435028248588
1939,厚生局 :: 庶務課,兼,2,177,0.011299435028248588
1939,厚生局 :: 庶務課,技手,3,177,0.01694915254237288
1939,厚生局 :: 庶務課,書記,63,177,0.3559322033898305
1939,厚生局 :: 庶務課,臨時,17,177,0.096045197740113
1939,厚生局 :: 庶務課,雇,89,177,0.5028248587570622
1939,厚生局 :: 戸室,Unknown,18,196,0.09183673469387756
1939,厚生局 :: 戸室,主事,1,196,0.00510204081632653
1939,厚生局 :: 戸室,書記,4,196,0.02040816326530612
1939,厚生局 :: 戸室,機關手,5,196,0.025510204081632654
1939,厚生局 :: 戸室,看護婦,113,196,0.576530612244898
1939,厚生局 :: 戸室,臨時,6,196,0.030612244897959183
1939,厚生局 :: 戸室,醫員,38,196,0.19387755102040816
1939,厚生局 :: 戸室,雇,11,196,0.05612244897959184
1939,厚生局 :: 戸籍兵事課,Unknown,4,166,0.024096385542168676
1939,厚生局 :: 戸籍兵事課,主事,3,166,0.018072289156626505
1939,厚生局 :: 戸籍兵事課,書記,69,166,0.41566265060240964
1939,厚生局 :: 戸籍兵事課,臨時,2,166,0.012048192771084338
1939,厚生局 :: 戸籍兵事課,課長,3,166,0.018072289156626505
1939,厚生局 :: 戸籍兵事課,雇,85,166,0.5120481927710844
1939,厚生局 :: 教育課,Unknown,2,113,0.017699115044247787
1939,厚生局 :: 教育課,主事,2,113,0.017699115044247787
1939,厚生局 :: 教育課,書記,47,113,0.415929203539823
1939,厚生局 :: 教育課,課長,3,113,0.02654867256637168
1939,厚生局 :: 教育課,雇,59,113,0.5221238938053098
1939,厚生局 :: 新宿派出所,主事,1,6,0.16666666666666666
1939,厚生局 :: 新宿派出所,書記,2,6,0.3333333333333333
1939,厚生局 :: 新宿派出所,雇,3,6,0.5
1939,厚生局 :: 本所健康相談所,保健婦,4,11,0.36363636363636365
1939,厚生局 :: 本所健康相談所,技師,1,11,0.09090909090909091
1939,厚生局 :: 本所健康相談所,書記,2,11,0.18181818181818182
1939,厚生局 :: 本所健康相談所,醫員,3,11,0.2727272727272727
1939,厚生局 :: 本所健康相談所,雇,1,11,0.09090909090909091
1939,厚生局 :: 本所診療所,保健婦,5,10,0.5
1939,厚生局 :: 本所診療所,所長,2,10,0.2
1939,厚生局 :: 本所診療所,技師,1,10,0.1
1939,厚生局 :: 本所診療所,醫員,2,10,0.2
1939,厚生局 :: 杉並健康相談所,所長,1,2,0.5
1939,厚生局 :: 杉並健康相談所,書記,1,2,0.5
1939,厚生局 :: 江戸川区役所,區長,1,1,1
1939,厚生局 :: 消毒所,Unknown,2,118,0.01694915254237288
1939,厚生局 :: 消毒所,技師,1,118,0.00847457627118644
1939,厚生局 :: 消毒所,技手,18,118,0.15254237288135594
1939,厚生局 :: 消毒所,書記,3,118,0.025423728813559324
1939,厚生局 :: 消毒所,機關手,2,118,0.01694915254237288
1939,厚生局 :: 消毒所,臨時,12,118,0.1016949152542373
1939,厚生局 :: 消毒所,雇,80,118,0.6779661016949152
1939,厚生局 :: 深川健康相談所,所長,1,5,0.2
1939,厚生局 :: 深川健康相談所,書記,1,5,0.2
1939,厚生局 :: 深川健康相談所,醫員,3,5,0.6
1939,厚生局 :: 深川塵芥処理工場,主事,1,71,0.014084507042253521
1939,厚生局 :: 深川塵芥処理工場,兼,57,71,0.8028169014084507
1939,厚生局 :: 深川塵芥処理工場,技師,1,71,0.014084507042253521
1939,厚生局 :: 深川塵芥処理工場,技手,1,71,0.014084507042253521
1939,厚生局 :: 深川塵芥処理工場,監視,3,71,0.04225352112676056
1939,厚生局 :: 深川塵芥処理工場,雇,8,71,0.11267605633802817
1939,厚生局 :: 深川診療所,保健婦,1,4,0.25
1939,厚生局 :: 深川診療所,所長,1,4,0.25
1939,厚生局 :: 深川診療所,雇,2,4,0.5
1939,厚生局 :: 白山診療所,保健婦,8,14,0.5714285714285714
1939,厚生局 :: 白山診療所,所長,1,14,0.07142857142857142
1939,厚生局 :: 白山診療所,臨時,2,14,0.14285714285714285
1939,厚生局 :: 白山診療所,雇,3,14,0.21428571428571427
1939,厚生局 :: 監理課,Unknown,3,50,0.06
1939,厚生局 :: 監理課,主事,2,50,0.04
1939,厚生局 :: 監理課,兼,20,50,0.4
1939,厚生局 :: 監理課,技手,1,50,0.02
1939,厚生局 :: 監理課,書記,7,50,0.14
1939,厚生局 :: 監理課,清掃監督,1,50,0.02
1939,厚生局 :: 監理課,監視,3,50,0.06
1939,厚生局 :: 監理課,雇,13,50,0.26
1939,厚生局 :: 監護課,Unknown,1,35,0.02857142857142857
1939,厚生局 :: 監護課,主事,1,35,0.02857142857142857
1939,厚生局 :: 監護課,兼,1,35,0.02857142857142857
1939,厚生局 :: 監護課,技手,4,35,0.11428571428571428
1939,厚生局 :: 監護課,書記,3,35,0.08571428571428572
1939,厚生局 :: 監護課,臨時,20,35,0.5714285714285714
1939,厚生局 :: 監護課,雇,5,35,0.14285714285714285
1939,厚生局 :: 目黒健康相談所,保健婦,4,8,0.5
1939,厚生局 :: 目黒健康相談所,書記,1,8,0.125
1939,厚生局 :: 目黒健康相談所,醫員,3,8,0.375
1939,厚生局 :: 目黒診療所,保健婦,1,3,0.3333333333333333
1939,厚生局 :: 目黒診療所,醫員,2,3,0.6666666666666666
1939,厚生局 :: 石神井派出所,書記,4,11,0.36363636363636365
1939,厚生局 :: 石神井派出所,雇,7,11,0.6363636363636364
1939,厚生局 :: 社会課,Unknown,1,68,0.014705882352941176
1939,厚生局 :: 社会課,主事,3,68,0.04411764705882353
1939,厚生局 :: 社会課,兼,15,68,0.22058823529411764
1939,厚生局 :: 社会課,書記,6,68,0.08823529411764706
1939,厚生局 :: 社会課,社會書記,2,68,0.029411764705882353
1939,厚生局 :: 社会課,課長,1,68,0.014705882352941176
1939,厚生局 :: 社会課,雇,40,68,0.5882352941176471
1939,厚生局 :: 福利課,Unknown,3,23,0.13043478260869565
1939,厚生局 :: 福利課,主事,1,23,0.043478260869565216
1939,厚生局 :: 福利課,書記,9,23,0.391304347826087
1939,厚生局 :: 福利課,臨時,2,23,0.08695652173913043
1939,厚生局 :: 福利課,課長,1,23,0.043478260869565216
1939,厚生局 :: 福利課,雇,7,23,0.30434782608695654
1939,厚生局 :: 税務課,Unknown,2,352,0.005681818181818182
1939,厚生局 :: 税務課,書記,231,352,0.65625
1939,厚生局 :: 税務課,課長,2,352,0.005681818181818182
1939,厚生局 :: 税務課,雇,117,352,0.33238636363636365
1939,厚生局 :: 第一作業課,Unknown,2,243,0.00823045267489712
1939,厚生局 :: 第一作業課,主事,1,243,0.00411522633744856
1939,厚生局 :: 第一作業課,兼,2,243,0.00823045267489712
1939,厚生局 :: 第一作業課,技手,5,243,0.0205761316872428
1939,厚生局 :: 第一作業課,書記,14,243,0.05761316872427984
1939,厚生局 :: 第一作業課,機關手,4,243,0.01646090534979424
1939,厚生局 :: 第一作業課,清掃監督,11,243,0.04526748971193416
1939,厚生局 :: 第一作業課,監視,158,243,0.6502057613168725
1939,厚生局 :: 第一作業課,船長,3,243,0.012345679012345678
1939,厚生局 :: 第一作業課,雇,43,243,0.17695473251028807
1939,厚生局 :: 第一班トラホーム治療所,保健婦,1,2,0.5
1939,厚生局 :: 第一班トラホーム治療所,醫員,1,2,0.5
1939,厚生局 :: 第七班トラホーム治療所,保健婦,2,3,0.6666666666666666
1939,厚生局 :: 第七班トラホーム治療所,醫員,1,3,0.3333333333333333
1939,厚生局 :: 第三班トラホーム治療所,保健婦,2,2,1
1939,厚生局 :: 第二班トラホーム治療所,保健婦,2,2,1
1939,厚生局 :: 第五班トラホーム治療所,保健婦,1,1,1
1939,厚生局 :: 第八班トラホーム治療所,保健婦,1,3,0.3333333333333333
1939,厚生局 :: 第八班トラホーム治療所,兼,1,3,0.3333333333333333
1939,厚生局 :: 第八班トラホーム治療所,醫員,1,3,0.3333333333333333
1939,厚生局 :: 第六班トラホーム治療所,保健婦,2,3,0.6666666666666666
1939,厚生局 :: 第六班トラホーム治療所,醫員,1,3,0.3333333333333333
1939,厚生局 :: 第四班トラホーム治療所,醫員,1,5,0.2
1939,厚生局 :: 第四班トラホーム治療所,雇,4,5,0.8
1939,厚生局 :: 管理課,Unknown,1,28,0.03571428571428571
1939,厚生局 :: 管理課,技手,1,28,0.03571428571428571
1939,厚生局 :: 管理課,書記,6,28,0.21428571428571427
1939,厚生局 :: 管理課,雇,20,28,0.7142857142857143
1939,厚生局 :: 練馬派出所,書記,6,9,0.6666666666666666
1939,厚生局 :: 練馬派出所,雇,3,9,0.3333333333333333
1939,厚生局 :: 芝浦宿泊所,Unknown,1,60,0.016666666666666666
1939,厚生局 :: 芝浦宿泊所,主事,1,60,0.016666666666666666
1939,厚生局 :: 芝浦宿泊所,囑託員,2,60,0.03333333333333333
1939,厚生局 :: 芝浦宿泊所,書記,10,60,0.16666666666666666
1939,厚生局 :: 芝浦宿泊所,社會書記,21,60,0.35
1939,厚生局 :: 芝浦宿泊所,雇,25,60,0.4166666666666667
1939,厚生局 :: 荒川授産場,Unknown,3,126,0.023809523809523808
1939,厚生局 :: 荒川授産場,主事,1,126,0.007936507936507936
1939,厚生局 :: 荒川授産場,保健婦,3,126,0.023809523809523808
1939,厚生局 :: 荒川授産場,兼,4,126,0.031746031746031744
1939,厚生局 :: 荒川授産場,囑託員,2,126,0.015873015873015872
1939,厚生局 :: 荒川授産場,技師,2,126,0.015873015873015872
1939,厚生局 :: 荒川授産場,技手,32,126,0.25396825396825395
1939,厚生局 :: 荒川授産場,書記,18,126,0.14285714285714285
1939,厚生局 :: 荒川授産場,社會書記,1,126,0.007936507936507936
1939,厚生局 :: 荒川授産場,臨時,11,126,0.0873015873015873
1939,厚生局 :: 荒川授産場,醫員,4,126,0.031746031746031744
1939,厚生局 :: 荒川授産場,雇,45,126,0.35714285714285715
1939,厚生局 :: 葛飾区役所,區長,1,1,1
1939,厚生局 :: 蒲田健康相談所,保健婦,3,10,0.3
1939,厚生局 :: 蒲田健康相談所,書記,2,10,0.2
1939,厚生局 :: 蒲田健康相談所,醫員,3,10,0.3
1939,厚生局 :: 蒲田健康相談所,雇,2,10,0.2
1939,厚生局 :: 足立区役所,主事,1,23,0.043478260869565216
1939,厚生局 :: 足立区役所,書記,4,23,0.17391304347826086
1939,厚生局 :: 足立区役所,臨時,4,23,0.17391304347826086
1939,厚生局 :: 足立区役所,雇,14,23,0.6086956521739131
1939,厚生局 :: 軍事援護課,Unknown,6,19,0.3157894736842105
1939,厚生局 :: 軍事援護課,主事,1,19,0.05263157894736842
1939,厚生局 :: 軍事援護課,保健婦,1,19,0.05263157894736842
1939,厚生局 :: 軍事援護課,兼,2,19,0.10526315789473684
1939,厚生局 :: 軍事援護課,書記,1,19,0.05263157894736842
1939,厚生局 :: 軍事援護課,雇,8,19,0.42105263157894735
1939,厚生局 :: 防疫課,Unknown,3,60,0.05
1939,厚生局 :: 防疫課,保健婦,15,60,0.25
1939,厚生局 :: 防疫課,兼,6,60,0.1
1939,厚生局 :: 防疫課,書記,8,60,0.13333333333333333
1939,厚生局 :: 防疫課,臨時,8,60,0.13333333333333333
1939,厚生局 :: 防疫課,醫員,4,60,0.06666666666666667
1939,厚生局 :: 防疫課,雇,16,60,0.26666666666666666
1939,厚生局 :: 麻布健康相談所,保健婦,2,7,0.2857142857142857
1939,厚生局 :: 麻布健康相談所,所長,1,7,0.14285714285714285
1939,厚生局 :: 麻布健康相談所,書記,2,7,0.2857142857142857
1939,厚生局 :: 麻布健康相談所,醫員,2,7,0.2857142857142857
1939,土木局 :: 下水課,Unknown,3,4,0.75
1939,土木局 :: 下水課,技師,1,4,0.25
1939,土木局 :: 工事課,Unknown,12,59,0.2033898305084746
1939,土木局 :: 工事課,兼,5,59,0.0847457627118644
1939,土木局 :: 工事課,囑託員,12,59,0.2033898305084746
1939,土木局 :: 工事課,所長,2,59,0.03389830508474576
1939,土木局 :: 工事課,技手,25,59,0.423728813559322
1939,土木局 :: 工事課,課長,3,59,0.05084745762711865
1939,土木局 :: 庶務課,Unknown,12,109,0.11009174311926606
1939,土木局 :: 庶務課,事務員,35,109,0.3211009174311927
1939,土木局 :: 庶務課,兼,38,109,0.3486238532110092
1939,土木局 :: 庶務課,囑託員,13,109,0.11926605504587157
1939,土木局 :: 庶務課,技師,4,109,0.03669724770642202
1939,土木局 :: 庶務課,技手,3,109,0.027522935779816515
1939,土木局 :: 庶務課,課長,4,109,0.03669724770642202
1939,土木局 :: 建築課,Unknown,2,149,0.013422818791946308
1939,土木局 :: 建築課,主事,1,149,0.006711409395973154
1939,土木局 :: 建築課,事務員,14,149,0.09395973154362416
1939,土木局 :: 建築課,兼,119,149,0.7986577181208053
1939,土木局 :: 建築課,所長,1,149,0.006711409395973154
1939,土木局 :: 建築課,技手,11,149,0.0738255033557047
1939,土木局 :: 建築課,課長,1,149,0.006711409395973154
1939,土木局 :: 所,事務員,1,143,0.006993006993006993
1939,土木局 :: 所,兼,85,143,0.5944055944055944
1939,土木局 :: 所,囑託員,21,143,0.14685314685314685
1939,土木局 :: 所,局長,1,143,0.006993006993006993
1939,土木局 :: 所,所長,1,143,0.006993006993006993
1939,土木局 :: 所,技手,34,143,0.23776223776223776
1939,土木局 :: 施業課,Unknown,2,6,0.3333333333333333
1939,土木局 :: 施業課,事務員,2,6,0.3333333333333333
1939,土木局 :: 施業課,技師,1,6,0.16666666666666666
1939,土木局 :: 施業課,課長,1,6,0.16666666666666666
1939,土木局 :: 橋梁課,Unknown,16,96,0.16666666666666666
1939,土木局 :: 橋梁課,事務員,6,96,0.0625
1939,土木局 :: 橋梁課,囑託員,13,96,0.13541666666666666
1939,土木局 :: 橋梁課,技手,61,96,0.6354166666666666
1939,土木局 :: 河港課,主事,1,4,0.25
1939,土木局 :: 河港課,兼,2,4,0.5
1939,土木局 :: 河港課,課長,1,4,0.25
1939,土木局 :: 道路課,Unknown,13,143,0.09090909090909091
1939,土木局 :: 道路課,事務員,35,143,0.24475524475524477
1939,土木局 :: 道路課,兼,78,143,0.5454545454545454
1939,土木局 :: 道路課,囑託員,16,143,0.11188811188811189
1939,土木局 :: 道路課,課長,1,143,0.006993006993006993
1939,市会事務局 :: 中場,Unknown,3,4,0.75
1939,市会事務局 :: 中場,技師,1,4,0.25
1939,市会事務局 :: 井場,囑託員,3,3,1
1939,市会事務局 :: 会計課,Unknown,1,1,1
1939,市会事務局 :: 保護課,局長,3,3,1
1939,市会事務局 :: 公園課,囑託員,7,7,1
1939,市会事務局 :: 内記課,Unknown,1,4,0.25
1939,市会事務局 :: 内記課,事務員,2,4,0.5
1939,市会事務局 :: 内記課,課長,1,4,0.25
1939,市会事務局 :: 商工課,Unknown,1,3,0.3333333333333333
1939,市会事務局 :: 商工課,主事,2,3,0.6666666666666666
1939,市会事務局 :: 小売市場,兼,1,1,1
1939,市会事務局 :: 庶務課,Unknown,10,19,0.5263157894736842
1939,市会事務局 :: 庶務課,事務員,7,19,0.3684210526315789
1939,市会事務局 :: 庶務課,囑託員,1,19,0.05263157894736842
1939,市会事務局 :: 庶務課,課長,1,19,0.05263157894736842
1939,市会事務局 :: 揚場,書記,49,49,1
1939,市会事務局 :: 橋場,書記,141,141,1
1939,市会事務局 :: 河港課,Unknown,4,7,0.5714285714285714
1939,市会事務局 :: 河港課,事務員,3,7,0.42857142857142855
1939,市会事務局 :: 監査課,事務員,2,2,1
1939,市会事務局 :: 神場,Unknown,3,38,0.07894736842105263
1939,市会事務局 :: 神場,事務員,4,38,0.10526315789473684
1939,市会事務局 :: 神場,兼,20,38,0.5263157894736842
1939,市会事務局 :: 神場,囑託員,10,38,0.2631578947368421
1939,市会事務局 :: 神場,機關手,1,38,0.02631578947368421
1939,市会事務局 :: 経理課,Unknown,4,16,0.25
1939,市会事務局 :: 経理課,主事,1,16,0.0625
1939,市会事務局 :: 経理課,事務員,9,16,0.5625
1939,市会事務局 :: 経理課,局長,1,16,0.0625
1939,市会事務局 :: 経理課,課長,1,16,0.0625
1939,市会事務局 :: 職業課,局長,1,1,1
1939,市会事務局 :: 茅場,書記,132,132,1
1939,市会事務局 :: 草場,書記,44,44,1
1939,市会事務局 :: 議事課,Unknown,13,26,0.5
1939,市会事務局 :: 議事課,囑託員,12,26,0.46153846153846156
1939,市会事務局 :: 議事課,課長,1,26,0.038461538461538464
1939,市会事務局 :: 財務課,Unknown,1,7,0.14285714285714285
1939,市会事務局 :: 財務課,書記,6,7,0.8571428571428571
1939,市会事務局 :: 魚市場,Unknown,1,2,0.5
1939,市会事務局 :: 魚市場,事務員,1,2,0.5
1939,市民局 :: 中部出張所,所長,1,16,0.0625
1939,市民局 :: 中部出張所,技手,5,16,0.3125
1939,市民局 :: 中部出張所,書記,1,16,0.0625
1939,市民局 :: 中部出張所,雇,9,16,0.5625
1939,市民局 :: 体力課,Unknown,4,17,0.23529411764705882
1939,市民局 :: 体力課,主事,2,17,0.11764705882352941
1939,市民局 :: 体力課,書記,8,17,0.47058823529411764
1939,市民局 :: 体力課,雇,3,17,0.17647058823529413
1939,市民局 :: 公園課,Unknown,2,104,0.019230769230769232
1939,市民局 :: 公園課,兼,4,104,0.038461538461538464
1939,市民局 :: 公園課,技師,1,104,0.009615384615384616
1939,市民局 :: 公園課,技手,19,104,0.18269230769230768
1939,市民局 :: 公園課,書記,13,104,0.125
1939,市民局 :: 公園課,監視,2,104,0.019230769230769232
1939,市民局 :: 公園課,雇,63,104,0.6057692307692307
1939,市民局 :: 北部出張所,Unknown,2,58,0.034482758620689655
1939,市民局 :: 北部出張所,主事,1,58,0.017241379310344827
1939,市民局 :: 北部出張所,兼,1,58,0.017241379310344827
1939,市民局 :: 北部出張所,囑託員,3,58,0.05172413793103448
1939,市民局 :: 北部出張所,所長,1,58,0.017241379310344827
1939,市民局 :: 北部出張所,技手,14,58,0.2413793103448276
1939,市民局 :: 北部出張所,書記,12,58,0.20689655172413793
1939,市民局 :: 北部出張所,監視,2,58,0.034482758620689655
1939,市民局 :: 北部出張所,雇,22,58,0.3793103448275862
1939,市民局 :: 区町課,Unknown,1,39,0.02564102564102564
1939,市民局 :: 区町課,囑託員,2,39,0.05128205128205128
1939,市民局 :: 区町課,書記,10,39,0.2564102564102564
1939,市民局 :: 区町課,臨時,12,39,0.3076923076923077
1939,市民局 :: 区町課,雇,14,39,0.358974358974359
1939,市民局 :: 南部出張所,Unknown,2,17,0.11764705882352941
1939,市民局 :: 南部出張所,技手,1,17,0.058823529411764705
1939,市民局 :: 南部出張所,監視,2,17,0.11764705882352941
1939,市民局 :: 南部出張所,雇,12,17,0.7058823529411765
1939,市民局 :: 東部出張所,Unknown,1,17,0.058823529411764705
1939,市民局 :: 東部出張所,囑託員,1,17,0.058823529411764705
1939,市民局 :: 東部出張所,技手,3,17,0.17647058823529413
1939,市民局 :: 東部出張所,監視,5,17,0.29411764705882354
1939,市民局 :: 東部出張所,雇,7,17,0.4117647058823529
1939,市民局 :: 社会教育課,Unknown,1,50,0.02
1939,市民局 :: 社会教育課,主事,2,50,0.04
1939,市民局 :: 社会教育課,囑託員,7,50,0.14
1939,市民局 :: 社会教育課,書記,19,50,0.38
1939,市民局 :: 社会教育課,臨時,3,50,0.06
1939,市民局 :: 社会教育課,雇,18,50,0.36
1939,市民局 :: 西部出張所,主事,1,9,0.1111111111111111
1939,市民局 :: 西部出張所,書記,1,9,0.1111111111111111
1939,市民局 :: 西部出張所,監視,1,9,0.1111111111111111
1939,市民局 :: 西部出張所,雇,6,9,0.6666666666666666
1939,市民局 :: 観光課,Unknown,1,16,0.0625
1939,市民局 :: 観光課,兼,3,16,0.1875
1939,市民局 :: 観光課,囑託員,2,16,0.125
1939,市民局 :: 観光課,書記,2,16,0.125
1939,市民局 :: 観光課,課長,1,16,0.0625
1939,市民局 :: 観光課,雇,7,16,0.4375
1939,市民局 :: 計画課,Unknown,5,23,0.21739130434782608
1939,市民局 :: 計画課,主事,2,23,0.08695652173913043
1939,市民局 :: 計画課,囑託員,2,23,0.08695652173913043
1939,市民局 :: 計画課,書記,6,23,0.2608695652173913
1939,市民局 :: 計画課,臨時,2,23,0.08695652173913043
1939,市民局 :: 計画課,雇,6,23,0.2608695652173913
1939,建築局 :: 会計課,事務員,19,21,0.9047619047619048
1939,建築局 :: 会計課,技手,2,21,0.09523809523809523
1939,建築局 :: 住所,區長,49,49,1
1939,建築局 :: 医務課,囑託員,5,10,0.5
1939,建築局 :: 医務課,醫員,5,10,0.5
1939,建築局 :: 営繕課,Unknown,8,39,0.20512820512820512
1939,建築局 :: 営繕課,囑託員,1,39,0.02564102564102564
1939,建築局 :: 営繕課,技手,30,39,0.7692307692307693
1939,建築局 :: 土木課,Unknown,11,213,0.051643192488262914
1939,建築局 :: 土木課,事務員,21,213,0.09859154929577464
1939,建築局 :: 土木課,囑託員,103,213,0.4835680751173709
1939,建築局 :: 土木課,局長,4,213,0.018779342723004695
1939,建築局 :: 土木課,所長,1,213,0.004694835680751174
1939,建築局 :: 土木課,技師,1,213,0.004694835680751174
1939,建築局 :: 土木課,技手,72,213,0.3380281690140845
1939,建築局 :: 学校建設課,Unknown,8,35,0.22857142857142856
1939,建築局 :: 学校建設課,技手,27,35,0.7714285714285715
1939,建築局 :: 工務課,Unknown,10,61,0.16393442622950818
1939,建築局 :: 工務課,事務員,5,61,0.08196721311475409
1939,建築局 :: 工務課,囑託員,3,61,0.04918032786885246
1939,建築局 :: 工務課,技手,42,61,0.6885245901639344
1939,建築局 :: 工務課,課長,1,61,0.01639344262295082
1939,建築局 :: 庶務課,Unknown,8,86,0.09302325581395349
1939,建築局 :: 庶務課,主事,1,86,0.011627906976744186
1939,建築局 :: 庶務課,事務員,43,86,0.5
1939,建築局 :: 庶務課,囑託員,22,86,0.2558139534883721
1939,建築局 :: 庶務課,技師,1,86,0.011627906976744186
1939,建築局 :: 庶務課,技手,11,86,0.12790697674418605
1939,建築局 :: 所,Unknown,7,239,0.029288702928870293
1939,建築局 :: 所,主事,3,239,0.012552301255230125
1939,建築局 :: 所,事務員,63,239,0.26359832635983266
1939,建築局 :: 所,兼,4,239,0.016736401673640166
1939,建築局 :: 所,區長,129,239,0.5397489539748954
1939,建築局 :: 所,囑託員,11,239,0.04602510460251046
1939,建築局 :: 所,所長,1,239,0.0041841004184100415
1939,建築局 :: 所,技手,1,239,0.0041841004184100415
1939,建築局 :: 所,機關手,3,239,0.012552301255230125
1939,建築局 :: 所,看護婦長,1,239,0.0041841004184100415
1939,建築局 :: 所,講師,16,239,0.06694560669456066
1939,建築局 :: 揚場,區長,41,41,1
1939,建築局 :: 橋場,兼,1,88,0.011363636363636364
1939,建築局 :: 橋場,區長,87,88,0.9886363636363636
1939,建築局 :: 牛込区役所,區長,16,16,1
1939,建築局 :: 療養所,主事,1,21,0.047619047619047616
1939,建築局 :: 療養所,事務員,4,21,0.19047619047619047
1939,建築局 :: 療養所,所長,1,21,0.047619047619047616
1939,建築局 :: 療養所,講師,10,21,0.47619047619047616
1939,建築局 :: 療養所,醫員,5,21,0.23809523809523808
1939,建築局 :: 監護課,事務員,3,3,1
1939,建築局 :: 祕書課,Unknown,3,10,0.3
1939,建築局 :: 祕書課,主事,1,10,0.1
1939,建築局 :: 祕書課,事務員,5,10,0.5
1939,建築局 :: 祕書課,技手,1,10,0.1
1939,建築局 :: 第一施業課,Unknown,2,9,0.2222222222222222
1939,建築局 :: 第一施業課,事務員,3,9,0.3333333333333333
1939,建築局 :: 第一施業課,技手,3,9,0.3333333333333333
1939,建築局 :: 第一施業課,課長,1,9,0.1111111111111111
1939,建築局 :: 第一課,Unknown,4,8,0.5
1939,建築局 :: 第一課,事務員,1,8,0.125
1939,建築局 :: 第一課,技手,3,8,0.375
1939,建築局 :: 第二課,Unknown,3,20,0.15
1939,建築局 :: 第二課,事務員,9,20,0.45
1939,建築局 :: 第二課,囑託員,5,20,0.25
1939,建築局 :: 第二課,技手,2,20,0.1
1939,建築局 :: 第二課,課長,1,20,0.05
1939,建築局 :: 経理課,Unknown,34,151,0.2251655629139073
1939,建築局 :: 経理課,事務員,25,151,0.16556291390728478
1939,建築局 :: 経理課,區長,83,151,0.5496688741721855
1939,建築局 :: 経理課,技師,1,151,0.006622516556291391
1939,建築局 :: 経理課,技手,4,151,0.026490066225165563
1939,建築局 :: 経理課,課長,1,151,0.006622516556291391
1939,建築局 :: 経理課,醫員,3,151,0.019867549668874173
1939,建築局 :: 自動車課,Unknown,2,13,0.15384615384615385
1939,建築局 :: 自動車課,事務員,7,13,0.5384615384615384
1939,建築局 :: 自動車課,技手,4,13,0.3076923076923077
1939,建築局 :: 茅場,兼,89,123,0.7235772357723578
1939,建築局 :: 茅場,區長,34,123,0.2764227642276423
1939,建築局 :: 車輛課,Unknown,8,55,0.14545454545454545
1939,建築局 :: 車輛課,主事,1,55,0.01818181818181818
1939,建築局 :: 車輛課,事務員,11,55,0.2
1939,建築局 :: 車輛課,所長,2,55,0.03636363636363636
1939,建築局 :: 車輛課,技手,31,55,0.5636363636363636
1939,建築局 :: 車輛課,課長,1,55,0.01818181818181818
1939,建築局 :: 車輛課,講師,1,55,0.01818181818181818
1939,建築局 :: 運輸課,Unknown,9,100,0.09
1939,建築局 :: 運輸課,事務員,90,100,0.9
1939,建築局 :: 運輸課,囑託員,1,100,0.01
1939,建築局 :: 電燈課,Unknown,4,51,0.0784313725490196
1939,建築局 :: 電燈課,主事,1,51,0.0196078431372549
1939,建築局 :: 電燈課,事務員,21,51,0.4117647058823529
1939,建築局 :: 電燈課,技師,2,51,0.0392156862745098
1939,建築局 :: 電燈課,技手,23,51,0.45098039215686275
1939,復興事業局 :: エ華課,事務員,4,35,0.11428571428571428
1939,復興事業局 :: エ華課,囑託員,11,35,0.3142857142857143
1939,復興事業局 :: エ華課,技手,18,35,0.5142857142857142
1939,復興事業局 :: エ華課,課長,2,35,0.05714285714285714
1939,復興事業局 :: 上所,兼,5,5,1
1939,復興事業局 :: 会計課,Unknown,1,46,0.021739130434782608
1939,復興事業局 :: 会計課,主事,1,46,0.021739130434782608
1939,復興事業局 :: 会計課,事務員,42,46,0.9130434782608695
1939,復興事業局 :: 会計課,技手,1,46,0.021739130434782608
1939,復興事業局 :: 会計課,課長,1,46,0.021739130434782608
1939,復興事業局 :: 商工課,Unknown,13,73,0.1780821917808219
1939,復興事業局 :: 商工課,事務員,31,73,0.4246575342465753
1939,復興事業局 :: 商工課,囑託員,8,73,0.1095890410958904
1939,復興事業局 :: 商工課,技手,21,73,0.2876712328767123
1939,復興事業局 :: 工事課,Unknown,4,99,0.04040404040404041
1939,復興事業局 :: 工事課,事務員,20,99,0.20202020202020202
1939,復興事業局 :: 工事課,囑託員,36,99,0.36363636363636365
1939,復興事業局 :: 工事課,所長,3,99,0.030303030303030304
1939,復興事業局 :: 工事課,技手,34,99,0.3434343434343434
1939,復興事業局 :: 工事課,課長,2,99,0.020202020202020204
1939,復興事業局 :: 庶務課,Unknown,6,40,0.15
1939,復興事業局 :: 庶務課,事務員,12,40,0.3
1939,復興事業局 :: 庶務課,囑託員,20,40,0.5
1939,復興事業局 :: 庶務課,課長,2,40,0.05
1939,復興事業局 :: 整地課,Unknown,3,87,0.034482758620689655
1939,復興事業局 :: 整地課,事務員,19,87,0.21839080459770116
1939,復興事業局 :: 整地課,囑託員,24,87,0.27586206896551724
1939,復興事業局 :: 整地課,技手,37,87,0.42528735632183906
1939,復興事業局 :: 整地課,課長,4,87,0.04597701149425287
1939,復興事業局 :: 査急○教員〓習所,Unknown,2,61,0.03278688524590164
1939,復興事業局 :: 査急○教員〓習所,主事,1,61,0.01639344262295082
1939,復興事業局 :: 査急○教員〓習所,事務員,33,61,0.5409836065573771
1939,復興事業局 :: 査急○教員〓習所,兼,5,61,0.08196721311475409
1939,復興事業局 :: 査急○教員〓習所,囑託員,13,61,0.21311475409836064
1939,復興事業局 :: 査急○教員〓習所,講師,7,61,0.11475409836065574
1939,復興事業局 :: 監査課,Unknown,5,52,0.09615384615384616
1939,復興事業局 :: 監査課,事務員,46,52,0.8846153846153846
1939,復興事業局 :: 監査課,課長,1,52,0.019230769230769232
1939,復興事業局 :: 移転課,Unknown,1,86,0.011627906976744186
1939,復興事業局 :: 移転課,事務員,36,86,0.4186046511627907
1939,復興事業局 :: 移転課,囑託員,16,86,0.18604651162790697
1939,復興事業局 :: 移転課,技手,31,86,0.36046511627906974
1939,復興事業局 :: 移転課,課長,2,86,0.023255813953488372
1939,復興事業局 :: 第一課,Unknown,4,11,0.36363636363636365
1939,復興事業局 :: 第一課,囑託員,1,11,0.09090909090909091
1939,復興事業局 :: 第一課,技手,5,11,0.45454545454545453
1939,復興事業局 :: 第一課,課長,1,11,0.09090909090909091
1939,復興事業局 :: 第二課,Unknown,1,8,0.125
1939,復興事業局 :: 第二課,事務員,2,8,0.25
1939,復興事業局 :: 第二課,技手,4,8,0.5
1939,復興事業局 :: 第二課,課長,1,8,0.125
1939,復興事業局 :: 自働車課,Unknown,5,84,0.05952380952380952
1939,復興事業局 :: 自働車課,事務員,25,84,0.2976190476190476
1939,復興事業局 :: 自働車課,兼,1,84,0.011904761904761904
1939,復興事業局 :: 自働車課,所長,51,84,0.6071428571428571
1939,復興事業局 :: 自働車課,技手,1,84,0.011904761904761904
1939,復興事業局 :: 自働車課,課長,1,84,0.011904761904761904
1939,復興事業局 :: 車輛課,Unknown,8,50,0.16
1939,復興事業局 :: 車輛課,主事,1,50,0.02
1939,復興事業局 :: 車輛課,事務員,9,50,0.18
1939,復興事業局 :: 車輛課,技師,1,50,0.02
1939,復興事業局 :: 車輛課,技手,31,50,0.62
1939,復興事業局 :: 運輸課,Unknown,12,366,0.03278688524590164
1939,復興事業局 :: 運輸課,事務員,138,366,0.3770491803278688
1939,復興事業局 :: 運輸課,兼,203,366,0.5546448087431693
1939,復興事業局 :: 運輸課,囑託員,8,366,0.02185792349726776
1939,復興事業局 :: 運輸課,技師,1,366,0.00273224043715847
1939,復興事業局 :: 運輸課,技手,1,366,0.00273224043715847
1939,復興事業局 :: 運輸課,監督,3,366,0.00819672131147541
1939,復興事業局 :: 電力課,Unknown,20,157,0.12738853503184713
1939,復興事業局 :: 電力課,事務員,18,157,0.11464968152866242
1939,復興事業局 :: 電力課,兼,23,157,0.1464968152866242
1939,復興事業局 :: 電力課,技師,1,157,0.006369426751592357
1939,復興事業局 :: 電力課,技手,94,157,0.5987261146496815
1939,復興事業局 :: 電力課,課長,1,157,0.006369426751592357
1939,復興事業局 :: 電燈課,Unknown,3,79,0.0379746835443038
1939,復興事業局 :: 電燈課,事務員,57,79,0.7215189873417721
1939,復興事業局 :: 電燈課,兼,19,79,0.24050632911392406
1939,復興事業局 :: 青山診療所,事務員,4,15,0.26666666666666666
1939,復興事業局 :: 青山診療所,所長,2,15,0.13333333333333333
1939,復興事業局 :: 青山診療所,醫員,9,15,0.6
1939,復興事業局 :: 飼地課,Unknown,7,31,0.22580645161290322
1939,復興事業局 :: 飼地課,囑託員,10,31,0.3225806451612903
1939,復興事業局 :: 飼地課,技手,13,31,0.41935483870967744
1939,復興事業局 :: 飼地課,課長,1,31,0.03225806451612903
1939,復興事業局 :: 高速鉄道調査課,Unknown,4,18,0.2222222222222222
1939,復興事業局 :: 高速鉄道調査課,事務員,4,18,0.2222222222222222
1939,復興事業局 :: 高速鉄道調査課,技手,10,18,0.5555555555555556
1939,教育局 :: 学校体育課,Unknown,22,53,0.41509433962264153
1939,教育局 :: 学校体育課,主事,2,53,0.03773584905660377
1939,教育局 :: 学校体育課,囑託員,7,53,0.1320754716981132
1939,教育局 :: 学校体育課,技手,1,53,0.018867924528301886
1939,教育局 :: 学校体育課,書記,7,53,0.1320754716981132
1939,教育局 :: 学校体育課,看護婦,2,53,0.03773584905660377
1939,教育局 :: 学校体育課,臨時,5,53,0.09433962264150944
1939,教育局 :: 学校体育課,雇,7,53,0.1320754716981132
1939,教育局 :: 学校職員課,Unknown,3,40,0.075
1939,教育局 :: 学校職員課,主事,1,40,0.025
1939,教育局 :: 学校職員課,兼,2,40,0.05
1939,教育局 :: 学校職員課,技手,2,40,0.05
1939,教育局 :: 学校職員課,書記,19,40,0.475
1939,教育局 :: 学校職員課,雇,13,40,0.325
1939,教育局 :: 庶務課,主事,2,30,0.06666666666666667
1939,教育局 :: 庶務課,事務員,6,30,0.2
1939,教育局 :: 庶務課,兼,2,30,0.06666666666666667
1939,教育局 :: 庶務課,書記,9,30,0.3
1939,教育局 :: 庶務課,課長,1,30,0.03333333333333333
1939,教育局 :: 庶務課,雇,10,30,0.3333333333333333
1939,教育局 :: 所,事務員,6,7,0.8571428571428571
1939,教育局 :: 所,囑託員,1,7,0.14285714285714285
1939,教育局 :: 社会教育課,囑託員,9,20,0.45
1939,教育局 :: 社会教育課,講師,11,20,0.55
1939,教育局 :: 茅場,囑託員,28,28,1
1939,教育局 :: 視〓課,Unknown,32,54,0.5925925925925926
1939,教育局 :: 視〓課,囑託員,4,54,0.07407407407407407
1939,教育局 :: 視〓課,書記,7,54,0.12962962962962962
1939,教育局 :: 視〓課,臨時,3,54,0.05555555555555555
1939,教育局 :: 視〓課,雇,8,54,0.14814814814814814
1939,教育局 :: 視学課,Unknown,6,82,0.07317073170731707
1939,教育局 :: 視学課,事務員,1,82,0.012195121951219513
1939,教育局 :: 視学課,兼,4,82,0.04878048780487805
1939,教育局 :: 視学課,囑託員,71,82,0.8658536585365854
1939,水道局 :: 三河島汚水処分場,場長,1,19,0.05263157894736842
1939,水道局 :: 三河島汚水処分場,技手,4,19,0.21052631578947367
1939,水道局 :: 三河島汚水処分場,書記,1,19,0.05263157894736842
1939,水道局 :: 三河島汚水処分場,機關手,2,19,0.10526315789473684
1939,水道局 :: 三河島汚水処分場,船長,1,19,0.05263157894736842
1939,水道局 :: 三河島汚水処分場,雇,10,19,0.5263157894736842
1939,水道局 :: 下水課,Unknown,2,71,0.028169014084507043
1939,水道局 :: 下水課,兼,1,71,0.014084507042253521
1939,水道局 :: 下水課,囑託員,1,71,0.014084507042253521
1939,水道局 :: 下水課,技手,29,71,0.4084507042253521
1939,水道局 :: 下水課,書記,21,71,0.29577464788732394
1939,水道局 :: 下水課,雇,17,71,0.23943661971830985
1939,水道局 :: 会計課,Unknown,1,31,0.03225806451612903
1939,水道局 :: 会計課,書記,11,31,0.3548387096774194
1939,水道局 :: 会計課,雇,19,31,0.6129032258064516
1939,水道局 :: 元町営業所,主事,1,105,0.009523809523809525
1939,水道局 :: 元町営業所,所長,5,105,0.047619047619047616
1939,水道局 :: 元町営業所,技手,29,105,0.2761904761904762
1939,水道局 :: 元町営業所,書記,10,105,0.09523809523809523
1939,水道局 :: 元町営業所,雇,60,105,0.5714285714285714
1939,水道局 :: 呉服橋出張所,所長,2,29,0.06896551724137931
1939,水道局 :: 呉服橋出張所,技手,10,29,0.3448275862068966
1939,水道局 :: 呉服橋出張所,書記,3,29,0.10344827586206896
1939,水道局 :: 呉服橋出張所,雇,14,29,0.4827586206896552
1939,水道局 :: 小室,Unknown,3,90,0.03333333333333333
1939,水道局 :: 小室,技手,40,90,0.4444444444444444
1939,水道局 :: 小室,書記,9,90,0.1
1939,水道局 :: 小室,雇,38,90,0.4222222222222222
1939,水道局 :: 工事課,Unknown,4,16,0.25
1939,水道局 :: 工事課,事務員,6,16,0.375
1939,水道局 :: 工事課,囑託員,1,16,0.0625
1939,水道局 :: 工事課,技師,1,16,0.0625
1939,水道局 :: 工事課,技手,4,16,0.25
1939,水道局 :: 庶務課,Unknown,16,187,0.0855614973262032
1939,水道局 :: 庶務課,主事,2,187,0.0106951871657754
1939,水道局 :: 庶務課,事務員,27,187,0.1443850267379679
1939,水道局 :: 庶務課,兼,29,187,0.15508021390374332
1939,水道局 :: 庶務課,局長,1,187,0.0053475935828877
1939,水道局 :: 庶務課,技師,3,187,0.016042780748663103
1939,水道局 :: 庶務課,技手,14,187,0.0748663101604278
1939,水道局 :: 庶務課,書記,38,187,0.20320855614973263
1939,水道局 :: 庶務課,臨時,4,187,0.0213903743315508
1939,水道局 :: 庶務課,課長,2,187,0.0106951871657754
1939,水道局 :: 庶務課,雇,51,187,0.2727272727272727
1939,水道局 :: 庶務課兼給水課,Unknown,4,297,0.013468013468013467
1939,水道局 :: 庶務課兼給水課,事務員,14,297,0.04713804713804714
1939,水道局 :: 庶務課兼給水課,兼,259,297,0.8720538720538721
1939,水道局 :: 庶務課兼給水課,所長,12,297,0.04040404040404041
1939,水道局 :: 庶務課兼給水課,技手,7,297,0.02356902356902357
1939,水道局 :: 庶務課兼給水課,課長,1,297,0.003367003367003367
1939,水道局 :: 擴張課,Unknown,13,226,0.05752212389380531
1939,水道局 :: 擴張課,事務員,7,226,0.030973451327433628
1939,水道局 :: 擴張課,兼,44,226,0.19469026548672566
1939,水道局 :: 擴張課,技師,2,226,0.008849557522123894
1939,水道局 :: 擴張課,技手,60,226,0.26548672566371684
1939,水道局 :: 擴張課,書記,27,226,0.11946902654867257
1939,水道局 :: 擴張課,機關手,6,226,0.02654867256637168
1939,水道局 :: 擴張課,課長,1,226,0.004424778761061947
1939,水道局 :: 擴張課,雇,66,226,0.2920353982300885
1939,水道局 :: 日暮里出張所,技手,10,17,0.5882352941176471
1939,水道局 :: 日暮里出張所,書記,4,17,0.23529411764705882
1939,水道局 :: 日暮里出張所,雇,3,17,0.17647058823529413
1939,水道局 :: 木場出張所,技手,4,19,0.21052631578947367
1939,水道局 :: 木場出張所,書記,1,19,0.05263157894736842
1939,水道局 :: 木場出張所,雇,14,19,0.7368421052631579
1939,水道局 :: 杉並営業所,主事,1,116,0.008620689655172414
1939,水道局 :: 杉並営業所,技手,6,116,0.05172413793103448
1939,水道局 :: 杉並営業所,書記,6,116,0.05172413793103448
1939,水道局 :: 杉並営業所,雇,103,116,0.8879310344827587
1939,水道局 :: 松井町営業所,所長,13,72,0.18055555555555555
1939,水道局 :: 松井町営業所,技手,1,72,0.013888888888888888
1939,水道局 :: 松井町営業所,雇,58,72,0.8055555555555556
1939,水道局 :: 業務課,Unknown,2,73,0.0273972602739726
1939,水道局 :: 業務課,技手,12,73,0.1643835616438356
1939,水道局 :: 業務課,書記,26,73,0.3561643835616438
1939,水道局 :: 業務課,雇,33,73,0.4520547945205479
1939,水道局 :: 江戸川営業所,技手,1,37,0.02702702702702703
1939,水道局 :: 江戸川営業所,書記,5,37,0.13513513513513514
1939,水道局 :: 江戸川営業所,雇,31,37,0.8378378378378378
1939,水道局 :: 浅草出張所,Unknown,1,14,0.07142857142857142
1939,水道局 :: 浅草出張所,技師,1,14,0.07142857142857142
1939,水道局 :: 浅草出張所,技手,2,14,0.14285714285714285
1939,水道局 :: 浅草出張所,書記,1,14,0.07142857142857142
1939,水道局 :: 浅草出張所,雇,9,14,0.6428571428571429
1939,水道局 :: 王子営業所,技師,1,1,1
1939,水道局 :: 目黒営業所,所長,1,27,0.037037037037037035
1939,水道局 :: 目黒営業所,書記,5,27,0.18518518518518517
1939,水道局 :: 目黒営業所,雇,21,27,0.7777777777777778
1939,水道局 :: 神楽河岸営業所,主事,1,45,0.022222222222222223
1939,水道局 :: 神楽河岸営業所,技手,1,45,0.022222222222222223
1939,水道局 :: 神楽河岸営業所,書記,3,45,0.06666666666666667
1939,水道局 :: 神楽河岸営業所,雇,40,45,0.8888888888888888
1939,水道局 :: 第九合宿所,Unknown,2,65,0.03076923076923077
1939,水道局 :: 第九合宿所,兼,1,65,0.015384615384615385
1939,水道局 :: 第九合宿所,囑託員,1,65,0.015384615384615385
1939,水道局 :: 第九合宿所,技手,32,65,0.49230769230769234
1939,水道局 :: 第九合宿所,書記,3,65,0.046153846153846156
1939,水道局 :: 第九合宿所,雇,26,65,0.4
1939,水道局 :: 給水課,Unknown,25,184,0.1358695652173913
1939,水道局 :: 給水課,事務員,3,184,0.016304347826086956
1939,水道局 :: 給水課,兼,1,184,0.005434782608695652
1939,水道局 :: 給水課,技師,2,184,0.010869565217391304
1939,水道局 :: 給水課,技手,61,184,0.33152173913043476
1939,水道局 :: 給水課,書記,10,184,0.05434782608695652
1939,水道局 :: 給水課,課長,1,184,0.005434782608695652
1939,水道局 :: 給水課,雇,81,184,0.44021739130434784
1939,水道局 :: 芝浦工場,Unknown,1,12,0.08333333333333333
1939,水道局 :: 芝浦工場,技手,4,12,0.3333333333333333
1939,水道局 :: 芝浦工場,書記,2,12,0.16666666666666666
1939,水道局 :: 芝浦工場,雇,5,12,0.4166666666666667
1939,水道局 :: 芝浦汚水処分場,技手,4,18,0.2222222222222222
1939,水道局 :: 芝浦汚水処分場,書記,1,18,0.05555555555555555
1939,水道局 :: 芝浦汚水処分場,機關手,1,18,0.05555555555555555
1939,水道局 :: 芝浦汚水処分場,船長,1,18,0.05555555555555555
1939,水道局 :: 芝浦汚水処分場,雇,11,18,0.6111111111111112
1939,水道局 :: 荏原営業所,所長,1,117,0.008547008547008548
1939,水道局 :: 荏原営業所,技手,58,117,0.49572649572649574
1939,水道局 :: 荏原営業所,書記,9,117,0.07692307692307693
1939,水道局 :: 荏原営業所,雇,49,117,0.4188034188034188
1939,水道局 :: 蒲田営業所,所長,1,86,0.011627906976744186
1939,水道局 :: 蒲田営業所,技手,21,86,0.2441860465116279
1939,水道局 :: 蒲田営業所,書記,8,86,0.09302325581395349
1939,水道局 :: 蒲田営業所,雇,56,86,0.6511627906976745
1939,水道局 :: 赤羽橋営業所,主事,1,74,0.013513513513513514
1939,水道局 :: 赤羽橋営業所,所長,1,74,0.013513513513513514
1939,水道局 :: 赤羽橋営業所,技手,4,74,0.05405405405405406
1939,水道局 :: 赤羽橋営業所,書記,10,74,0.13513513513513514
1939,水道局 :: 赤羽橋営業所,雇,58,74,0.7837837837837838
1939,水道局 :: 足立営業所,技手,3,34,0.08823529411764706
1939,水道局 :: 足立営業所,書記,3,34,0.08823529411764706
1939,水道局 :: 足立営業所,雇,28,34,0.8235294117647058
1939,水道局 :: 鍛冶橋営業所,技手,2,48,0.041666666666666664
1939,水道局 :: 鍛冶橋営業所,書記,8,48,0.16666666666666666
1939,水道局 :: 鍛冶橋営業所,雇,38,48,0.7916666666666666
1939,水道局 :: 鎌倉河岸営業所,Unknown,1,42,0.023809523809523808
1939,水道局 :: 鎌倉河岸営業所,技手,1,42,0.023809523809523808
1939,水道局 :: 鎌倉河岸営業所,書記,6,42,0.14285714285714285
1939,水道局 :: 鎌倉河岸営業所,雇,34,42,0.8095238095238095
1939,水道局 :: 龜戸出張所,技師,1,16,0.0625
1939,水道局 :: 龜戸出張所,技手,4,16,0.25
1939,水道局 :: 龜戸出張所,書記,1,16,0.0625
1939,水道局 :: 龜戸出張所,雇,10,16,0.625
1939,水道局 :: 龜戸営業所,主事,1,78,0.01282051282051282
1939,水道局 :: 龜戸営業所,技手,4,78,0.05128205128205128
1939,水道局 :: 龜戸営業所,書記,10,78,0.1282051282051282
1939,水道局 :: 龜戸営業所,雇,63,78,0.8076923076923077
1939,社会局 :: 保護課,Unknown,2,30,0.06666666666666667
1939,社会局 :: 保護課,事務員,5,30,0.16666666666666666
1939,社会局 :: 保護課,囑託員,22,30,0.7333333333333333
1939,社会局 :: 保護課,課長,1,30,0.03333333333333333
1939,社会局 :: 公営課,事務員,9,16,0.5625
1939,社会局 :: 公営課,囑託員,1,16,0.0625
1939,社会局 :: 公営課,臨時,5,16,0.3125
1939,社会局 :: 公営課,課長,1,16,0.0625
1939,社会局 :: 庶務課,事務員,9,10,0.9
1939,社会局 :: 庶務課,囑託員,1,10,0.1
1939,社会局 :: 紫経介所,事務員,1,26,0.038461538461538464
1939,社会局 :: 紫経介所,囑託員,3,26,0.11538461538461539
1939,社会局 :: 紫経介所,所長,22,26,0.8461538461538461
1939,経済局 :: 一作業課,兼,13,13,1
1939,経済局 :: 三階一號室,主事,1,3,0.3333333333333333
1939,経済局 :: 三階一號室,書記,1,3,0.3333333333333333
1939,経済局 :: 三階一號室,雇,1,3,0.3333333333333333
1939,経済局 :: 上海出張所,Unknown,2,7,0.2857142857142857
1939,経済局 :: 上海出張所,主事,2,7,0.2857142857142857
1939,経済局 :: 上海出張所,書記,2,7,0.2857142857142857
1939,経済局 :: 上海出張所,雇,1,7,0.14285714285714285
1939,経済局 :: 下水処理場,所長,1,1,1
1939,経済局 :: 世田谷区役所,區長,1,1,1
1939,経済局 :: 中野区役所,區長,1,1,1
1939,経済局 :: 会計課,Unknown,6,203,0.029556650246305417
1939,経済局 :: 会計課,主事,3,203,0.014778325123152709
1939,経済局 :: 会計課,書記,72,203,0.35467980295566504
1939,経済局 :: 会計課,課長,2,203,0.009852216748768473
1939,経済局 :: 会計課,雇,120,203,0.5911330049261084
1939,経済局 :: 保健課,Unknown,7,274,0.025547445255474453
1939,経済局 :: 保健課,主事,6,274,0.021897810218978103
1939,経済局 :: 保健課,兼,9,274,0.032846715328467155
1939,経済局 :: 保健課,技手,2,274,0.0072992700729927005
1939,経済局 :: 保健課,書記,45,274,0.16423357664233576
1939,経済局 :: 保健課,清掃監督,3,274,0.010948905109489052
1939,経済局 :: 保健課,監督,3,274,0.010948905109489052
1939,経済局 :: 保健課,監視,72,274,0.26277372262773724
1939,経済局 :: 保健課,臨時,8,274,0.029197080291970802
1939,経済局 :: 保健課,雇,119,274,0.4343065693430657
1939,経済局 :: 公園緑地事務所,所長,1,1,1
1939,経済局 :: 北京出張所,Unknown,1,9,0.1111111111111111
1939,経済局 :: 北京出張所,主事,1,9,0.1111111111111111
1939,経済局 :: 北京出張所,書記,2,9,0.2222222222222222
1939,経済局 :: 北京出張所,雇,5,9,0.5555555555555556
1939,経済局 :: 品川区役所,區長,1,1,1
1939,経済局 :: 商工相談所,主事,1,12,0.08333333333333333
1939,経済局 :: 商工相談所,書記,3,12,0.25
1939,経済局 :: 商工相談所,臨時,1,12,0.08333333333333333
1939,経済局 :: 商工相談所,雇,7,12,0.5833333333333334
1939,経済局 :: 商工課,Unknown,1,30,0.03333333333333333
1939,経済局 :: 商工課,主事,1,30,0.03333333333333333
1939,経済局 :: 商工課,技師,1,30,0.03333333333333333
1939,経済局 :: 商工課,技手,3,30,0.1
1939,経済局 :: 商工課,書記,15,30,0.5
1939,経済局 :: 商工課,雇,9,30,0.3
1939,経済局 :: 商業経営指導員養成所,囑託員,1,5,0.2
1939,経済局 :: 商業経営指導員養成所,書記,2,5,0.4
1939,経済局 :: 商業経営指導員養成所,雇,2,5,0.4
1939,経済局 :: 四谷区役所,雇,1,1,1
1939,経済局 :: 土木課,Unknown,2,98,0.02040816326530612
1939,経済局 :: 土木課,兼,15,98,0.15306122448979592
1939,経済局 :: 土木課,技師,1,98,0.01020408163265306
1939,経済局 :: 土木課,技手,26,98,0.2653061224489796
1939,経済局 :: 土木課,書記,16,98,0.16326530612244897
1939,経済局 :: 土木課,雇,38,98,0.3877551020408163
1939,経済局 :: 大場,雇,1,1,1
1939,経済局 :: 大連出張所,所長,1,1,1
1939,経済局 :: 小石川区役所,區長,2,2,1
1939,経済局 :: 常設家畜市場,技師,1,28,0.03571428571428571
1939,経済局 :: 常設家畜市場,技手,20,28,0.7142857142857143
1939,経済局 :: 常設家畜市場,書記,2,28,0.07142857142857142
1939,経済局 :: 常設家畜市場,雇,5,28,0.17857142857142858
1939,経済局 :: 庶務課,Unknown,6,441,0.013605442176870748
1939,経済局 :: 庶務課,主事,5,441,0.011337868480725623
1939,経済局 :: 庶務課,兼,29,441,0.06575963718820861
1939,経済局 :: 庶務課,書記,153,441,0.3469387755102041
1939,経済局 :: 庶務課,臨時,67,441,0.15192743764172337
1939,経済局 :: 庶務課,雇,181,441,0.41043083900226757
1939,経済局 :: 戸籍兵事課,Unknown,13,338,0.038461538461538464
1939,経済局 :: 戸籍兵事課,主事,5,338,0.014792899408284023
1939,経済局 :: 戸籍兵事課,書記,156,338,0.46153846153846156
1939,経済局 :: 戸籍兵事課,課長,3,338,0.008875739644970414
1939,経済局 :: 戸籍兵事課,雇,161,338,0.47633136094674555
1939,経済局 :: 教育課,Unknown,6,178,0.033707865168539325
1939,経済局 :: 教育課,主事,4,178,0.02247191011235955
1939,経済局 :: 教育課,兼,9,178,0.05056179775280899
1939,経済局 :: 教育課,書記,78,178,0.43820224719101125
1939,経済局 :: 教育課,臨時,2,178,0.011235955056179775
1939,経済局 :: 教育課,課長,3,178,0.016853932584269662
1939,経済局 :: 教育課,雇,76,178,0.42696629213483145
1939,経済局 :: 新京出張所,所長,1,3,0.3333333333333333
1939,経済局 :: 新京出張所,所長事務取扱,2,3,0.6666666666666666
1939,経済局 :: 本所区役所,區長,1,1,1
1939,経済局 :: 本所工業指導所,技師,1,6,0.16666666666666666
1939,経済局 :: 本所工業指導所,技手,2,6,0.3333333333333333
1939,経済局 :: 本所工業指導所,書記,2,6,0.3333333333333333
1939,経済局 :: 本所工業指導所,雇,1,6,0.16666666666666666
1939,経済局 :: 杉並区役所,書記,7,21,0.3333333333333333
1939,経済局 :: 杉並区役所,臨時,3,21,0.14285714285714285
1939,経済局 :: 杉並区役所,雇,11,21,0.5238095238095238
1939,経済局 :: 牛込区役所,區長,2,2,1
1939,経済局 :: 玉川派出所,Unknown,3,6,0.5
1939,経済局 :: 玉川派出所,主事,1,6,0.16666666666666666
1939,経済局 :: 玉川派出所,書記,1,6,0.16666666666666666
1939,経済局 :: 玉川派出所,雇,1,6,0.16666666666666666
1939,経済局 :: 目黒区役所,區長,1,1,1
1939,経済局 :: 社会課,Unknown,1,132,0.007575757575757576
1939,経済局 :: 社会課,主事,1,132,0.007575757575757576
1939,経済局 :: 社会課,兼,27,132,0.20454545454545456
1939,経済局 :: 社会課,書記,19,132,0.14393939393939395
1939,経済局 :: 社会課,社會書記,4,132,0.030303030303030304
1939,経済局 :: 社会課,臨時,1,132,0.007575757575757576
1939,経済局 :: 社会課,雇,79,132,0.5984848484848485
1939,経済局 :: 税務課,Unknown,29,685,0.042335766423357665
1939,経済局 :: 税務課,主事,4,685,0.00583941605839416
1939,経済局 :: 税務課,兼,1,685,0.00145985401459854
1939,経済局 :: 税務課,書記,344,685,0.5021897810218978
1939,経済局 :: 税務課,臨時,7,685,0.010218978102189781
1939,経済局 :: 税務課,課長,4,685,0.00583941605839416
1939,経済局 :: 税務課,雇,296,685,0.4321167883211679
1939,経済局 :: 耐派出所,主事,1,4,0.25
1939,経済局 :: 耐派出所,書記,2,4,0.5
1939,経済局 :: 耐派出所,雇,1,4,0.25
1939,経済局 :: 芝浦屠場,主事,1,11,0.09090909090909091
1939,経済局 :: 芝浦屠場,技手,1,11,0.09090909090909091
1939,経済局 :: 芝浦屠場,書記,1,11,0.09090909090909091
1939,経済局 :: 芝浦屠場,雇,8,11,0.7272727272727273
1939,経済局 :: 荒川工業指導所,Unknown,1,7,0.14285714285714285
1939,経済局 :: 荒川工業指導所,技手,4,7,0.5714285714285714
1939,経済局 :: 荒川工業指導所,書記,2,7,0.2857142857142857
1939,経済局 :: 調布派出所,書記,3,4,0.75
1939,経済局 :: 調布派出所,雇,1,4,0.25
1939,経済局 :: 貿易課,Unknown,1,13,0.07692307692307693
1939,経済局 :: 貿易課,主事,1,13,0.07692307692307693
1939,経済局 :: 貿易課,書記,4,13,0.3076923076923077
1939,経済局 :: 貿易課,雇,7,13,0.5384615384615384
1939,経済局 :: 赤坂区役所,雇,1,1,1
1939,経済局 :: 農漁課,Unknown,2,20,0.1
1939,経済局 :: 農漁課,技手,9,20,0.45
1939,経済局 :: 農漁課,書記,3,20,0.15
1939,経済局 :: 農漁課,雇,6,20,0.3
1939,経済局 :: 金融課,Unknown,3,16,0.1875
1939,経済局 :: 金融課,書記,8,16,0.5
1939,経済局 :: 金融課,課長,1,16,0.0625
1939,経済局 :: 金融課,雇,4,16,0.25
1939,財務局 :: コンクリート工場,書記,3,8,0.375
1939,財務局 :: コンクリート工場,雇,5,8,0.625
1939,財務局 :: 上野職業沼介所,事務員,36,40,0.9
1939,財務局 :: 上野職業沼介所,技手,4,40,0.1
1939,財務局 :: 主税課,Unknown,4,265,0.01509433962264151
1939,財務局 :: 主税課,主事,4,265,0.01509433962264151
1939,財務局 :: 主税課,兼,50,265,0.18867924528301888
1939,財務局 :: 主税課,技手,18,265,0.06792452830188679
1939,財務局 :: 主税課,書記,130,265,0.49056603773584906
1939,財務局 :: 主税課,臨時,5,265,0.018867924528301886
1939,財務局 :: 主税課,雇,54,265,0.2037735849056604
1939,財務局 :: 主計課,Unknown,9,56,0.16071428571428573
1939,財務局 :: 主計課,主事,1,56,0.017857142857142856
1939,財務局 :: 主計課,事務員,2,56,0.03571428571428571
1939,財務局 :: 主計課,兼,1,56,0.017857142857142856
1939,財務局 :: 主計課,囑託員,1,56,0.017857142857142856
1939,財務局 :: 主計課,書記,33,56,0.5892857142857143
1939,財務局 :: 主計課,臨時,3,56,0.05357142857142857
1939,財務局 :: 主計課,雇,6,56,0.10714285714285714
1939,財務局 :: 会計課,Unknown,2,65,0.03076923076923077
1939,財務局 :: 会計課,主事,1,65,0.015384615384615385
1939,財務局 :: 会計課,兼,20,65,0.3076923076923077
1939,財務局 :: 会計課,書記,25,65,0.38461538461538464
1939,財務局 :: 会計課,雇,17,65,0.26153846153846155
1939,財務局 :: 会課,看護婦長,1,1,1
1939,財務局 :: 保護課,Unknown,12,31,0.3870967741935484
1939,財務局 :: 保護課,兼,6,31,0.1935483870967742
1939,財務局 :: 保護課,囑託員,13,31,0.41935483870967744
1939,財務局 :: 公〓課,囑託員,9,12,0.75
1939,財務局 :: 公〓課,臨時,3,12,0.25
1939,財務局 :: 公債課,Unknown,4,20,0.2
1939,財務局 :: 公債課,囑託員,1,20,0.05
1939,財務局 :: 公債課,書記,10,20,0.5
1939,財務局 :: 公債課,課長,1,20,0.05
1939,財務局 :: 公債課,雇,4,20,0.2
1939,財務局 :: 公営課,Unknown,2,39,0.05128205128205128
1939,財務局 :: 公営課,事務員,31,39,0.7948717948717948
1939,財務局 :: 公営課,臨時,5,39,0.1282051282051282
1939,財務局 :: 公営課,課長,1,39,0.02564102564102564
1939,財務局 :: 収納課,Unknown,6,150,0.04
1939,財務局 :: 収納課,主事,1,150,0.006666666666666667
1939,財務局 :: 収納課,事務員,52,150,0.3466666666666667
1939,財務局 :: 収納課,兼,34,150,0.22666666666666666
1939,財務局 :: 収納課,囑託員,21,150,0.14
1939,財務局 :: 収納課,技手,28,150,0.18666666666666668
1939,財務局 :: 収納課,書記,7,150,0.04666666666666667
1939,財務局 :: 収納課,課長,1,150,0.006666666666666667
1939,財務局 :: 古石場,兼,1,17,0.058823529411764705
1939,財務局 :: 古石場,囑託員,16,17,0.9411764705882353
1939,財務局 :: 土室,兼,18,18,1
1939,財務局 :: 地理課,Unknown,22,158,0.13924050632911392
1939,財務局 :: 地理課,兼,15,158,0.0949367088607595
1939,財務局 :: 地理課,技師,2,158,0.012658227848101266
1939,財務局 :: 地理課,技手,9,158,0.056962025316455694
1939,財務局 :: 地理課,書記,33,158,0.2088607594936709
1939,財務局 :: 地理課,看護婦長,1,158,0.006329113924050633
1939,財務局 :: 地理課,臨時,8,158,0.05063291139240506
1939,財務局 :: 地理課,課長,1,158,0.006329113924050633
1939,財務局 :: 地理課,雇,67,158,0.4240506329113924
1939,財務局 :: 埠頭事務所,機關手,1,1,1
1939,財務局 :: 庶務課,看護婦長,1,1,1
1939,財務局 :: 所,Unknown,1,65,0.015384615384615385
1939,財務局 :: 所,事務員,17,65,0.26153846153846155
1939,財務局 :: 所,兼,26,65,0.4
1939,財務局 :: 所,囑託員,3,65,0.046153846153846156
1939,財務局 :: 所,所長,11,65,0.16923076923076924
1939,財務局 :: 所,技師,1,65,0.015384615384615385
1939,財務局 :: 所,臨時,6,65,0.09230769230769231
1939,財務局 :: 技術試験所,兼,1,15,0.06666666666666667
1939,財務局 :: 技術試験所,技師,1,15,0.06666666666666667
1939,財務局 :: 技術試験所,技手,7,15,0.4666666666666667
1939,財務局 :: 技術試験所,書記,1,15,0.06666666666666667
1939,財務局 :: 技術試験所,雇,5,15,0.3333333333333333
1939,財務局 :: 晝場,書記,5,5,1
1939,財務局 :: 機械工場,技師,1,7,0.14285714285714285
1939,財務局 :: 機械工場,技手,2,7,0.2857142857142857
1939,財務局 :: 機械工場,雇,4,7,0.5714285714285714
1939,財務局 :: 深川授産場,囑託員,6,8,0.75
1939,財務局 :: 深川授産場,技手,2,8,0.25
1939,財務局 :: 用品課,主事,1,1,1
1939,財務局 :: 社会教育課,Unknown,8,89,0.0898876404494382
1939,財務局 :: 社会教育課,主事,1,89,0.011235955056179775
1939,財務局 :: 社会教育課,事務員,38,89,0.42696629213483145
1939,財務局 :: 社会教育課,兼,7,89,0.07865168539325842
1939,財務局 :: 社会教育課,囑託員,34,89,0.38202247191011235
1939,財務局 :: 社会教育課,課長,1,89,0.011235955056179775
1939,財務局 :: 第一工営課,Unknown,1,74,0.013513513513513514
1939,財務局 :: 第一工営課,主事,1,74,0.013513513513513514
1939,財務局 :: 第一工営課,技師,1,74,0.013513513513513514
1939,財務局 :: 第一工営課,技手,28,74,0.3783783783783784
1939,財務局 :: 第一工営課,書記,14,74,0.1891891891891892
1939,財務局 :: 第一工営課,臨時,2,74,0.02702702702702703
1939,財務局 :: 第一工営課,雇,27,74,0.36486486486486486
1939,財務局 :: 第二工営課,技手,26,39,0.6666666666666666
1939,財務局 :: 第二工営課,書記,3,39,0.07692307692307693
1939,財務局 :: 第二工営課,雇,10,39,0.2564102564102564
1939,財務局 :: 職業課,Unknown,5,16,0.3125
1939,財務局 :: 職業課,事務員,9,16,0.5625
1939,財務局 :: 職業課,技師,1,16,0.0625
1939,財務局 :: 職業課,課長,1,16,0.0625
1939,財務局 :: 茅場,兼,44,140,0.3142857142857143
1939,財務局 :: 茅場,囑託員,96,140,0.6857142857142857
1939,財務局 :: 藤場,囑託員,2,2,1
1939,財務局 :: 衛生課,課長,1,1,1
1939,財務局 :: 視学課,Unknown,1,57,0.017543859649122806
1939,財務局 :: 視学課,主事,1,57,0.017543859649122806
1939,財務局 :: 視学課,事務員,16,57,0.2807017543859649
1939,財務局 :: 視学課,兼,32,57,0.5614035087719298
1939,財務局 :: 視学課,局長,1,57,0.017543859649122806
1939,財務局 :: 視学課,講師,6,57,0.10526315789473684
1939,財務局 :: 購買課,Unknown,4,57,0.07017543859649122
1939,財務局 :: 購買課,主事,1,57,0.017543859649122806
1939,財務局 :: 購買課,兼,18,57,0.3157894736842105
1939,財務局 :: 購買課,書記,18,57,0.3157894736842105
1939,財務局 :: 購買課,臨時,1,57,0.017543859649122806
1939,財務局 :: 購買課,雇,15,57,0.2631578947368421
1939,財務局 :: 青課,Unknown,1,45,0.022222222222222223
1939,財務局 :: 青課,事務員,2,45,0.044444444444444446
1939,財務局 :: 青課,兼,39,45,0.8666666666666667
1939,財務局 :: 青課,船長,3,45,0.06666666666666667
1939,道路局 :: 工務課,Unknown,2,16,0.125
1939,道路局 :: 工務課,主事,1,16,0.0625
1939,道路局 :: 工務課,事務員,7,16,0.4375
1939,道路局 :: 工務課,兼,5,16,0.3125
1939,道路局 :: 工務課,技手,1,16,0.0625
1939,道路局 :: 庶務課,Unknown,3,24,0.125
1939,道路局 :: 庶務課,事務員,17,24,0.7083333333333334
1939,道路局 :: 庶務課,技師,1,24,0.041666666666666664
1939,道路局 :: 庶務課,技手,3,24,0.125
1939,道路局 :: 橋梁課,Unknown,8,31,0.25806451612903225
1939,道路局 :: 橋梁課,事務員,1,31,0.03225806451612903
1939,道路局 :: 橋梁課,技手,22,31,0.7096774193548387
1939,道路局 :: 第一道路課,Unknown,4,4,1
1939,道路局 :: 第二道路課,Unknown,3,34,0.08823529411764706
1939,道路局 :: 第二道路課,事務員,4,34,0.11764705882352941
1939,道路局 :: 第二道路課,技手,27,34,0.7941176470588235
1939,道路局 :: 試験所,囑託員,1,3,0.3333333333333333
1939,道路局 :: 試験所,所長事務取扱,1,3,0.3333333333333333
1939,道路局 :: 試験所,技手,1,3,0.3333333333333333
1939,電気局 :: 一作業課,兼,1,2,0.5
1939,電気局 :: 一作業課,雇,1,2,0.5
1939,電気局 :: 三田診療所,Unknown,1,3,0.3333333333333333
1939,電気局 :: 三田診療所,看護婦,2,3,0.6666666666666666
1939,電気局 :: 上所,主事,2,61,0.03278688524590164
1939,電気局 :: 上所,技手,11,61,0.18032786885245902
1939,電気局 :: 上所,書記,6,61,0.09836065573770492
1939,電気局 :: 上所,雇,42,61,0.6885245901639344
1939,電気局 :: 事業普及課,Unknown,5,91,0.054945054945054944
1939,電気局 :: 事業普及課,囑託員,3,91,0.03296703296703297
1939,電気局 :: 事業普及課,技師,1,91,0.01098901098901099
1939,電気局 :: 事業普及課,技手,18,91,0.1978021978021978
1939,電気局 :: 事業普及課,書記,26,91,0.2857142857142857
1939,電気局 :: 事業普及課,雇,38,91,0.4175824175824176
1939,電気局 :: 五八〇四〓課運輸神明町出張所,兼,1,1,1
1939,電気局 :: 交通統制調査課,Unknown,2,357,0.0056022408963585435
1939,電気局 :: 交通統制調査課,主事,2,357,0.0056022408963585435
1939,電気局 :: 交通統制調査課,囑託員,2,357,0.0056022408963585435
1939,電気局 :: 交通統制調査課,技師,1,357,0.0028011204481792717
1939,電気局 :: 交通統制調査課,技手,54,357,0.15126050420168066
1939,電気局 :: 交通統制調査課,書記,29,357,0.08123249299719888
1939,電気局 :: 交通統制調査課,雇,267,357,0.7478991596638656
1939,電気局 :: 会計課,Unknown,1,106,0.009433962264150943
1939,電気局 :: 会計課,主事,2,106,0.018867924528301886
1939,電気局 :: 会計課,區長,1,106,0.009433962264150943
1939,電気局 :: 会計課,技手,23,106,0.2169811320754717
1939,電気局 :: 会計課,書記,37,106,0.3490566037735849
1939,電気局 :: 会計課,課長,2,106,0.018867924528301886
1939,電気局 :: 会計課,雇,40,106,0.37735849056603776
1939,電気局 :: 保健課,Unknown,2,39,0.05128205128205128
1939,電気局 :: 保健課,兼,1,39,0.02564102564102564
1939,電気局 :: 保健課,書記,6,39,0.15384615384615385
1939,電気局 :: 保健課,清掃監督,1,39,0.02564102564102564
1939,電気局 :: 保健課,監視,8,39,0.20512820512820512
1939,電気局 :: 保健課,臨時,5,39,0.1282051282051282
1939,電気局 :: 保健課,雇,16,39,0.41025641025641024
1939,電気局 :: 保線課,技手,1,4,0.25
1939,電気局 :: 保線課,書記,3,4,0.75
1939,電気局 :: 労働課,Unknown,6,75,0.08
1939,電気局 :: 労働課,主事,5,75,0.06666666666666667
1939,電気局 :: 労働課,事務員,20,75,0.26666666666666666
1939,電気局 :: 労働課,技師,1,75,0.013333333333333334
1939,電気局 :: 労働課,書記,23,75,0.30666666666666664
1939,電気局 :: 労働課,課長,1,75,0.013333333333333334
1939,電気局 :: 労働課,雇,19,75,0.25333333333333335
1939,電気局 :: 印刷工場,Unknown,3,7,0.42857142857142855
1939,電気局 :: 印刷工場,技手,1,7,0.14285714285714285
1939,電気局 :: 印刷工場,書記,2,7,0.2857142857142857
1939,電気局 :: 印刷工場,雇,1,7,0.14285714285714285
1939,電気局 :: 営業課,Unknown,2,153,0.013071895424836602
1939,電気局 :: 営業課,技手,3,153,0.0196078431372549
1939,電気局 :: 営業課,書記,52,153,0.33986928104575165
1939,電気局 :: 営業課,臨時,5,153,0.032679738562091505
1939,電気局 :: 営業課,雇,91,153,0.5947712418300654
1939,電気局 :: 四谷七三七(新宿出張所,兼,1,1,1
1939,電気局 :: 土木課,兼,1,19,0.05263157894736842
1939,電気局 :: 土木課,技手,6,19,0.3157894736842105
1939,電気局 :: 土木課,書記,3,19,0.15789473684210525
1939,電気局 :: 土木課,臨時,1,19,0.05263157894736842
1939,電気局 :: 土木課,雇,8,19,0.42105263157894735
1939,電気局 :: 外純明〓背館課,臨時,1,1,1
1939,電気局 :: 小石川営業所,所長,9,46,0.1956521739130435
1939,電気局 :: 小石川営業所,技手,8,46,0.17391304347826086
1939,電気局 :: 小石川営業所,雇,29,46,0.6304347826086957
1939,電気局 :: 巣鴨診療所,看護婦,3,3,1
1939,電気局 :: 工場,技師,1,1,1
1939,電気局 :: 庶務課,Unknown,6,132,0.045454545454545456
1939,電気局 :: 庶務課,主事,2,132,0.015151515151515152
1939,電気局 :: 庶務課,事務員,33,132,0.25
1939,電気局 :: 庶務課,技手,11,132,0.08333333333333333
1939,電気局 :: 庶務課,書記,43,132,0.32575757575757575
1939,電気局 :: 庶務課,臨時,4,132,0.030303030303030304
1939,電気局 :: 庶務課,課長,2,132,0.015151515151515152
1939,電気局 :: 庶務課,雇,31,132,0.23484848484848486
1939,電気局 :: 戸所,Unknown,1,44,0.022727272727272728
1939,電気局 :: 戸所,技手,19,44,0.4318181818181818
1939,電気局 :: 戸所,書記,1,44,0.022727272727272728
1939,電気局 :: 戸所,雇,23,44,0.5227272727272727
1939,電気局 :: 戸籍兵事課,Unknown,2,55,0.03636363636363636
1939,電気局 :: 戸籍兵事課,主事,1,55,0.01818181818181818
1939,電気局 :: 戸籍兵事課,書記,19,55,0.34545454545454546
1939,電気局 :: 戸籍兵事課,雇,33,55,0.6
1939,電気局 :: 教育課,主事,1,19,0.05263157894736842
1939,電気局 :: 教育課,書記,7,19,0.3684210526315789
1939,電気局 :: 教育課,雇,11,19,0.5789473684210527
1939,電気局 :: 早稻田電車営業所,主事,1,53,0.018867924528301886
1939,電気局 :: 早稻田電車営業所,技手,14,53,0.2641509433962264
1939,電気局 :: 早稻田電車営業所,書記,5,53,0.09433962264150944
1939,電気局 :: 早稻田電車営業所,雇,33,53,0.6226415094339622
1939,電気局 :: 業務課,Unknown,3,57,0.05263157894736842
1939,電気局 :: 業務課,主事,1,57,0.017543859649122806
1939,電気局 :: 業務課,書記,35,57,0.6140350877192983
1939,電気局 :: 業務課,雇,18,57,0.3157894736842105
1939,電気局 :: 水源林事務所,Unknown,1,1,1
1939,電気局 :: 田所,書記,3,7,0.42857142857142855
1939,電気局 :: 田所,雇,4,7,0.5714285714285714
1939,電気局 :: 目黒営業所,所長,11,21,0.5238095238095238
1939,電気局 :: 目黒営業所,技手,7,21,0.3333333333333333
1939,電気局 :: 目黒営業所,雇,3,21,0.14285714285714285
1939,電気局 :: 研究課,Unknown,1,10,0.1
1939,電気局 :: 研究課,技手,5,10,0.5
1939,電気局 :: 研究課,雇,4,10,0.4
1939,電気局 :: 社会課,兼,10,23,0.43478260869565216
1939,電気局 :: 社会課,雇,13,23,0.5652173913043478
1939,電気局 :: 神田区役所,區長,1,2,0.5
1939,電気局 :: 神田区役所,雇,1,2,0.5
1939,電気局 :: 税務課,書記,75,126,0.5952380952380952
1939,電気局 :: 税務課,臨時,4,126,0.031746031746031744
1939,電気局 :: 税務課,課長,1,126,0.007936507936507936
1939,電気局 :: 税務課,雇,46,126,0.36507936507936506
1939,電気局 :: 第二出張所,事務員,35,35,1
1939,電気局 :: 経理課,Unknown,1,65,0.015384615384615385
1939,電気局 :: 経理課,主事,2,65,0.03076923076923077
1939,電気局 :: 経理課,技手,14,65,0.2153846153846154
1939,電気局 :: 経理課,書記,15,65,0.23076923076923078
1939,電気局 :: 経理課,課長,1,65,0.015384615384615385
1939,電気局 :: 経理課,雇,32,65,0.49230769230769234
1939,電気局 :: 芝区役所,區長,1,1,1
1939,電気局 :: 芝営業所,所長,3,41,0.07317073170731707
1939,電気局 :: 芝営業所,技手,7,41,0.17073170731707318
1939,電気局 :: 芝営業所,書記,11,41,0.2682926829268293
1939,電気局 :: 芝営業所,雇,20,41,0.4878048780487805
1939,電気局 :: 芝浦診療所,看護婦,3,3,1
1939,電気局 :: 芝浦試験所,所長,1,11,0.09090909090909091
1939,電気局 :: 芝浦試験所,技手,3,11,0.2727272727272727
1939,電気局 :: 芝浦試験所,雇,7,11,0.6363636363636364
1939,電気局 :: 被服工場,Unknown,1,5,0.2
1939,電気局 :: 被服工場,主事,1,5,0.2
1939,電気局 :: 被服工場,雇,3,5,0.6
1939,電気局 :: 試験課,Unknown,2,13,0.15384615384615385
1939,電気局 :: 試験課,技手,2,13,0.15384615384615385
1939,電気局 :: 試験課,雇,9,13,0.6923076923076923
1939,電気局 :: 赤坂営業所,技手,10,35,0.2857142857142857
1939,電気局 :: 赤坂営業所,書記,6,35,0.17142857142857143
1939,電気局 :: 赤坂営業所,雇,19,35,0.5428571428571428
1939,電気局 :: 車輛工場,技手,20,20,1
1939,電気局 :: 車輛課,Unknown,1,3,0.3333333333333333
1939,電気局 :: 車輛課,主事,1,3,0.3333333333333333
1939,電気局 :: 車輛課,事務員,1,3,0.3333333333333333
1939,電気局 :: 配線課,Unknown,1,21,0.047619047619047616
1939,電気局 :: 配線課,技手,6,21,0.2857142857142857
1939,電気局 :: 配線課,書記,2,21,0.09523809523809523
1939,電気局 :: 配線課,雇,12,21,0.5714285714285714
1939,電気局 :: 電力課,Unknown,2,44,0.045454545454545456
1939,電気局 :: 電力課,主事,1,44,0.022727272727272728
1939,電気局 :: 電力課,技手,12,44,0.2727272727272727
1939,電気局 :: 電力課,書記,6,44,0.13636363636363635
1939,電気局 :: 電力課,雇,23,44,0.5227272727272727
1939,電気局 :: 電気研究所,Unknown,1,1,1
1939,電気局 :: 青山営業所,技手,10,44,0.22727272727272727
1939,電気局 :: 青山営業所,書記,11,44,0.25
1939,電気局 :: 青山営業所,雇,23,44,0.5227272727272727
1939,電気局 :: 麹町区役所,區長,1,1,1
1939,養育院 :: 下谷区役所,Unknown,4,178,0.02247191011235955
1939,養育院 :: 下谷区役所,主事,1,178,0.0056179775280898875
1939,養育院 :: 下谷区役所,事務員,24,178,0.1348314606741573
1939,養育院 :: 下谷区役所,兼,93,178,0.5224719101123596
1939,養育院 :: 下谷区役所,區長,56,178,0.3146067415730337
1939,養育院 :: 四谷区役所,區長,31,31,1
1939,養育院 :: 小石川区役所,區長,82,82,1
1939,養育院 :: 日本四国・京橋役所・芝厘役所,兼,5,105,0.047619047619047616
1939,養育院 :: 日本四国・京橋役所・芝厘役所,區長,100,105,0.9523809523809523
1939,養育院 :: 日本橋区役所,區長,80,81,0.9876543209876543
1939,養育院 :: 日本橋区役所,技手,1,81,0.012345679012345678
1939,養育院 :: 牛込区役所,兼,35,42,0.8333333333333334
1939,養育院 :: 牛込区役所,區長,7,42,0.16666666666666666
1939,養育院 :: 祿田区役所,兼,36,46,0.782608695652174
1939,養育院 :: 祿田区役所,區長,7,46,0.15217391304347827
1939,養育院 :: 祿田区役所,技手,3,46,0.06521739130434782
1939,養育院 :: 経理課,事務員,44,55,0.8
1939,養育院 :: 経理課,囑託員,1,55,0.01818181818181818
1939,養育院 :: 経理課,技手,5,55,0.09090909090909091
1939,養育院 :: 経理課,醫員,5,55,0.09090909090909091
1939,養育院 :: 芝区役所,區長,6,6,1
1940,中央卸売市場 :: C管理課,Unknown,3,31,0.0967741935483871
1940,中央卸売市場 :: C管理課,技手,1,31,0.03225806451612903
1940,中央卸売市場 :: C管理課,書記,8,31,0.25806451612903225
1940,中央卸売市場 :: C管理課,雇,19,31,0.6129032258064516
1940,中央卸売市場 :: 業務課,Unknown,7,60,0.11666666666666667
1940,中央卸売市場 :: 業務課,技師,1,60,0.016666666666666666
1940,中央卸売市場 :: 業務課,技手,13,60,0.21666666666666667
1940,中央卸売市場 :: 業務課,書記,18,60,0.3
1940,中央卸売市場 :: 業務課,課長,1,60,0.016666666666666666
1940,中央卸売市場 :: 業務課,雇,20,60,0.3333333333333333
1940,厚生局 :: 三河島出張所,所長心得,1,66,0.015151515151515152
1940,厚生局 :: 三河島出張所,書記,3,66,0.045454545454545456
1940,厚生局 :: 三河島出張所,清掃監督,4,66,0.06060606060606061
1940,厚生局 :: 三河島出張所,監視,30,66,0.45454545454545453
1940,厚生局 :: 三河島出張所,雇,28,66,0.42424242424242425
1940,厚生局 :: 上野出張所,主事,1,50,0.02
1940,厚生局 :: 上野出張所,書記,3,50,0.06
1940,厚生局 :: 上野出張所,清掃監督,3,50,0.06
1940,厚生局 :: 上野出張所,監視,43,50,0.86
1940,厚生局 :: 世田谷出張所,主事,1,54,0.018518518518518517
1940,厚生局 :: 世田谷出張所,書記,5,54,0.09259259259259259
1940,厚生局 :: 世田谷出張所,監視,37,54,0.6851851851851852
1940,厚生局 :: 世田谷出張所,雇,11,54,0.2037037037037037
1940,厚生局 :: 作業課,Unknown,10,91,0.10989010989010989
1940,厚生局 :: 作業課,技師,1,91,0.01098901098901099
1940,厚生局 :: 作業課,技手,9,91,0.0989010989010989
1940,厚生局 :: 作業課,書記,15,91,0.16483516483516483
1940,厚生局 :: 作業課,機關手,8,91,0.08791208791208792
1940,厚生局 :: 作業課,清掃監督,3,91,0.03296703296703297
1940,厚生局 :: 作業課,監視,24,91,0.26373626373626374
1940,厚生局 :: 作業課,船長,7,91,0.07692307692307693
1940,厚生局 :: 作業課,課長,1,91,0.01098901098901099
1940,厚生局 :: 作業課,雇,13,91,0.14285714285714285
1940,厚生局 :: 児童課,Unknown,12,105,0.11428571428571428
1940,厚生局 :: 児童課,兼,21,105,0.2
1940,厚生局 :: 児童課,技師,1,105,0.009523809523809525
1940,厚生局 :: 児童課,書記,15,105,0.14285714285714285
1940,厚生局 :: 児童課,藥劑員,29,105,0.2761904761904762
1940,厚生局 :: 児童課,課長,2,105,0.01904761904761905
1940,厚生局 :: 児童課,醫員,8,105,0.0761904761904762
1940,厚生局 :: 児童課,雇,17,105,0.1619047619047619
1940,厚生局 :: 兩国出張所,書記,2,38,0.05263157894736842
1940,厚生局 :: 兩国出張所,清掃監督,3,38,0.07894736842105263
1940,厚生局 :: 兩国出張所,監視,23,38,0.6052631578947368
1940,厚生局 :: 兩国出張所,雇,10,38,0.2631578947368421
1940,厚生局 :: 古石場,Unknown,4,146,0.0273972602739726
1940,厚生局 :: 古石場,兼,136,146,0.9315068493150684
1940,厚生局 :: 古石場,所長,1,146,0.00684931506849315
1940,厚生局 :: 古石場,書記,5,146,0.03424657534246575
1940,厚生局 :: 品川出張所,主事,1,61,0.01639344262295082
1940,厚生局 :: 品川出張所,書記,3,61,0.04918032786885246
1940,厚生局 :: 品川出張所,清掃監督,9,61,0.14754098360655737
1940,厚生局 :: 品川出張所,監視,28,61,0.45901639344262296
1940,厚生局 :: 品川出張所,雇,20,61,0.32786885245901637
1940,厚生局 :: 小岩候出所,兼,44,99,0.4444444444444444
1940,厚生局 :: 小岩候出所,雇,55,99,0.5555555555555556
1940,厚生局 :: 御成門出張所,書記,3,36,0.08333333333333333
1940,厚生局 :: 御成門出張所,清掃監督,2,36,0.05555555555555555
1940,厚生局 :: 御成門出張所,監視,18,36,0.5
1940,厚生局 :: 御成門出張所,雇,13,36,0.3611111111111111
1940,厚生局 :: 所,兼,17,72,0.2361111111111111
1940,厚生局 :: 所,所長,10,72,0.1388888888888889
1940,厚生局 :: 所,書記,43,72,0.5972222222222222
1940,厚生局 :: 所,醫員,2,72,0.027777777777777776
1940,厚生局 :: 東十条出張所,書記,2,31,0.06451612903225806
1940,厚生局 :: 東十条出張所,清掃監督,3,31,0.0967741935483871
1940,厚生局 :: 東十条出張所,監視,17,31,0.5483870967741935
1940,厚生局 :: 東十条出張所,雇,9,31,0.2903225806451613
1940,厚生局 :: 監理課,Unknown,3,40,0.075
1940,厚生局 :: 監理課,書記,11,40,0.275
1940,厚生局 :: 監理課,清掃監督,4,40,0.1
1940,厚生局 :: 監理課,監視,22,40,0.55
1940,厚生局 :: 神楽坂出張所,書記,3,33,0.09090909090909091
1940,厚生局 :: 神楽坂出張所,清掃監督,2,33,0.06060606060606061
1940,厚生局 :: 神楽坂出張所,監視,13,33,0.3939393939393939
1940,厚生局 :: 神楽坂出張所,雇,15,33,0.45454545454545453
1940,厚生局 :: 福利課,課長,1,1,1
1940,厚生局 :: 築地出張所,清掃監督,2,37,0.05405405405405406
1940,厚生局 :: 築地出張所,監視,24,37,0.6486486486486487
1940,厚生局 :: 築地出張所,雇,11,37,0.2972972972972973
1940,厚生局 :: 荒川授産場,兼,20,20,1
1940,厚生局 :: 足立一泊所,Unknown,5,245,0.02040816326530612
1940,厚生局 :: 足立一泊所,主事,1,245,0.004081632653061225
1940,厚生局 :: 足立一泊所,兼,29,245,0.11836734693877551
1940,厚生局 :: 足立一泊所,所長,7,245,0.02857142857142857
1940,厚生局 :: 足立一泊所,技手,51,245,0.20816326530612245
1940,厚生局 :: 足立一泊所,社會書記,1,245,0.004081632653061225
1940,厚生局 :: 足立一泊所,課長,1,245,0.004081632653061225
1940,厚生局 :: 足立一泊所,雇,150,245,0.6122448979591837
1940,厚生局 :: 足立診族所,Unknown,8,222,0.036036036036036036
1940,厚生局 :: 足立診族所,主事,1,222,0.0045045045045045045
1940,厚生局 :: 足立診族所,兼,21,222,0.0945945945945946
1940,厚生局 :: 足立診族所,囑託員,58,222,0.26126126126126126
1940,厚生局 :: 足立診族所,技師,2,222,0.009009009009009009
1940,厚生局 :: 足立診族所,技手,2,222,0.009009009009009009
1940,厚生局 :: 足立診族所,書記,16,222,0.07207207207207207
1940,厚生局 :: 足立診族所,機關手,1,222,0.0045045045045045045
1940,厚生局 :: 足立診族所,藥劑員,19,222,0.08558558558558559
1940,厚生局 :: 足立診族所,醫員,69,222,0.3108108108108108
1940,厚生局 :: 足立診族所,雇,25,222,0.11261261261261261
1940,厚生局 :: 阿佐谷出張所,主事,2,69,0.028985507246376812
1940,厚生局 :: 阿佐谷出張所,所長,2,69,0.028985507246376812
1940,厚生局 :: 阿佐谷出張所,書記,4,69,0.057971014492753624
1940,厚生局 :: 阿佐谷出張所,清掃監督,3,69,0.043478260869565216
1940,厚生局 :: 阿佐谷出張所,監視,42,69,0.6086956521739131
1940,厚生局 :: 阿佐谷出張所,雇,16,69,0.2318840579710145
1940,厚生局 :: 龜戸出張所,書記,2,31,0.06451612903225806
1940,厚生局 :: 龜戸出張所,清掃監督,2,31,0.06451612903225806
1940,厚生局 :: 龜戸出張所,監視,15,31,0.4838709677419355
1940,厚生局 :: 龜戸出張所,雇,12,31,0.3870967741935484
1940,土木局 :: 京橋区役所,Unknown,8,18,0.4444444444444444
1940,土木局 :: 京橋区役所,兼,4,18,0.2222222222222222
1940,土木局 :: 京橋区役所,書記,6,18,0.3333333333333333
1940,土木局 :: 土木試験所,Unknown,16,105,0.1523809523809524
1940,土木局 :: 土木試験所,技師,7,105,0.06666666666666667
1940,土木局 :: 土木試験所,技手,45,105,0.42857142857142855
1940,土木局 :: 土木試験所,書記,2,105,0.01904761904761905
1940,土木局 :: 土木試験所,雇,35,105,0.3333333333333333
1940,土木局 :: 庶務課,Unknown,5,53,0.09433962264150944
1940,土木局 :: 庶務課,技手,4,53,0.07547169811320754
1940,土木局 :: 庶務課,書記,30,53,0.5660377358490566
1940,土木局 :: 庶務課,雇,14,53,0.2641509433962264
1940,土木局 :: 橋梁課,Unknown,2,27,0.07407407407407407
1940,土木局 :: 橋梁課,技手,16,27,0.5925925925925926
1940,土木局 :: 橋梁課,書記,8,27,0.2962962962962963
1940,土木局 :: 橋梁課,課長,1,27,0.037037037037037035
1940,土木局 :: 河川課,Unknown,3,51,0.058823529411764705
1940,土木局 :: 河川課,主事,1,51,0.0196078431372549
1940,土木局 :: 河川課,兼,5,51,0.09803921568627451
1940,土木局 :: 河川課,技師,2,51,0.0392156862745098
1940,土木局 :: 河川課,技手,6,51,0.11764705882352941
1940,土木局 :: 河川課,書記,3,51,0.058823529411764705
1940,土木局 :: 河川課,機關手,8,51,0.1568627450980392
1940,土木局 :: 河川課,船長,14,51,0.27450980392156865
1940,土木局 :: 河川課,雇,9,51,0.17647058823529413
1940,土木局 :: 治水工事課,Unknown,4,57,0.07017543859649122
1940,土木局 :: 治水工事課,兼,5,57,0.08771929824561403
1940,土木局 :: 治水工事課,技手,25,57,0.43859649122807015
1940,土木局 :: 治水工事課,書記,6,57,0.10526315789473684
1940,土木局 :: 治水工事課,雇,17,57,0.2982456140350877
1940,土木局 :: 田所,兼,7,7,1
1940,土木局 :: 芝区役所,Unknown,10,87,0.11494252873563218
1940,土木局 :: 芝区役所,主事,1,87,0.011494252873563218
1940,土木局 :: 芝区役所,兼,61,87,0.7011494252873564
1940,土木局 :: 芝区役所,技手,6,87,0.06896551724137931
1940,土木局 :: 芝区役所,書記,8,87,0.09195402298850575
1940,土木局 :: 芝区役所,社會書記,1,87,0.011494252873563218
1940,土木局 :: 道路建設課,Unknown,7,108,0.06481481481481481
1940,土木局 :: 道路建設課,技手,95,108,0.8796296296296297
1940,土木局 :: 道路建設課,書記,5,108,0.046296296296296294
1940,土木局 :: 道路建設課,課長,1,108,0.009259259259259259
1940,土木局 :: 道路管理課,Unknown,6,105,0.05714285714285714
1940,土木局 :: 道路管理課,兼,8,105,0.0761904761904762
1940,土木局 :: 道路管理課,技手,40,105,0.38095238095238093
1940,土木局 :: 道路管理課,書記,21,105,0.2
1940,土木局 :: 道路管理課,課長,1,105,0.009523809523809525
1940,土木局 :: 道路管理課,雇,29,105,0.2761904761904762
1940,市会事務局 :: 事務所,囑託員,11,53,0.20754716981132076
1940,市会事務局 :: 事務所,所長,6,53,0.11320754716981132
1940,市会事務局 :: 事務所,技師,1,53,0.018867924528301886
1940,市会事務局 :: 事務所,書記,9,53,0.16981132075471697
1940,市会事務局 :: 事務所,醫員,7,53,0.1320754716981132
1940,市会事務局 :: 事務所,雇,19,53,0.3584905660377358
1940,市会事務局 :: 庶務課,Unknown,5,6,0.8333333333333334
1940,市会事務局 :: 庶務課,囑託員,1,6,0.16666666666666666
1940,市会事務局 :: 議事課,Unknown,9,17,0.5294117647058824
1940,市会事務局 :: 議事課,兼,1,17,0.058823529411764705
1940,市会事務局 :: 議事課,囑託員,7,17,0.4117647058823529
1940,市民局 :: 事業課,Unknown,50,200,0.25
1940,市民局 :: 事業課,主事,2,200,0.01
1940,市民局 :: 事業課,兼,23,200,0.115
1940,市民局 :: 事業課,囑託員,11,200,0.055
1940,市民局 :: 事業課,局長,1,200,0.005
1940,市民局 :: 事業課,技手,5,200,0.025
1940,市民局 :: 事業課,書記,89,200,0.445
1940,市民局 :: 事業課,課長,3,200,0.015
1940,市民局 :: 事業課,雇,16,200,0.08
1940,市民局 :: 第一課,Unknown,1,10,0.1
1940,市民局 :: 第一課,書記,3,10,0.3
1940,市民局 :: 第一課,課長,1,10,0.1
1940,市民局 :: 第一課,雇,5,10,0.5
1940,市民局 :: 第二課,Unknown,3,16,0.1875
1940,市民局 :: 第二課,兼,1,16,0.0625
1940,市民局 :: 第二課,囑託員,1,16,0.0625
1940,市民局 :: 第二課,書記,5,16,0.3125
1940,市民局 :: 第二課,雇,6,16,0.375
1940,市民局 :: 計画課,Unknown,4,19,0.21052631578947367
1940,市民局 :: 計画課,囑託員,1,19,0.05263157894736842
1940,市民局 :: 計画課,書記,5,19,0.2631578947368421
1940,市民局 :: 計画課,課長,1,19,0.05263157894736842
1940,市民局 :: 計画課,雇,8,19,0.42105263157894735
1940,水道局 :: 小留浦合宿所,Unknown,6,6,1
1940,水道局 :: 木場,Unknown,16,116,0.13793103448275862
1940,水道局 :: 木場,技手,75,116,0.646551724137931
1940,水道局 :: 木場,書記,25,116,0.21551724137931033
1940,水道局 :: 第九合宿所,Unknown,1,77,0.012987012987012988
1940,水道局 :: 第九合宿所,囑託員,2,77,0.025974025974025976
1940,水道局 :: 第九合宿所,技手,44,77,0.5714285714285714
1940,水道局 :: 第九合宿所,書記,3,77,0.03896103896103896
1940,水道局 :: 第九合宿所,雇,27,77,0.35064935064935066
1940,水道局 :: 計画課,Unknown,23,198,0.11616161616161616
1940,水道局 :: 計画課,主事,1,198,0.005050505050505051
1940,水道局 :: 計画課,技師,1,198,0.005050505050505051
1940,水道局 :: 計画課,技手,56,198,0.2828282828282828
1940,水道局 :: 計画課,書記,36,198,0.18181818181818182
1940,水道局 :: 計画課,雇,81,198,0.4090909090909091
1940,港湾局 :: 会計課,Unknown,2,28,0.07142857142857142
1940,港湾局 :: 会計課,書記,16,28,0.5714285714285714
1940,港湾局 :: 会計課,雇,10,28,0.35714285714285715
1940,港湾局 :: 営業課,Unknown,28,37,0.7567567567567568
1940,港湾局 :: 営業課,書記,9,37,0.24324324324324326
1940,港湾局 :: 小室,Unknown,2,1076,0.0018587360594795538
1940,港湾局 :: 小室,技手,62,1076,0.05762081784386617
1940,港湾局 :: 小室,書記,173,1076,0.1607806691449814
1940,港湾局 :: 小室,課長,1,1076,9.293680297397769e-4
1940,港湾局 :: 小室,雇,838,1076,0.7788104089219331
1940,港湾局 :: 工事課,技手,12,60,0.2
1940,港湾局 :: 工事課,書記,3,60,0.05
1940,港湾局 :: 工事課,機關手,37,60,0.6166666666666667
1940,港湾局 :: 工事課,船長,8,60,0.13333333333333333
1940,港湾局 :: 庶務課,Unknown,5,33,0.15151515151515152
1940,港湾局 :: 庶務課,書記,16,33,0.48484848484848486
1940,港湾局 :: 庶務課,監視,1,33,0.030303030303030304
1940,港湾局 :: 庶務課,課長,1,33,0.030303030303030304
1940,港湾局 :: 庶務課,雇,10,33,0.30303030303030304
1940,港湾局 :: 港務所,Unknown,3,34,0.08823529411764706
1940,港湾局 :: 港務所,所長,1,34,0.029411764705882353
1940,港湾局 :: 港務所,技手,2,34,0.058823529411764705
1940,港湾局 :: 港務所,書記,6,34,0.17647058823529413
1940,港湾局 :: 港務所,監視,11,34,0.3235294117647059
1940,港湾局 :: 港務所,船長,3,34,0.08823529411764706
1940,港湾局 :: 港務所,雇,8,34,0.23529411764705882
1940,港湾局 :: 経理課,Unknown,1,27,0.037037037037037035
1940,港湾局 :: 経理課,技手,11,27,0.4074074074074074
1940,港湾局 :: 経理課,書記,15,27,0.5555555555555556
1940,港湾局 :: 臨時飛行場建設事務所,Unknown,10,116,0.08620689655172414
1940,港湾局 :: 臨時飛行場建設事務所,主事,1,116,0.008620689655172414
1940,港湾局 :: 臨時飛行場建設事務所,所長,2,116,0.017241379310344827
1940,港湾局 :: 臨時飛行場建設事務所,技手,26,116,0.22413793103448276
1940,港湾局 :: 臨時飛行場建設事務所,書記,37,116,0.31896551724137934
1940,港湾局 :: 臨時飛行場建設事務所,機關手,1,116,0.008620689655172414
1940,港湾局 :: 臨時飛行場建設事務所,船長,1,116,0.008620689655172414
1940,港湾局 :: 臨時飛行場建設事務所,雇,38,116,0.3275862068965517
1940,港湾局 :: 計画課,Unknown,2,22,0.09090909090909091
1940,港湾局 :: 計画課,技手,17,22,0.7727272727272727
1940,港湾局 :: 計画課,書記,2,22,0.09090909090909091
1940,港湾局 :: 計画課,課長,1,22,0.045454545454545456
1940,経済局 :: 下谷区役所,Unknown,8,134,0.05970149253731343
1940,経済局 :: 下谷区役所,主事,1,134,0.007462686567164179
1940,経済局 :: 下谷区役所,技手,2,134,0.014925373134328358
1940,経済局 :: 下谷区役所,書記,69,134,0.5149253731343284
1940,経済局 :: 下谷区役所,雇,52,134,0.3880597014925373
1940,経済局 :: 下谷区役所,體力指導員,2,134,0.014925373134328358
1940,経済局 :: 世田谷区役所,Unknown,10,290,0.034482758620689655
1940,経済局 :: 世田谷区役所,兼,70,290,0.2413793103448276
1940,経済局 :: 世田谷区役所,技師,1,290,0.0034482758620689655
1940,経済局 :: 世田谷区役所,技手,6,290,0.020689655172413793
1940,経済局 :: 世田谷区役所,書記,75,290,0.25862068965517243
1940,経済局 :: 世田谷区役所,雇,127,290,0.4379310344827586
1940,経済局 :: 世田谷区役所,體力指導員,1,290,0.0034482758620689655
1940,経済局 :: 中野区役所,Unknown,5,109,0.045871559633027525
1940,経済局 :: 中野区役所,兼,2,109,0.01834862385321101
1940,経済局 :: 中野区役所,技師,1,109,0.009174311926605505
1940,経済局 :: 中野区役所,技手,1,109,0.009174311926605505
1940,経済局 :: 中野区役所,書記,46,109,0.42201834862385323
1940,経済局 :: 中野区役所,體力指導員,54,109,0.4954128440366973
1940,経済局 :: 向島区役所,Unknown,6,64,0.09375
1940,経済局 :: 向島区役所,技手,3,64,0.046875
1940,経済局 :: 向島区役所,書記,54,64,0.84375
1940,経済局 :: 向島区役所,體力指導員,1,64,0.015625
1940,経済局 :: 品川区役所,Unknown,6,53,0.11320754716981132
1940,経済局 :: 品川区役所,兼,3,53,0.05660377358490566
1940,経済局 :: 品川区役所,書記,44,53,0.8301886792452831
1940,経済局 :: 四谷区役所,Unknown,3,84,0.03571428571428571
1940,経済局 :: 四谷区役所,兼,40,84,0.47619047619047616
1940,経済局 :: 四谷区役所,書記,9,84,0.10714285714285714
1940,経済局 :: 四谷区役所,雇,29,84,0.34523809523809523
1940,経済局 :: 四谷区役所,體力指導員,3,84,0.03571428571428571
1940,経済局 :: 城東区役所,Unknown,8,128,0.0625
1940,経済局 :: 城東区役所,主事,1,128,0.0078125
1940,経済局 :: 城東区役所,兼,59,128,0.4609375
1940,経済局 :: 城東区役所,區長,1,128,0.0078125
1940,経済局 :: 城東区役所,書記,7,128,0.0546875
1940,経済局 :: 城東区役所,雇,52,128,0.40625
1940,経済局 :: 大森区役所,Unknown,7,19,0.3684210526315789
1940,経済局 :: 大森区役所,主事,1,19,0.05263157894736842
1940,経済局 :: 大森区役所,區長,1,19,0.05263157894736842
1940,経済局 :: 大森区役所,書記,10,19,0.5263157894736842
1940,経済局 :: 小石川区役所,Unknown,6,115,0.05217391304347826
1940,経済局 :: 小石川区役所,兼,3,115,0.02608695652173913
1940,経済局 :: 小石川区役所,技手,3,115,0.02608695652173913
1940,経済局 :: 小石川区役所,書記,46,115,0.4
1940,経済局 :: 小石川区役所,雇,55,115,0.4782608695652174
1940,経済局 :: 小石川区役所,體力指導員,2,115,0.017391304347826087
1940,経済局 :: 幡場,Unknown,8,162,0.04938271604938271
1940,経済局 :: 幡場,主事,1,162,0.006172839506172839
1940,経済局 :: 幡場,兼,42,162,0.25925925925925924
1940,経済局 :: 幡場,技手,2,162,0.012345679012345678
1940,経済局 :: 幡場,雇,105,162,0.6481481481481481
1940,経済局 :: 幡場,體力指導員,4,162,0.024691358024691357
1940,経済局 :: 新宮派出所,書記,2,2,1
1940,経済局 :: 新宿派出所,技手,3,96,0.03125
1940,経済局 :: 新宿派出所,書記,48,96,0.5
1940,経済局 :: 新宿派出所,雇,45,96,0.46875
1940,経済局 :: 本所区役所,Unknown,7,157,0.044585987261146494
1940,経済局 :: 本所区役所,主事,1,157,0.006369426751592357
1940,経済局 :: 本所区役所,兼,144,157,0.9171974522292994
1940,経済局 :: 本所区役所,技手,2,157,0.012738853503184714
1940,経済局 :: 本所区役所,書記,3,157,0.01910828025477707
1940,経済局 :: 本郷区役所,Unknown,2,16,0.125
1940,経済局 :: 本郷区役所,主事,1,16,0.0625
1940,経済局 :: 本郷区役所,兼,2,16,0.125
1940,経済局 :: 本郷区役所,書記,10,16,0.625
1940,経済局 :: 本郷区役所,雇,1,16,0.0625
1940,経済局 :: 杉並区役所,Unknown,4,25,0.16
1940,経済局 :: 杉並区役所,兼,15,25,0.6
1940,経済局 :: 杉並区役所,書記,6,25,0.24
1940,経済局 :: 板橋区役所,Unknown,7,264,0.026515151515151516
1940,経済局 :: 板橋区役所,主事,2,264,0.007575757575757576
1940,経済局 :: 板橋区役所,兼,52,264,0.19696969696969696
1940,経済局 :: 板橋区役所,區長,1,264,0.003787878787878788
1940,経済局 :: 板橋区役所,技手,5,264,0.01893939393939394
1940,経済局 :: 板橋区役所,書記,59,264,0.22348484848484848
1940,経済局 :: 板橋区役所,雇,136,264,0.5151515151515151
1940,経済局 :: 板橋区役所,體力指導員,2,264,0.007575757575757576
1940,経済局 :: 江戸川区役所,Unknown,7,7,1
1940,経済局 :: 浅草区役所,Unknown,6,175,0.03428571428571429
1940,経済局 :: 浅草区役所,兼,72,175,0.4114285714285714
1940,経済局 :: 浅草区役所,技手,7,175,0.04
1940,経済局 :: 浅草区役所,書記,14,175,0.08
1940,経済局 :: 浅草区役所,監視,1,175,0.005714285714285714
1940,経済局 :: 浅草区役所,雇,75,175,0.42857142857142855
1940,経済局 :: 淀橋区役所,Unknown,8,104,0.07692307692307693
1940,経済局 :: 淀橋区役所,主事,1,104,0.009615384615384616
1940,経済局 :: 淀橋区役所,兼,36,104,0.34615384615384615
1940,経済局 :: 淀橋区役所,技手,2,104,0.019230769230769232
1940,経済局 :: 淀橋区役所,書記,14,104,0.1346153846153846
1940,経済局 :: 淀橋区役所,雇,40,104,0.38461538461538464
1940,経済局 :: 淀橋区役所,體力指導員,3,104,0.028846153846153848
1940,経済局 :: 深川区役所,Unknown,6,140,0.04285714285714286
1940,経済局 :: 深川区役所,主事,1,140,0.007142857142857143
1940,経済局 :: 深川区役所,兼,111,140,0.7928571428571428
1940,経済局 :: 深川区役所,技手,2,140,0.014285714285714285
1940,経済局 :: 深川区役所,書記,9,140,0.06428571428571428
1940,経済局 :: 深川区役所,雇,9,140,0.06428571428571428
1940,経済局 :: 深川区役所,體力指導員,2,140,0.014285714285714285
1940,経済局 :: 牛込区役所,主事,1,2,0.5
1940,経済局 :: 牛込区役所,區長,1,2,0.5
1940,経済局 :: 王子区役所,Unknown,4,106,0.03773584905660377
1940,経済局 :: 王子区役所,兼,99,106,0.9339622641509434
1940,経済局 :: 王子区役所,技手,2,106,0.018867924528301886
1940,経済局 :: 王子区役所,書記,1,106,0.009433962264150943
1940,経済局 :: 田所,Unknown,4,114,0.03508771929824561
1940,経済局 :: 田所,兼,46,114,0.40350877192982454
1940,経済局 :: 田所,技手,2,114,0.017543859649122806
1940,経済局 :: 田所,書記,7,114,0.06140350877192982
1940,経済局 :: 田所,雇,54,114,0.47368421052631576
1940,経済局 :: 田所,體力指導員,1,114,0.008771929824561403
1940,経済局 :: 目黒区役所,Unknown,5,108,0.046296296296296294
1940,経済局 :: 目黒区役所,主事,1,108,0.009259259259259259
1940,経済局 :: 目黒区役所,兼,1,108,0.009259259259259259
1940,経済局 :: 目黒区役所,技手,2,108,0.018518518518518517
1940,経済局 :: 目黒区役所,書記,46,108,0.42592592592592593
1940,経済局 :: 目黒区役所,雇,49,108,0.4537037037037037
1940,経済局 :: 目黒区役所,體力指導員,4,108,0.037037037037037035
1940,経済局 :: 荏原区役所,Unknown,7,105,0.06666666666666667
1940,経済局 :: 荏原区役所,主事,1,105,0.009523809523809525
1940,経済局 :: 荏原区役所,兼,29,105,0.2761904761904762
1940,経済局 :: 荏原区役所,區長,1,105,0.009523809523809525
1940,経済局 :: 荏原区役所,技手,1,105,0.009523809523809525
1940,経済局 :: 荏原区役所,書記,14,105,0.13333333333333333
1940,経済局 :: 荏原区役所,雇,49,105,0.4666666666666667
1940,経済局 :: 荏原区役所,體力指導員,3,105,0.02857142857142857
1940,経済局 :: 荒川区役所,Unknown,6,103,0.05825242718446602
1940,経済局 :: 荒川区役所,兼,61,103,0.5922330097087378
1940,経済局 :: 荒川区役所,技手,2,103,0.019417475728155338
1940,経済局 :: 荒川区役所,書記,27,103,0.2621359223300971
1940,経済局 :: 荒川区役所,雇,7,103,0.06796116504854369
1940,経済局 :: 葛飾区役所,Unknown,1,14,0.07142857142857142
1940,経済局 :: 葛飾区役所,兼,8,14,0.5714285714285714
1940,経済局 :: 葛飾区役所,書記,5,14,0.35714285714285715
1940,経済局 :: 蒲田区役所,Unknown,10,121,0.08264462809917356
1940,経済局 :: 蒲田区役所,兼,38,121,0.3140495867768595
1940,経済局 :: 蒲田区役所,技手,4,121,0.03305785123966942
1940,経済局 :: 蒲田区役所,書記,45,121,0.371900826446281
1940,経済局 :: 蒲田区役所,雇,22,121,0.18181818181818182
1940,経済局 :: 蒲田区役所,體力指導員,2,121,0.01652892561983471
1940,経済局 :: 藤場,Unknown,7,177,0.03954802259887006
1940,経済局 :: 藤場,兼,83,177,0.4689265536723164
1940,経済局 :: 藤場,技手,4,177,0.022598870056497175
1940,経済局 :: 藤場,書記,64,177,0.3615819209039548
1940,経済局 :: 藤場,雇,18,177,0.1016949152542373
1940,経済局 :: 藤場,體力指導員,1,177,0.005649717514124294
1940,経済局 :: 角所,兼,3,71,0.04225352112676056
1940,経済局 :: 角所,技手,2,71,0.028169014084507043
1940,経済局 :: 角所,書記,6,71,0.08450704225352113
1940,経済局 :: 角所,雇,60,71,0.8450704225352113
1940,経済局 :: 赤坂区役所,區長,9,89,0.10112359550561797
1940,経済局 :: 赤坂区役所,技手,38,89,0.42696629213483145
1940,経済局 :: 赤坂区役所,書記,39,89,0.43820224719101125
1940,経済局 :: 赤坂区役所,體力指導員,3,89,0.033707865168539325
1940,経済局 :: 麻布区役所,Unknown,4,87,0.04597701149425287
1940,経済局 :: 麻布区役所,主事,1,87,0.011494252873563218
1940,経済局 :: 麻布区役所,兼,34,87,0.39080459770114945
1940,経済局 :: 麻布区役所,技師,1,87,0.011494252873563218
1940,経済局 :: 麻布区役所,技手,2,87,0.022988505747126436
1940,経済局 :: 麻布区役所,書記,3,87,0.034482758620689655
1940,経済局 :: 麻布区役所,雇,42,87,0.4827586206896552
1940,財務局 :: 主税課,Unknown,2,4,0.5
1940,財務局 :: 主税課,主事,1,4,0.25
1940,財務局 :: 主税課,課長,1,4,0.25
1940,財務局 :: 主計課,Unknown,9,38,0.23684210526315788
1940,財務局 :: 主計課,囑託員,1,38,0.02631578947368421
1940,財務局 :: 主計課,書記,21,38,0.5526315789473685
1940,財務局 :: 主計課,課長,1,38,0.02631578947368421
1940,財務局 :: 主計課,雇,6,38,0.15789473684210525
1940,財務局 :: 会計課,Unknown,6,68,0.08823529411764706
1940,財務局 :: 会計課,兼,20,68,0.29411764705882354
1940,財務局 :: 会計課,書記,19,68,0.27941176470588236
1940,財務局 :: 会計課,課長,1,68,0.014705882352941176
1940,財務局 :: 会計課,雇,22,68,0.3235294117647059
1940,財務局 :: 営繕課,Unknown,7,78,0.08974358974358974
1940,財務局 :: 営繕課,技手,47,78,0.6025641025641025
1940,財務局 :: 営繕課,書記,1,78,0.01282051282051282
1940,財務局 :: 営繕課,課長,1,78,0.01282051282051282
1940,財務局 :: 営繕課,雇,22,78,0.28205128205128205
1940,財務局 :: 学校営繕課,Unknown,4,36,0.1111111111111111
1940,財務局 :: 学校営繕課,技手,18,36,0.5
1940,財務局 :: 学校営繕課,書記,3,36,0.08333333333333333
1940,財務局 :: 学校営繕課,課長,1,36,0.027777777777777776
1940,財務局 :: 学校営繕課,雇,10,36,0.2777777777777778
1940,財務局 :: 用品課,Unknown,9,10,0.9
1940,財務局 :: 用品課,課長,1,10,0.1
1940,財務局 :: 管理課,Unknown,4,67,0.05970149253731343
1940,財務局 :: 管理課,主事,1,67,0.014925373134328358
1940,財務局 :: 管理課,技手,21,67,0.31343283582089554
1940,財務局 :: 管理課,書記,12,67,0.1791044776119403
1940,財務局 :: 管理課,課長,1,67,0.014925373134328358
1940,財務局 :: 管理課,雇,28,67,0.417910447761194
1940,財務局 :: 購買課,Unknown,18,245,0.07346938775510205
1940,財務局 :: 購買課,主事,1,245,0.004081632653061225
1940,財務局 :: 購買課,技手,138,245,0.563265306122449
1940,財務局 :: 購買課,書記,88,245,0.35918367346938773
1940,電気局 :: 三ノ輪電車営業所,Unknown,5,406,0.012315270935960592
1940,電気局 :: 三ノ輪電車営業所,主事,2,406,0.0049261083743842365
1940,電気局 :: 三ノ輪電車営業所,所長,5,406,0.012315270935960592
1940,電気局 :: 三ノ輪電車営業所,技師,1,406,0.0024630541871921183
1940,電気局 :: 三ノ輪電車営業所,技手,161,406,0.39655172413793105
1940,電気局 :: 三ノ輪電車営業所,書記,64,406,0.15763546798029557
1940,電気局 :: 三ノ輪電車営業所,雇,168,406,0.41379310344827586
1940,電気局 :: 乘客課,Unknown,11,108,0.10185185185185185
1940,電気局 :: 乘客課,主事,1,108,0.009259259259259259
1940,電気局 :: 乘客課,技手,30,108,0.2777777777777778
1940,電気局 :: 乘客課,書記,28,108,0.25925925925925924
1940,電気局 :: 乘客課,雇,38,108,0.35185185185185186
1940,電気局 :: 交通調整課,Unknown,6,32,0.1875
1940,電気局 :: 交通調整課,囑託員,3,32,0.09375
1940,電気局 :: 交通調整課,技手,8,32,0.25
1940,電気局 :: 交通調整課,書記,14,32,0.4375
1940,電気局 :: 交通調整課,課長,1,32,0.03125
1940,電気局 :: 会計課,Unknown,9,85,0.10588235294117647
1940,電気局 :: 会計課,技手,5,85,0.058823529411764705
1940,電気局 :: 会計課,書記,40,85,0.47058823529411764
1940,電気局 :: 会計課,雇,31,85,0.36470588235294116
1940,電気局 :: 保線課,Unknown,12,18,0.6666666666666666
1940,電気局 :: 保線課,技手,1,18,0.05555555555555555
1940,電気局 :: 保線課,書記,5,18,0.2777777777777778
1940,電気局 :: 労務課,Unknown,4,56,0.07142857142857142
1940,電気局 :: 労務課,主事,1,56,0.017857142857142856
1940,電気局 :: 労務課,囑託員,4,56,0.07142857142857142
1940,電気局 :: 労務課,書記,32,56,0.5714285714285714
1940,電気局 :: 労務課,課長,1,56,0.017857142857142856
1940,電気局 :: 労務課,雇,14,56,0.25
1940,電気局 :: 小石川営業所,所長,2,26,0.07692307692307693
1940,電気局 :: 小石川営業所,技手,13,26,0.5
1940,電気局 :: 小石川営業所,書記,11,26,0.4230769230769231
1940,電気局 :: 庶務課,Unknown,5,112,0.044642857142857144
1940,電気局 :: 庶務課,主事,1,112,0.008928571428571428
1940,電気局 :: 庶務課,書記,91,112,0.8125
1940,電気局 :: 庶務課,部長,9,112,0.08035714285714286
1940,電気局 :: 庶務課,雇,6,112,0.05357142857142857
1940,電気局 :: 戸所,Unknown,3,362,0.008287292817679558
1940,電気局 :: 戸所,主事,5,362,0.013812154696132596
1940,電気局 :: 戸所,所長,2,362,0.0055248618784530384
1940,電気局 :: 戸所,技手,159,362,0.43922651933701656
1940,電気局 :: 戸所,書記,106,362,0.292817679558011
1940,電気局 :: 戸所,雇,87,362,0.24033149171270718
1940,電気局 :: 日本橋区役所,Unknown,7,72,0.09722222222222222
1940,電気局 :: 日本橋区役所,主事,1,72,0.013888888888888888
1940,電気局 :: 日本橋区役所,兼,59,72,0.8194444444444444
1940,電気局 :: 日本橋区役所,技手,2,72,0.027777777777777776
1940,電気局 :: 日本橋区役所,書記,3,72,0.041666666666666664
1940,電気局 :: 目黒営業所,技手,19,28,0.6785714285714286
1940,電気局 :: 目黒営業所,書記,9,28,0.32142857142857145
1940,電気局 :: 研究課,Unknown,2,10,0.2
1940,電気局 :: 研究課,技手,4,10,0.4
1940,電気局 :: 研究課,課長,1,10,0.1
1940,電気局 :: 研究課,雇,3,10,0.3
1940,電気局 :: 神田区役所,Unknown,6,126,0.047619047619047616
1940,電気局 :: 神田区役所,書記,68,126,0.5396825396825397
1940,電気局 :: 神田区役所,雇,49,126,0.3888888888888889
1940,電気局 :: 神田区役所,體力指導員,3,126,0.023809523809523808
1940,電気局 :: 経理課,Unknown,7,78,0.08974358974358974
1940,電気局 :: 経理課,主事,1,78,0.01282051282051282
1940,電気局 :: 経理課,囑託員,1,78,0.01282051282051282
1940,電気局 :: 経理課,技手,22,78,0.28205128205128205
1940,電気局 :: 経理課,書記,29,78,0.3717948717948718
1940,電気局 :: 経理課,雇,18,78,0.23076923076923078
1940,電気局 :: 臨時電源調査課,Unknown,4,18,0.2222222222222222
1940,電気局 :: 臨時電源調査課,技手,5,18,0.2777777777777778
1940,電気局 :: 臨時電源調査課,書記,3,18,0.16666666666666666
1940,電気局 :: 臨時電源調査課,雇,6,18,0.3333333333333333
1940,電気局 :: 芝営業所,主事,1,45,0.022222222222222223
1940,電気局 :: 芝営業所,技手,34,45,0.7555555555555555
1940,電気局 :: 芝営業所,書記,10,45,0.2222222222222222
1940,電気局 :: 試験課,主事,1,12,0.08333333333333333
1940,電気局 :: 試験課,技師,2,12,0.16666666666666666
1940,電気局 :: 試験課,技手,6,12,0.5
1940,電気局 :: 試験課,書記,1,12,0.08333333333333333
1940,電気局 :: 試験課,雇,2,12,0.16666666666666666
1940,電気局 :: 赤坂営業所,所長,1,37,0.02702702702702703
1940,電気局 :: 赤坂営業所,技手,26,37,0.7027027027027027
1940,電気局 :: 赤坂営業所,書記,10,37,0.2702702702702703
1940,電気局 :: 運転課,Unknown,3,69,0.043478260869565216
1940,電気局 :: 運転課,書記,57,69,0.8260869565217391
1940,電気局 :: 運転課,雇,9,69,0.13043478260869565
1940,電気局 :: 配線課,Unknown,6,56,0.10714285714285714
1940,電気局 :: 配線課,技師,1,56,0.017857142857142856
1940,電気局 :: 配線課,技手,12,56,0.21428571428571427
1940,電気局 :: 配線課,書記,9,56,0.16071428571428573
1940,電気局 :: 配線課,課長,1,56,0.017857142857142856
1940,電気局 :: 配線課,雇,27,56,0.48214285714285715
1940,電気局 :: 電力課,Unknown,6,8,0.75
1940,電気局 :: 電力課,技師,1,8,0.125
1940,電気局 :: 電力課,課長,1,8,0.125
1940,電気局 :: 青山営業所,所長,1,43,0.023255813953488372
1940,電気局 :: 青山営業所,技手,12,43,0.27906976744186046
1940,電気局 :: 青山営業所,書記,10,43,0.23255813953488372
1940,電気局 :: 青山営業所,雇,20,43,0.46511627906976744
1940,電気局 :: 麹町区役所,Unknown,7,76,0.09210526315789473
1940,電気局 :: 麹町区役所,兼,31,76,0.40789473684210525
1940,電気局 :: 麹町区役所,技手,1,76,0.013157894736842105
1940,電気局 :: 麹町区役所,雇,36,76,0.47368421052631576
1940,電気局 :: 麹町区役所,體力指導員,1,76,0.013157894736842105
1940,養育院 :: 会計課,Unknown,88,496,0.1774193548387097
1940,養育院 :: 会計課,主事,7,496,0.014112903225806451
1940,養育院 :: 会計課,囑託員,10,496,0.020161290322580645
1940,養育院 :: 会計課,技師,5,496,0.010080645161290322
1940,養育院 :: 会計課,技手,14,496,0.028225806451612902
1940,養育院 :: 会計課,教諭,13,496,0.02620967741935484
1940,養育院 :: 会計課,書記,59,496,0.11895161290322581
1940,養育院 :: 会計課,機關手,9,496,0.018145161290322582
1940,養育院 :: 会計課,看護婦,2,496,0.004032258064516129
1940,養育院 :: 会計課,看護婦長,9,496,0.018145161290322582
1940,養育院 :: 会計課,藥劑員,56,496,0.11290322580645161
1940,養育院 :: 会計課,醫員,170,496,0.34274193548387094
1940,養育院 :: 会計課,雇,54,496,0.10887096774193548
1940,養育院 :: 医務課,Unknown,13,16,0.8125
1940,養育院 :: 医務課,技手,2,16,0.125
1940,養育院 :: 医務課,課長,1,16,0.0625
1940,養育院 :: 商工課,Unknown,9,53,0.16981132075471697
1940,養育院 :: 商工課,技師,1,53,0.018867924528301886
1940,養育院 :: 商工課,技手,14,53,0.2641509433962264
1940,養育院 :: 商工課,書記,13,53,0.24528301886792453
1940,養育院 :: 商工課,雇,16,53,0.3018867924528302
1940,養育院 :: 庶務課,Unknown,3,43,0.06976744186046512
1940,養育院 :: 庶務課,主事,2,43,0.046511627906976744
1940,養育院 :: 庶務課,技手,3,43,0.06976744186046512
1940,養育院 :: 庶務課,書記,18,43,0.4186046511627907
1940,養育院 :: 庶務課,雇,17,43,0.3953488372093023
1940,養育院 :: 療養所,所長,1,1,1
1940,養育院 :: 監護課,Unknown,6,42,0.14285714285714285
1940,養育院 :: 監護課,技手,5,42,0.11904761904761904
1940,養育院 :: 監護課,書記,7,42,0.16666666666666666
1940,養育院 :: 監護課,看護婦長,1,42,0.023809523809523808
1940,養育院 :: 監護課,藥劑員,4,42,0.09523809523809523
1940,養育院 :: 監護課,課長,2,42,0.047619047619047616
1940,養育院 :: 監護課,醫員,11,42,0.2619047619047619
1940,養育院 :: 監護課,雇,6,42,0.14285714285714285
1940,養育院 :: 管理課,Unknown,7,27,0.25925925925925924
1940,養育院 :: 管理課,技手,1,27,0.037037037037037035
1940,養育院 :: 管理課,書記,6,27,0.2222222222222222
1940,養育院 :: 管理課,機關手,1,27,0.037037037037037035
1940,養育院 :: 管理課,雇,12,27,0.4444444444444444
1940,養育院 :: 貿易課,Unknown,15,37,0.40540540540540543
1940,養育院 :: 貿易課,主事,1,37,0.02702702702702703
1940,養育院 :: 貿易課,所長,11,37,0.2972972972972973
1940,養育院 :: 貿易課,書記,1,37,0.02702702702702703
1940,養育院 :: 貿易課,雇,9,37,0.24324324324324326
1940,養育院 :: 農漁課,Unknown,3,34,0.08823529411764706
1940,養育院 :: 農漁課,主事,1,34,0.029411764705882353
1940,養育院 :: 農漁課,技師,1,34,0.029411764705882353
1940,養育院 :: 農漁課,技手,9,34,0.2647058823529412
1940,養育院 :: 農漁課,書記,5,34,0.14705882352941177
1940,養育院 :: 農漁課,雇,15,34,0.4411764705882353
1940,養育院 :: 配給課,Unknown,2,38,0.05263157894736842
1940,養育院 :: 配給課,囑託員,3,38,0.07894736842105263
1940,養育院 :: 配給課,技手,21,38,0.5526315789473685
1940,養育院 :: 配給課,書記,6,38,0.15789473684210525
1940,養育院 :: 配給課,雇,6,38,0.15789473684210525
1940,養育院 :: 金融課,Unknown,3,18,0.16666666666666666
1940,養育院 :: 金融課,書記,12,18,0.6666666666666666
1940,養育院 :: 金融課,雇,3,18,0.16666666666666666
1941,厚生局 :: 世田谷授産場,兼,26,26,1
1941,厚生局 :: 会計課,Unknown,3,33,0.09090909090909091
1941,厚生局 :: 会計課,主事,3,33,0.09090909090909091
1941,厚生局 :: 会計課,技手,3,33,0.09090909090909091
1941,厚生局 :: 会計課,教諭,10,33,0.30303030303030304
1941,厚生局 :: 会計課,書記,9,33,0.2727272727272727
1941,厚生局 :: 会計課,醫員,3,33,0.09090909090909091
1941,厚生局 :: 会計課,雇,2,33,0.06060606060606061
1941,厚生局 :: 作業課,Unknown,2,128,0.015625
1941,厚生局 :: 作業課,技手,6,128,0.046875
1941,厚生局 :: 作業課,書記,18,128,0.140625
1941,厚生局 :: 作業課,機關手,12,128,0.09375
1941,厚生局 :: 作業課,清掃監督,4,128,0.03125
1941,厚生局 :: 作業課,監視,76,128,0.59375
1941,厚生局 :: 作業課,船長,9,128,0.0703125
1941,厚生局 :: 作業課,課長,1,128,0.0078125
1941,厚生局 :: 医務課,Unknown,18,153,0.11764705882352941
1941,厚生局 :: 医務課,主事,1,153,0.006535947712418301
1941,厚生局 :: 医務課,兼,13,153,0.08496732026143791
1941,厚生局 :: 医務課,囑託員,9,153,0.058823529411764705
1941,厚生局 :: 医務課,技師,1,153,0.006535947712418301
1941,厚生局 :: 医務課,技手,4,153,0.026143790849673203
1941,厚生局 :: 医務課,書記,6,153,0.0392156862745098
1941,厚生局 :: 医務課,機關手,1,153,0.006535947712418301
1941,厚生局 :: 医務課,看護婦,3,153,0.0196078431372549
1941,厚生局 :: 医務課,看護婦長,3,153,0.0196078431372549
1941,厚生局 :: 医務課,藥劑員,19,153,0.12418300653594772
1941,厚生局 :: 医務課,課長,2,153,0.013071895424836602
1941,厚生局 :: 医務課,醫員,66,153,0.43137254901960786
1941,厚生局 :: 医務課,雇,7,153,0.0457516339869281
1941,厚生局 :: 古石場,Unknown,11,230,0.04782608695652174
1941,厚生局 :: 古石場,主事,1,230,0.004347826086956522
1941,厚生局 :: 古石場,兼,20,230,0.08695652173913043
1941,厚生局 :: 古石場,囑託員,1,230,0.004347826086956522
1941,厚生局 :: 古石場,技師,1,230,0.004347826086956522
1941,厚生局 :: 古石場,技手,186,230,0.808695652173913
1941,厚生局 :: 古石場,書記,6,230,0.02608695652173913
1941,厚生局 :: 古石場,社會書記,4,230,0.017391304347826087
1941,厚生局 :: 庶務課,Unknown,2,24,0.08333333333333333
1941,厚生局 :: 庶務課,技手,6,24,0.25
1941,厚生局 :: 庶務課,書記,9,24,0.375
1941,厚生局 :: 庶務課,雇,7,24,0.2916666666666667
1941,厚生局 :: 所,Unknown,11,342,0.03216374269005848
1941,厚生局 :: 所,主事,1,342,0.0029239766081871343
1941,厚生局 :: 所,兼,37,342,0.10818713450292397
1941,厚生局 :: 所,囑託員,17,342,0.049707602339181284
1941,厚生局 :: 所,技師,1,342,0.0029239766081871343
1941,厚生局 :: 所,技手,30,342,0.08771929824561403
1941,厚生局 :: 所,書記,66,342,0.19298245614035087
1941,厚生局 :: 所,藥劑員,19,342,0.05555555555555555
1941,厚生局 :: 所,醫員,82,342,0.23976608187134502
1941,厚生局 :: 所,雇,78,342,0.22807017543859648
1941,厚生局 :: 明石町内職協同作業所,Unknown,4,4,1
1941,厚生局 :: 月住宅管理所,兼,25,25,1
1941,厚生局 :: 生局児童課,Unknown,3,23,0.13043478260869565
1941,厚生局 :: 生局児童課,技師,1,23,0.043478260869565216
1941,厚生局 :: 生局児童課,技手,1,23,0.043478260869565216
1941,厚生局 :: 生局児童課,書記,3,23,0.13043478260869565
1941,厚生局 :: 生局児童課,機關手,6,23,0.2608695652173913
1941,厚生局 :: 生局児童課,藥劑員,2,23,0.08695652173913043
1941,厚生局 :: 生局児童課,醫員,3,23,0.13043478260869565
1941,厚生局 :: 生局児童課,雇,4,23,0.17391304347826086
1941,厚生局 :: 監理課,Unknown,3,48,0.0625
1941,厚生局 :: 監理課,書記,13,48,0.2708333333333333
1941,厚生局 :: 監理課,清掃監督,2,48,0.041666666666666664
1941,厚生局 :: 監理課,監視,30,48,0.625
1941,厚生局 :: 監護課,Unknown,1,14,0.07142857142857142
1941,厚生局 :: 監護課,書記,8,14,0.5714285714285714
1941,厚生局 :: 監護課,課長,1,14,0.07142857142857142
1941,厚生局 :: 監護課,雇,4,14,0.2857142857142857
1941,厚生局 :: 管理課,Unknown,2,23,0.08695652173913043
1941,厚生局 :: 管理課,技手,12,23,0.5217391304347826
1941,厚生局 :: 管理課,書記,9,23,0.391304347826087
1941,厚生局 :: 計画課,Unknown,107,963,0.1111111111111111
1941,厚生局 :: 計画課,主事,14,963,0.014537902388369679
1941,厚生局 :: 計画課,所長,6,963,0.006230529595015576
1941,厚生局 :: 計画課,技師,9,963,0.009345794392523364
1941,厚生局 :: 計画課,技手,18,963,0.018691588785046728
1941,厚生局 :: 計画課,書記,91,963,0.09449636552440291
1941,厚生局 :: 計画課,機關手,10,963,0.010384215991692628
1941,厚生局 :: 計画課,清掃監督,34,963,0.035306334371754934
1941,厚生局 :: 計画課,監視,261,963,0.27102803738317754
1941,厚生局 :: 計画課,看護婦長,14,963,0.014537902388369679
1941,厚生局 :: 計画課,藥劑員,42,963,0.04361370716510903
1941,厚生局 :: 計画課,醫員,107,963,0.1111111111111111
1941,厚生局 :: 計画課,雇,250,963,0.25960539979231567
1941,土木局 :: C橋梁課,Unknown,3,36,0.08333333333333333
1941,土木局 :: C橋梁課,書記,32,36,0.8888888888888888
1941,土木局 :: C橋梁課,課長,1,36,0.027777777777777776
1941,土木局 :: C道路建設課,Unknown,8,124,0.06451612903225806
1941,土木局 :: C道路建設課,技手,109,124,0.8790322580645161
1941,土木局 :: C道路建設課,書記,6,124,0.04838709677419355
1941,土木局 :: C道路建設課,課長,1,124,0.008064516129032258
1941,土木局 :: 庶務課,Unknown,5,65,0.07692307692307693
1941,土木局 :: 庶務課,技手,31,65,0.47692307692307695
1941,土木局 :: 庶務課,書記,28,65,0.4307692307692308
1941,土木局 :: 庶務課,課長,1,65,0.015384615384615385
1941,土木局 :: 河川課,Unknown,5,58,0.08620689655172414
1941,土木局 :: 河川課,技手,5,58,0.08620689655172414
1941,土木局 :: 河川課,書記,5,58,0.08620689655172414
1941,土木局 :: 河川課,機關手,14,58,0.2413793103448276
1941,土木局 :: 河川課,監視,6,58,0.10344827586206896
1941,土木局 :: 河川課,船長,12,58,0.20689655172413793
1941,土木局 :: 河川課,雇,11,58,0.1896551724137931
1941,土木局 :: 治水工事課,Unknown,16,448,0.03571428571428571
1941,土木局 :: 治水工事課,所長,5,448,0.011160714285714286
1941,土木局 :: 治水工事課,技師,21,448,0.046875
1941,土木局 :: 治水工事課,技手,166,448,0.3705357142857143
1941,土木局 :: 治水工事課,書記,47,448,0.10491071428571429
1941,土木局 :: 治水工事課,課長,1,448,0.002232142857142857
1941,土木局 :: 治水工事課,雇,192,448,0.42857142857142855
1941,土木局 :: 道路管理課,Unknown,9,123,0.07317073170731707
1941,土木局 :: 道路管理課,主事,1,123,0.008130081300813009
1941,土木局 :: 道路管理課,技手,45,123,0.36585365853658536
1941,土木局 :: 道路管理課,書記,20,123,0.16260162601626016
1941,土木局 :: 道路管理課,機關手,1,123,0.008130081300813009
1941,土木局 :: 道路管理課,監視,11,123,0.08943089430894309
1941,土木局 :: 道路管理課,課長,1,123,0.008130081300813009
1941,土木局 :: 道路管理課,雇,35,123,0.2845528455284553
1941,市民局 :: 体力課,Unknown,5,30,0.16666666666666666
1941,市民局 :: 体力課,囑託員,1,30,0.03333333333333333
1941,市民局 :: 体力課,書記,11,30,0.36666666666666664
1941,市民局 :: 体力課,講師,1,30,0.03333333333333333
1941,市民局 :: 体力課,雇,11,30,0.36666666666666664
1941,市民局 :: 体力課,體力指導員,1,30,0.03333333333333333
1941,市民局 :: 公園課,Unknown,1,1,1
1941,市民局 :: 区政課,Unknown,4,37,0.10810810810810811
1941,市民局 :: 区政課,書記,18,37,0.4864864864864865
1941,市民局 :: 区政課,課長,1,37,0.02702702702702703
1941,市民局 :: 区政課,雇,14,37,0.3783783783783784
1941,市民局 :: 庶務課,Unknown,3,28,0.10714285714285714
1941,市民局 :: 庶務課,書記,12,28,0.42857142857142855
1941,市民局 :: 庶務課,雇,13,28,0.4642857142857143
1941,市民局 :: 町会課,Unknown,4,25,0.16
1941,市民局 :: 町会課,囑託員,1,25,0.04
1941,市民局 :: 町会課,書記,9,25,0.36
1941,市民局 :: 町会課,課長,1,25,0.04
1941,市民局 :: 町会課,雇,10,25,0.4
1941,市民局 :: 第一課,Unknown,2,15,0.13333333333333333
1941,市民局 :: 第一課,書記,12,15,0.8
1941,市民局 :: 第一課,課長,1,15,0.06666666666666667
1941,市民局 :: 第二課,Unknown,4,13,0.3076923076923077
1941,市民局 :: 第二課,書記,4,13,0.3076923076923077
1941,市民局 :: 第二課,雇,5,13,0.38461538461538464
1941,府会事務局 :: の部資材統制課,兼,2,2,1
1941,府会事務局 :: ラバヤ出張所,所長,1,1,1
1941,府会事務局 :: 一分室,書記,15,27,0.5555555555555556
1941,府会事務局 :: 一分室,雇,12,27,0.4444444444444444
1941,府会事務局 :: 三ツ木診療所,醫員,2,2,1
1941,府会事務局 :: 三宅島出張所,兼,25,64,0.390625
1941,府会事務局 :: 三宅島出張所,土木雇,4,64,0.0625
1941,府会事務局 :: 三宅島出張所,屬,1,64,0.015625
1941,府会事務局 :: 三宅島出張所,所長,1,64,0.015625
1941,府会事務局 :: 三宅島出張所,技手,4,64,0.0625
1941,府会事務局 :: 三宅島出張所,産業技手,4,64,0.0625
1941,府会事務局 :: 三宅島出張所,農林技手,7,64,0.109375
1941,府会事務局 :: 三宅島出張所,雇,18,64,0.28125
1941,府会事務局 :: 三河島共同住宅管理事務所,書記,1,1,1
1941,府会事務局 :: 三河島診療所,醫員,3,3,1
1941,府会事務局 :: 上野出張所,職業主事補,10,12,0.8333333333333334
1941,府会事務局 :: 上野出張所,雇,2,12,0.16666666666666666
1941,府会事務局 :: 上野税務出張所,所長,1,47,0.02127659574468085
1941,府会事務局 :: 上野税務出張所,書記,36,47,0.7659574468085106
1941,府会事務局 :: 上野税務出張所,雇,10,47,0.2127659574468085
1941,府会事務局 :: 世田谷出張所,所長,1,1,1
1941,府会事務局 :: 事務所,所長,2,2,1
1941,府会事務局 :: 事務所荒木田出張所,書記,1,1,1
1941,府会事務局 :: 二四三第二会議室,Unknown,1,1,1
1941,府会事務局 :: 二西巣鴨診療所,保健婦,10,14,0.7142857142857143
1941,府会事務局 :: 二西巣鴨診療所,雇,4,14,0.2857142857142857
1941,府会事務局 :: 五反田出張所,所長,2,14,0.14285714285714285
1941,府会事務局 :: 五反田出張所,職業主事補,8,14,0.5714285714285714
1941,府会事務局 :: 五反田出張所,雇,4,14,0.2857142857142857
1941,府会事務局 :: 京済運河建設事務所,兼,1,34,0.029411764705882353
1941,府会事務局 :: 京済運河建設事務所,土木雇,24,34,0.7058823529411765
1941,府会事務局 :: 京済運河建設事務所,書記,8,34,0.23529411764705882
1941,府会事務局 :: 京済運河建設事務所,運轉技手補,1,34,0.029411764705882353
1941,府会事務局 :: 人事課,土木雇,2,27,0.07407407407407407
1941,府会事務局 :: 人事課,屬,4,27,0.14814814814814814
1941,府会事務局 :: 人事課,書記,9,27,0.3333333333333333
1941,府会事務局 :: 人事課,職業主事補,1,27,0.037037037037037035
1941,府会事務局 :: 人事課,部長,1,27,0.037037037037037035
1941,府会事務局 :: 人事課,雇,10,27,0.37037037037037035
1941,府会事務局 :: 代用品相談所,商工主事補,5,5,1
1941,府会事務局 :: 会計課,Unknown,4,99,0.04040404040404041
1941,府会事務局 :: 会計課,地方農林技師,1,99,0.010101010101010102
1941,府会事務局 :: 会計課,屬,14,99,0.1414141414141414
1941,府会事務局 :: 会計課,巡視,11,99,0.1111111111111111
1941,府会事務局 :: 会計課,書記,36,99,0.36363636363636365
1941,府会事務局 :: 会計課,運轉技手補,13,99,0.13131313131313133
1941,府会事務局 :: 会計課,雇,20,99,0.20202020202020202
1941,府会事務局 :: 佐室,兼,133,1301,0.10222905457340507
1941,府会事務局 :: 佐室,教諭,853,1301,0.6556495003843198
1941,府会事務局 :: 佐室,書記,295,1301,0.22674865488086088
1941,府会事務局 :: 佐室,講師,19,1301,0.014604150653343582
1941,府会事務局 :: 佐室,雇,1,1301,7.686395080707148e-4
1941,府会事務局 :: 体育課社寺兵事課,屬,5,14,0.35714285714285715
1941,府会事務局 :: 体育課社寺兵事課,書記,9,14,0.6428571428571429
1941,府会事務局 :: 傷痍軍人職業補導所,書記,1,1,1
1941,府会事務局 :: 八王子土木出張所,兼,12,43,0.27906976744186046
1941,府会事務局 :: 八王子土木出張所,土木雇,18,43,0.4186046511627907
1941,府会事務局 :: 八王子土木出張所,屬,9,43,0.20930232558139536
1941,府会事務局 :: 八王子土木出張所,所長,1,43,0.023255813953488372
1941,府会事務局 :: 八王子土木出張所,書記,3,43,0.06976744186046512
1941,府会事務局 :: 八王子市役所,區長,25,80,0.3125
1941,府会事務局 :: 八王子市役所,臨時,55,80,0.6875
1941,府会事務局 :: 八王子支所,兼,3,6,0.5
1941,府会事務局 :: 八王子支所,産業技手,3,6,0.5
1941,府会事務局 :: 八王子職業紹介所,職業主事補,9,9,1
1941,府会事務局 :: 六郷出張所,所長,1,9,0.1111111111111111
1941,府会事務局 :: 六郷出張所,職業主事補,5,9,0.5555555555555556
1941,府会事務局 :: 六郷出張所,雇,3,9,0.3333333333333333
1941,府会事務局 :: 出張所,商工主事補,2,39,0.05128205128205128
1941,府会事務局 :: 出張所,屬,1,39,0.02564102564102564
1941,府会事務局 :: 出張所,所長,1,39,0.02564102564102564
1941,府会事務局 :: 出張所,産業技手,33,39,0.8461538461538461
1941,府会事務局 :: 出張所,農林技手,2,39,0.05128205128205128
1941,府会事務局 :: 北多府中番場,地方技師,1,21,0.047619047619047616
1941,府会事務局 :: 北多府中番場,屬,4,21,0.19047619047619047
1941,府会事務局 :: 北多府中番場,技手,3,21,0.14285714285714285
1941,府会事務局 :: 北多府中番場,農林主事補,1,21,0.047619047619047616
1941,府会事務局 :: 北多府中番場,農林技手,11,21,0.5238095238095238
1941,府会事務局 :: 北多府中番場,雇,1,21,0.047619047619047616
1941,府会事務局 :: 北多摩方面事務所,屬,8,9,0.8888888888888888
1941,府会事務局 :: 北多摩方面事務所,所長,1,9,0.1111111111111111
1941,府会事務局 :: 北多摩税務出張所,所長,1,5,0.2
1941,府会事務局 :: 北多摩税務出張所,書記,4,5,0.8
1941,府会事務局 :: 北室,兼,101,427,0.23653395784543327
1941,府会事務局 :: 北室,教諭,136,427,0.3185011709601874
1941,府会事務局 :: 北室,書記,189,427,0.4426229508196721
1941,府会事務局 :: 北室,看護婦,1,427,0.00234192037470726
1941,府会事務局 :: 千住出張所,所長,1,6,0.16666666666666666
1941,府会事務局 :: 千住出張所,職業主事補,5,6,0.8333333333333334
1941,府会事務局 :: 南多摩方面事務所,所長,1,1,1
1941,府会事務局 :: 南多摩税務出張所,所長,1,9,0.1111111111111111
1941,府会事務局 :: 南多摩税務出張所,書記,8,9,0.8888888888888888
1941,府会事務局 :: 南葛飾税務出張所,Unknown,2,37,0.05405405405405406
1941,府会事務局 :: 南葛飾税務出張所,屬,1,37,0.02702702702702703
1941,府会事務局 :: 南葛飾税務出張所,所長,1,37,0.02702702702702703
1941,府会事務局 :: 南葛飾税務出張所,書記,33,37,0.8918918918918919
1941,府会事務局 :: 南足立税務出張所,所長,1,29,0.034482758620689655
1941,府会事務局 :: 南足立税務出張所,書記,26,29,0.896551724137931
1941,府会事務局 :: 南足立税務出張所,雇,2,29,0.06896551724137931
1941,府会事務局 :: 吉野養魚場,産業技手補,6,14,0.42857142857142855
1941,府会事務局 :: 吉野養魚場,農林技手,8,14,0.5714285714285714
1941,府会事務局 :: 向島診療所,看護員,1,3,0.3333333333333333
1941,府会事務局 :: 向島診療所,醫員,2,3,0.6666666666666666
1941,府会事務局 :: 吾婿分所,職業主事補,10,10,1
1941,府会事務局 :: 品川診療所,醫員,2,2,1
1941,府会事務局 :: 商務課,商工主事補,24,67,0.3582089552238806
1941,府会事務局 :: 商務課,商工技手,1,67,0.014925373134328358
1941,府会事務局 :: 商務課,地方事務官,1,67,0.014925373134328358
1941,府会事務局 :: 商務課,屬,12,67,0.1791044776119403
1941,府会事務局 :: 商務課,書記,11,67,0.16417910447761194
1941,府会事務局 :: 商務課,雇,18,67,0.26865671641791045
1941,府会事務局 :: 商江会議所,商工主事補,6,6,1
1941,府会事務局 :: 営繕課,屬,1,67,0.014925373134328358
1941,府会事務局 :: 営繕課,技手,15,67,0.22388059701492538
1941,府会事務局 :: 営繕課,書記,51,67,0.7611940298507462
1941,府会事務局 :: 国民精神文化講習所,Unknown,1,7,0.14285714285714285
1941,府会事務局 :: 国民精神文化講習所,屬,4,7,0.5714285714285714
1941,府会事務局 :: 国民精神文化講習所,書記,2,7,0.2857142857142857
1941,府会事務局 :: 地方課,地方事務官,4,47,0.0851063829787234
1941,府会事務局 :: 地方課,書記,33,47,0.7021276595744681
1941,府会事務局 :: 地方課,雇,10,47,0.2127659574468085
1941,府会事務局 :: 城所,主事,2,342,0.005847953216374269
1941,府会事務局 :: 城所,兼,19,342,0.05555555555555555
1941,府会事務局 :: 城所,商工主事補,56,342,0.16374269005847952
1941,府会事務局 :: 城所,土木雇,2,342,0.005847953216374269
1941,府会事務局 :: 城所,地方事務官,11,342,0.03216374269005848
1941,府会事務局 :: 城所,地方技師,24,342,0.07017543859649122
1941,府会事務局 :: 城所,地方農林主事,144,342,0.42105263157894735
1941,府会事務局 :: 城所,地方農林技師,3,342,0.008771929824561403
1941,府会事務局 :: 城所,屬,67,342,0.195906432748538
1941,府会事務局 :: 城所,所長,2,342,0.005847953216374269
1941,府会事務局 :: 城所,書記,9,342,0.02631578947368421
1941,府会事務局 :: 城所,農林技手,1,342,0.0029239766081871343
1941,府会事務局 :: 城所,雇,2,342,0.005847953216374269
1941,府会事務局 :: 場,土木雇,3,3,1
1941,府会事務局 :: 多磨砂利採取工場,土木雇,3,3,1
1941,府会事務局 :: 大井分所,所長,1,6,0.16666666666666666
1941,府会事務局 :: 大井分所,職業主事補,5,6,0.8333333333333334
1941,府会事務局 :: 大井診療所,Unknown,5,9,0.5555555555555556
1941,府会事務局 :: 大井診療所,看護員,2,9,0.2222222222222222
1941,府会事務局 :: 大井診療所,醫員,2,9,0.2222222222222222
1941,府会事務局 :: 大島分場,巡視,26,69,0.37681159420289856
1941,府会事務局 :: 大島分場,書記,6,69,0.08695652173913043
1941,府会事務局 :: 大島分場,次長,1,69,0.014492753623188406
1941,府会事務局 :: 大島分場,産業技手補,4,69,0.057971014492753624
1941,府会事務局 :: 大島分場,農林主事補,1,69,0.014492753623188406
1941,府会事務局 :: 大島分場,農林技手,7,69,0.10144927536231885
1941,府会事務局 :: 大島分場,運轉技手補,24,69,0.34782608695652173
1941,府会事務局 :: 大島分所,所長,1,19,0.05263157894736842
1941,府会事務局 :: 大島分所,職業主事補,15,19,0.7894736842105263
1941,府会事務局 :: 大島分所,雇,3,19,0.15789473684210525
1941,府会事務局 :: 大島診療所,看護員,5,9,0.5555555555555556
1941,府会事務局 :: 大島診療所,醫員,4,9,0.4444444444444444
1941,府会事務局 :: 大崎診療所,看護員,1,3,0.3333333333333333
1941,府会事務局 :: 大崎診療所,醫員,2,3,0.6666666666666666
1941,府会事務局 :: 大緑地建設事務所,兼,24,57,0.42105263157894735
1941,府会事務局 :: 大緑地建設事務所,土木雇,21,57,0.3684210526315789
1941,府会事務局 :: 大緑地建設事務所,所長,7,57,0.12280701754385964
1941,府会事務局 :: 大緑地建設事務所,書記,5,57,0.08771929824561403
1941,府会事務局 :: 奥多摩支場,産業技手,11,16,0.6875
1941,府会事務局 :: 奥多摩支場,産業技手補,2,16,0.125
1941,府会事務局 :: 奥多摩支場,農林技手,3,16,0.1875
1941,府会事務局 :: 官幣大社明治神宮外苑管理署,看護婦,14,14,1
1941,府会事務局 :: 家具王養成所,Unknown,3,27,0.1111111111111111
1941,府会事務局 :: 家具王養成所,主事,1,27,0.037037037037037035
1941,府会事務局 :: 家具王養成所,所長,1,27,0.037037037037037035
1941,府会事務局 :: 家具王養成所,書記,13,27,0.48148148148148145
1941,府会事務局 :: 家具王養成所,講師,3,27,0.1111111111111111
1941,府会事務局 :: 家具王養成所,醫員,6,27,0.2222222222222222
1941,府会事務局 :: 小室,兼,3,29,0.10344827586206896
1941,府会事務局 :: 小室,土木雇,8,29,0.27586206896551724
1941,府会事務局 :: 小室,書記,18,29,0.6206896551724138
1941,府会事務局 :: 小松川方面雲務所,技手,9,9,1
1941,府会事務局 :: 小笠原試育所,産業技手,1,3,0.3333333333333333
1941,府会事務局 :: 小笠原試育所,産業技手補,2,3,0.6666666666666666
1941,府会事務局 :: 島嶼物産販売斡旋所,農林主事補,1,1,1
1941,府会事務局 :: 工務課,商工主事補,12,21,0.5714285714285714
1941,府会事務局 :: 工務課,雇,9,21,0.42857142857142855
1941,府会事務局 :: 幹部機械工養成所,兼,116,281,0.4128113879003559
1941,府会事務局 :: 幹部機械工養成所,所長,1,281,0.0035587188612099642
1941,府会事務局 :: 幹部機械工養成所,教諭,29,281,0.10320284697508897
1941,府会事務局 :: 幹部機械工養成所,書記,44,281,0.15658362989323843
1941,府会事務局 :: 幹部機械工養成所,機關手,15,281,0.05338078291814947
1941,府会事務局 :: 幹部機械工養成所,講師,64,281,0.2277580071174377
1941,府会事務局 :: 幹部機械工養成所,雇,12,281,0.042704626334519574
1941,府会事務局 :: 府中土木出張所,屬,8,8,1
1941,府会事務局 :: 府立八王子性病豫防所,保健婦,1,2,0.5
1941,府会事務局 :: 府立八王子性病豫防所,所長,1,2,0.5
1941,府会事務局 :: 府立北多摩保健所,保健婦,6,27,0.2222222222222222
1941,府会事務局 :: 府立北多摩保健所,商工主事補,3,27,0.1111111111111111
1941,府会事務局 :: 府立北多摩保健所,商工技手,13,27,0.48148148148148145
1941,府会事務局 :: 府立北多摩保健所,所長,5,27,0.18518518518518517
1941,府会事務局 :: 府立協同組合講習所,地方事務官,1,9,0.1111111111111111
1941,府会事務局 :: 府立協同組合講習所,地方農林主事,4,9,0.4444444444444444
1941,府会事務局 :: 府立協同組合講習所,講師,4,9,0.4444444444444444
1941,府会事務局 :: 府立府中性病豫防所,所長,1,1,1
1941,府会事務局 :: 府立恩方診療所,所長,1,2,0.5
1941,府会事務局 :: 府立恩方診療所,看護員,1,2,0.5
1941,府会事務局 :: 府立板橋健康相談所,保健婦,3,5,0.6
1941,府会事務局 :: 府立板橋健康相談所,所長,2,5,0.4
1941,府会事務局 :: 府立板橋性病豫防所,保健婦,1,2,0.5
1941,府会事務局 :: 府立板橋性病豫防所,所長,1,2,0.5
1941,府会事務局 :: 府立染織試験場,商工主事補,1,12,0.08333333333333333
1941,府会事務局 :: 府立染織試験場,商工技手,9,12,0.75
1941,府会事務局 :: 府立染織試験場,雇,2,12,0.16666666666666666
1941,府会事務局 :: 府立機械工養成所,兼,4,23,0.17391304347826086
1941,府会事務局 :: 府立機械工養成所,商工主事補,1,23,0.043478260869565216
1941,府会事務局 :: 府立機械工養成所,商工技手,3,23,0.13043478260869565
1941,府会事務局 :: 府立機械工養成所,雇,15,23,0.6521739130434783
1941,府会事務局 :: 府立淀橋健康相談所,兼,8,15,0.5333333333333333
1941,府会事務局 :: 府立淀橋健康相談所,園長,4,15,0.26666666666666666
1941,府会事務局 :: 府立淀橋健康相談所,所長,3,15,0.2
1941,府会事務局 :: 府立立川健康相談所,所長,7,7,1
1941,府会事務局 :: 府立立川性病豫防所,保健婦,1,27,0.037037037037037035
1941,府会事務局 :: 府立立川性病豫防所,兼,24,27,0.8888888888888888
1941,府会事務局 :: 府立立川性病豫防所,書記,2,27,0.07407407407407407
1941,府会事務局 :: 府立西多摩保健所,保健婦,5,21,0.23809523809523808
1941,府会事務局 :: 府立西多摩保健所,所長,16,21,0.7619047619047619
1941,府会事務局 :: 府立農事試験場,地方農林技師,1,28,0.03571428571428571
1941,府会事務局 :: 府立農事試験場,産業技手補,9,28,0.32142857142857145
1941,府会事務局 :: 府立農事試験場,農林主事補,3,28,0.10714285714285714
1941,府会事務局 :: 府立農事試験場,農林技手,15,28,0.5357142857142857
1941,府会事務局 :: 府立農会技術員養成所,産業技手補,1,2,0.5
1941,府会事務局 :: 府立農会技術員養成所,農林技手,1,2,0.5
1941,府会事務局 :: 府立青年学校教員養成所,兼,10,13,0.7692307692307693
1941,府会事務局 :: 府立青年学校教員養成所,所長,1,13,0.07692307692307693
1941,府会事務局 :: 府立青年学校教員養成所,教諭,2,13,0.15384615384615385
1941,府会事務局 :: 府立青梅性病豫防所,所長,1,1,1
1941,府会事務局 :: 庶務課,屬,7,36,0.19444444444444445
1941,府会事務局 :: 庶務課,書記,23,36,0.6388888888888888
1941,府会事務局 :: 庶務課,雇,6,36,0.16666666666666666
1941,府会事務局 :: 所,Unknown,59,544,0.10845588235294118
1941,府会事務局 :: 所,保健婦,5,544,0.009191176470588236
1941,府会事務局 :: 所,兼,55,544,0.10110294117647059
1941,府会事務局 :: 所,商工主事補,7,544,0.012867647058823529
1941,府会事務局 :: 所,商工技手,7,544,0.012867647058823529
1941,府会事務局 :: 所,園長,12,544,0.022058823529411766
1941,府会事務局 :: 所,地方農林主事,3,544,0.0055147058823529415
1941,府会事務局 :: 所,巡視,132,544,0.2426470588235294
1941,府会事務局 :: 所,所長,10,544,0.01838235294117647
1941,府会事務局 :: 所,技手,1,544,0.001838235294117647
1941,府会事務局 :: 所,教諭,122,544,0.22426470588235295
1941,府会事務局 :: 所,書記,77,544,0.14154411764705882
1941,府会事務局 :: 所,看護婦,45,544,0.08272058823529412
1941,府会事務局 :: 所,職業主事補,7,544,0.012867647058823529
1941,府会事務局 :: 所,雇,2,544,0.003676470588235294
1941,府会事務局 :: 拓務訓練所,所長,3,3,1
1941,府会事務局 :: 拓務訓練所大緑地建設事務所,土木雇,12,12,1
1941,府会事務局 :: 教員養成所,雇,8,8,1
1941,府会事務局 :: 整地課,Unknown,2,78,0.02564102564102564
1941,府会事務局 :: 整地課,兼,11,78,0.14102564102564102
1941,府会事務局 :: 整地課,商工技手,15,78,0.19230769230769232
1941,府会事務局 :: 整地課,地方農林主事,1,78,0.01282051282051282
1941,府会事務局 :: 整地課,技手,15,78,0.19230769230769232
1941,府会事務局 :: 整地課,産業技手補,10,78,0.1282051282051282
1941,府会事務局 :: 整地課,講師,6,78,0.07692307692307693
1941,府会事務局 :: 整地課,農林主事補,1,78,0.01282051282051282
1941,府会事務局 :: 整地課,農林技手,2,78,0.02564102564102564
1941,府会事務局 :: 整地課,雇,15,78,0.19230769230769232
1941,府会事務局 :: 木場,地方事務官,1,48,0.020833333333333332
1941,府会事務局 :: 木場,地方技師,3,48,0.0625
1941,府会事務局 :: 木場,屬,44,48,0.9166666666666666
1941,府会事務局 :: 杉並分所,職業主事補,16,16,1
1941,府会事務局 :: 杉並診療所,醫員,4,4,1
1941,府会事務局 :: 東京労働紹介所,所長,2,79,0.02531645569620253
1941,府会事務局 :: 東京労働紹介所,職業主事補,47,79,0.5949367088607594
1941,府会事務局 :: 東京労働紹介所,雇,30,79,0.379746835443038
1941,府会事務局 :: 東京市役所,區長,21,30,0.7
1941,府会事務局 :: 東京市役所,局長,4,30,0.13333333333333333
1941,府会事務局 :: 東京市役所,技手,5,30,0.16666666666666666
1941,府会事務局 :: 東京職業紹介所,所長,4,299,0.013377926421404682
1941,府会事務局 :: 東京職業紹介所,職業主事補,295,299,0.9866220735785953
1941,府会事務局 :: 板橋分所,所長,1,9,0.1111111111111111
1941,府会事務局 :: 板橋分所,職業主事補,8,9,0.8888888888888888
1941,府会事務局 :: 染織試験場,産業技手補,1,1,1
1941,府会事務局 :: 業取締所繭検定所,所長,2,2,1
1941,府会事務局 :: 業試験場,産業技手補,2,2,1
1941,府会事務局 :: 橋梁課,土木雇,16,16,1
1941,府会事務局 :: 水産試験場,場長,1,21,0.047619047619047616
1941,府会事務局 :: 水産試験場,農林主事補,1,21,0.047619047619047616
1941,府会事務局 :: 水産試験場,農林技手,2,21,0.09523809523809523
1941,府会事務局 :: 水産試験場,雇,17,21,0.8095238095238095
1941,府会事務局 :: 河港課,Unknown,1,94,0.010638297872340425
1941,府会事務局 :: 河港課,兼,25,94,0.26595744680851063
1941,府会事務局 :: 河港課,土木雇,18,94,0.19148936170212766
1941,府会事務局 :: 河港課,地方事務官,14,94,0.14893617021276595
1941,府会事務局 :: 河港課,地方技師,1,94,0.010638297872340425
1941,府会事務局 :: 河港課,屬,5,94,0.05319148936170213
1941,府会事務局 :: 河港課,技手,2,94,0.02127659574468085
1941,府会事務局 :: 河港課,書記,28,94,0.2978723404255319
1941,府会事務局 :: 淀橋出張所,所長,1,8,0.125
1941,府会事務局 :: 淀橋出張所,職業主事補,5,8,0.625
1941,府会事務局 :: 淀橋出張所,雇,2,8,0.25
1941,府会事務局 :: 淀橋診療所,看護員,2,4,0.5
1941,府会事務局 :: 淀橋診療所,醫員,2,4,0.5
1941,府会事務局 :: 深川出張所,職業主事補,7,7,1
1941,府会事務局 :: 済生会三河島診療所,書記,4,12,0.3333333333333333
1941,府会事務局 :: 済生会三河島診療所,看護員,2,12,0.16666666666666666
1941,府会事務局 :: 済生会三河島診療所,雇,6,12,0.5
1941,府会事務局 :: 済部資材統制課,地方技師,13,13,1
1941,府会事務局 :: 済部農林課,地方農林技師,4,10,0.4
1941,府会事務局 :: 済部農林課,所長,6,10,0.6
1941,府会事務局 :: 瀝青乳劑製造工場,土木雇,16,17,0.9411764705882353
1941,府会事務局 :: 瀝青乳劑製造工場,屬,1,17,0.058823529411764705
1941,府会事務局 :: 熊川砂利採取工場,土木雇,4,4,1
1941,府会事務局 :: 物價統制課,兼,2,10,0.2
1941,府会事務局 :: 物價統制課,商工主事補,7,10,0.7
1941,府会事務局 :: 物價統制課,屬,1,10,0.1
1941,府会事務局 :: 玉川診療所,看護員,1,2,0.5
1941,府会事務局 :: 玉川診療所,醫員,1,2,0.5
1941,府会事務局 :: 王子出張所,所長,4,4,1
1941,府会事務局 :: 王子診療所,看護員,1,1,1
1941,府会事務局 :: 産業組合課,商工主事補,2,32,0.0625
1941,府会事務局 :: 産業組合課,地方農林主事,1,32,0.03125
1941,府会事務局 :: 産業組合課,屬,1,32,0.03125
1941,府会事務局 :: 産業組合課,書記,11,32,0.34375
1941,府会事務局 :: 産業組合課,農林主事補,12,32,0.375
1941,府会事務局 :: 産業組合課,雇,5,32,0.15625
1941,府会事務局 :: 田場,兼,7,102,0.06862745098039216
1941,府会事務局 :: 田場,教諭,53,102,0.5196078431372549
1941,府会事務局 :: 田場,書記,35,102,0.3431372549019608
1941,府会事務局 :: 田場,講師,7,102,0.06862745098039216
1941,府会事務局 :: 目黒診療所,看護員,1,1,1
1941,府会事務局 :: 砂町診療所,看護員,5,5,1
1941,府会事務局 :: 社会教育課,Unknown,6,27,0.2222222222222222
1941,府会事務局 :: 社会教育課,屬,2,27,0.07407407407407407
1941,府会事務局 :: 社会教育課,書記,19,27,0.7037037037037037
1941,府会事務局 :: 社会課,Unknown,2,94,0.02127659574468085
1941,府会事務局 :: 社会課,主事,1,94,0.010638297872340425
1941,府会事務局 :: 社会課,地方技師,2,94,0.02127659574468085
1941,府会事務局 :: 社会課,屬,41,94,0.43617021276595747
1941,府会事務局 :: 社会課,技手,18,94,0.19148936170212766
1941,府会事務局 :: 社会課,書記,9,94,0.09574468085106383
1941,府会事務局 :: 社会課,雇,21,94,0.22340425531914893
1941,府会事務局 :: 社寺兵事課,Unknown,2,2,1
1941,府会事務局 :: 神津島診療所,看護員,1,1,1
1941,府会事務局 :: 種畜場,場長,1,21,0.047619047619047616
1941,府会事務局 :: 種畜場,産業技手補,10,21,0.47619047619047616
1941,府会事務局 :: 種畜場,農林主事補,1,21,0.047619047619047616
1941,府会事務局 :: 種畜場,農林技手,8,21,0.38095238095238093
1941,府会事務局 :: 種畜場,雇,1,21,0.047619047619047616
1941,府会事務局 :: 立川職業紹介所,所長,9,23,0.391304347826087
1941,府会事務局 :: 立川職業紹介所,雇,14,23,0.6086956521739131
1941,府会事務局 :: 第一河川出張所,土木雇,17,17,1
1941,府会事務局 :: 第一道路出張所,兼,27,57,0.47368421052631576
1941,府会事務局 :: 第一道路出張所,土木雇,27,57,0.47368421052631576
1941,府会事務局 :: 第一道路出張所,屬,3,57,0.05263157894736842
1941,府会事務局 :: 第三河川出張所,保健婦,3,40,0.075
1941,府会事務局 :: 第三河川出張所,兼,10,40,0.25
1941,府会事務局 :: 第三河川出張所,土木雇,10,40,0.25
1941,府会事務局 :: 第三河川出張所,所長,17,40,0.425
1941,府会事務局 :: 第三道路出張所,兼,16,48,0.3333333333333333
1941,府会事務局 :: 第三道路出張所,土木雇,31,48,0.6458333333333334
1941,府会事務局 :: 第三道路出張所,所長,1,48,0.020833333333333332
1941,府会事務局 :: 第二河川出張所,兼,8,9,0.8888888888888888
1941,府会事務局 :: 第二河川出張所,所長,1,9,0.1111111111111111
1941,府会事務局 :: 第二道路出張所,兼,20,27,0.7407407407407407
1941,府会事務局 :: 第二道路出張所,土木雇,4,27,0.14814814814814814
1941,府会事務局 :: 第二道路出張所,所長,3,27,0.1111111111111111
1941,府会事務局 :: 第四道路出張所,兼,21,27,0.7777777777777778
1941,府会事務局 :: 第四道路出張所,土木雇,6,27,0.2222222222222222
1941,府会事務局 :: 管理署,主事,1,8,0.125
1941,府会事務局 :: 管理署,主事補,1,8,0.125
1941,府会事務局 :: 管理署,技師,1,8,0.125
1941,府会事務局 :: 管理署,技手,5,8,0.625
1941,府会事務局 :: 経済〓物價統湖課,地方事務官,1,1,1
1941,府会事務局 :: 経済部工務課,所長,11,11,1
1941,府会事務局 :: 経済部産業組合課,兼,2,9,0.2222222222222222
1941,府会事務局 :: 経済部産業組合課,所長,7,9,0.7777777777777778
1941,府会事務局 :: 経済部資材統制課,兼,41,59,0.6949152542372882
1941,府会事務局 :: 経済部資材統制課,地方事務官,7,59,0.11864406779661017
1941,府会事務局 :: 経済部資材統制課,所長,11,59,0.1864406779661017
1941,府会事務局 :: 経済部農林課,地方農林技師,6,6,1
1941,府会事務局 :: 経理課,兼,25,79,0.31645569620253167
1941,府会事務局 :: 経理課,土木雇,42,79,0.5316455696202531
1941,府会事務局 :: 経理課,地方農林技師,2,79,0.02531645569620253
1941,府会事務局 :: 経理課,屬,7,79,0.08860759493670886
1941,府会事務局 :: 経理課,書記,1,79,0.012658227848101266
1941,府会事務局 :: 経理課,雇,2,79,0.02531645569620253
1941,府会事務局 :: 繭検定所,保健婦,3,17,0.17647058823529413
1941,府会事務局 :: 繭検定所,園長,3,17,0.17647058823529413
1941,府会事務局 :: 繭検定所,産業技手,2,17,0.11764705882352941
1941,府会事務局 :: 繭検定所,産業技手補,5,17,0.29411764705882354
1941,府会事務局 :: 繭検定所,農林主事補,2,17,0.11764705882352941
1941,府会事務局 :: 繭検定所,農林技手,2,17,0.11764705882352941
1941,府会事務局 :: 職業補導所,事務員,7,32,0.21875
1941,府会事務局 :: 職業補導所,職業主事補,2,32,0.0625
1941,府会事務局 :: 職業補導所,講師,23,32,0.71875
1941,府会事務局 :: 職業課,Unknown,2,64,0.03125
1941,府会事務局 :: 職業課,保健婦,7,64,0.109375
1941,府会事務局 :: 職業課,地方技師,2,64,0.03125
1941,府会事務局 :: 職業課,屬,12,64,0.1875
1941,府会事務局 :: 職業課,技手,6,64,0.09375
1941,府会事務局 :: 職業課,書記,22,64,0.34375
1941,府会事務局 :: 職業課,雇,13,64,0.203125
1941,府会事務局 :: 芝浦出張所,所長,1,9,0.1111111111111111
1941,府会事務局 :: 芝浦出張所,職業主事補,8,9,0.8888888888888888
1941,府会事務局 :: 茅場,看護員,2,201,0.009950248756218905
1941,府会事務局 :: 茅場,臨時,199,201,0.9900497512437811
1941,府会事務局 :: 荏原税務出張所,所長,3,104,0.028846153846153848
1941,府会事務局 :: 荏原税務出張所,書記,77,104,0.7403846153846154
1941,府会事務局 :: 荏原税務出張所,雇,24,104,0.23076923076923078
1941,府会事務局 :: 荏原診療所,看護員,9,9,1
1941,府会事務局 :: 蒲田出張所,所長,2,7,0.2857142857142857
1941,府会事務局 :: 蒲田出張所,職業主事補,2,7,0.2857142857142857
1941,府会事務局 :: 蒲田出張所,雇,3,7,0.42857142857142855
1941,府会事務局 :: 虎ノ門税務出張所,所長,1,19,0.05263157894736842
1941,府会事務局 :: 虎ノ門税務出張所,書記,18,19,0.9473684210526315
1941,府会事務局 :: 蠶業取締所,兼,1,6,0.16666666666666666
1941,府会事務局 :: 蠶業取締所,支所長,1,6,0.16666666666666666
1941,府会事務局 :: 蠶業取締所,産業技手,2,6,0.3333333333333333
1941,府会事務局 :: 蠶業取締所,産業技手補,1,6,0.16666666666666666
1941,府会事務局 :: 蠶業取締所,農林主事補,1,6,0.16666666666666666
1941,府会事務局 :: 蠶業取締所福生支所,産業技手,2,7,0.2857142857142857
1941,府会事務局 :: 蠶業取締所福生支所,農林主事補,2,7,0.2857142857142857
1941,府会事務局 :: 蠶業取締所福生支所,農林技手,3,7,0.42857142857142855
1941,府会事務局 :: 蠶業取締所立川支所,産業技手,2,16,0.125
1941,府会事務局 :: 蠶業取締所立川支所,産業技手補,3,16,0.1875
1941,府会事務局 :: 蠶業取締所立川支所,農林主事補,2,16,0.125
1941,府会事務局 :: 蠶業取締所立川支所,農林技手,9,16,0.5625
1941,府会事務局 :: 蠶業試験場,産業技手,6,13,0.46153846153846156
1941,府会事務局 :: 蠶業試験場,農林主事補,7,13,0.5384615384615384
1941,府会事務局 :: 西多摩方面事務所,所長,1,1,1
1941,府会事務局 :: 西多摩税務出張所,書記,7,7,1
1941,府会事務局 :: 西巣鴨出張所,職業主事補,5,5,1
1941,府会事務局 :: 西巣鴨診療所,看護員,1,3,0.3333333333333333
1941,府会事務局 :: 西巣鴨診療所,醫員,2,3,0.6666666666666666
1941,府会事務局 :: 視学課,兼,16,37,0.43243243243243246
1941,府会事務局 :: 視学課,屬,1,37,0.02702702702702703
1941,府会事務局 :: 視学課,書記,15,37,0.40540540540540543
1941,府会事務局 :: 視学課,課長,1,37,0.02702702702702703
1941,府会事務局 :: 視学課,雇,4,37,0.10810810810810811
1941,府会事務局 :: 診療所,事務員,1,46,0.021739130434782608
1941,府会事務局 :: 診療所,看護員,30,46,0.6521739130434783
1941,府会事務局 :: 診療所,看護員見習,5,46,0.10869565217391304
1941,府会事務局 :: 診療所,醫員,10,46,0.21739130434782608
1941,府会事務局 :: 調布飛行場建設事務所,商工技手,4,53,0.07547169811320754
1941,府会事務局 :: 調布飛行場建設事務所,土木雇,5,53,0.09433962264150944
1941,府会事務局 :: 調布飛行場建設事務所,所長,7,53,0.1320754716981132
1941,府会事務局 :: 調布飛行場建設事務所,産業技手補,32,53,0.6037735849056604
1941,府会事務局 :: 調布飛行場建設事務所,雇,5,53,0.09433962264150944
1941,府会事務局 :: 調査課,主事,1,75,0.013333333333333334
1941,府会事務局 :: 調査課,地方農林技師,1,75,0.013333333333333334
1941,府会事務局 :: 調査課,屬,10,75,0.13333333333333333
1941,府会事務局 :: 調査課,技手,19,75,0.25333333333333335
1941,府会事務局 :: 調査課,書記,25,75,0.3333333333333333
1941,府会事務局 :: 調査課,部長,1,75,0.013333333333333334
1941,府会事務局 :: 調査課,雇,18,75,0.24
1941,府会事務局 :: 資材統制課,兼,4,41,0.0975609756097561
1941,府会事務局 :: 資材統制課,商工主事補,13,41,0.3170731707317073
1941,府会事務局 :: 資材統制課,地方事務官,1,41,0.024390243902439025
1941,府会事務局 :: 資材統制課,地方技師,2,41,0.04878048780487805
1941,府会事務局 :: 資材統制課,屬,8,41,0.1951219512195122
1941,府会事務局 :: 資材統制課,技手,1,41,0.024390243902439025
1941,府会事務局 :: 資材統制課,書記,4,41,0.0975609756097561
1941,府会事務局 :: 資材統制課,雇,8,41,0.1951219512195122
1941,府会事務局 :: 軍事援護課,地方事務官,1,87,0.011494252873563218
1941,府会事務局 :: 軍事援護課,屬,36,87,0.41379310344827586
1941,府会事務局 :: 軍事援護課,書記,43,87,0.4942528735632184
1941,府会事務局 :: 軍事援護課,雇,7,87,0.08045977011494253
1941,府会事務局 :: 農事講習所,地方農林技師,1,1,1
1941,府会事務局 :: 農林産業検査所大島出張所,産業技手,9,10,0.9
1941,府会事務局 :: 農林産業検査所大島出張所,農林技手,1,10,0.1
1941,府会事務局 :: 農林産物検査所,産業技手,4,12,0.3333333333333333
1941,府会事務局 :: 農林産物検査所,農林主事補,3,12,0.25
1941,府会事務局 :: 農林産物検査所,農林技手,5,12,0.4166666666666667
1941,府会事務局 :: 農林産物検査所府中出張所,所長,1,22,0.045454545454545456
1941,府会事務局 :: 農林産物検査所府中出張所,産業技手,21,22,0.9545454545454546
1941,府会事務局 :: 農林産物検査所板橋出張所,所長,2,12,0.16666666666666666
1941,府会事務局 :: 農林産物検査所板橋出張所,産業技手,10,12,0.8333333333333334
1941,府会事務局 :: 農林産物検査所深川出張所,産業技手,2,4,0.5
1941,府会事務局 :: 農林産物検査所深川出張所,農林主事補,1,4,0.25
1941,府会事務局 :: 農林産物検査所深川出張所,農林技手,1,4,0.25
1941,府会事務局 :: 農林産物検査所青梅出張所,産業技手,27,27,1
1941,府会事務局 :: 農林課,兼,30,286,0.1048951048951049
1941,府会事務局 :: 農林課,地方農林技師,2,286,0.006993006993006993
1941,府会事務局 :: 農林課,小作官補,2,286,0.006993006993006993
1941,府会事務局 :: 農林課,屬,3,286,0.01048951048951049
1941,府会事務局 :: 農林課,技手,11,286,0.038461538461538464
1941,府会事務局 :: 農林課,書記,1,286,0.0034965034965034965
1941,府会事務局 :: 農林課,産業技手,156,286,0.5454545454545454
1941,府会事務局 :: 農林課,産業技手補,39,286,0.13636363636363635
1941,府会事務局 :: 農林課,看護員,3,286,0.01048951048951049
1941,府会事務局 :: 農林課,農林主事補,7,286,0.024475524475524476
1941,府会事務局 :: 農林課,農林技手,17,286,0.05944055944055944
1941,府会事務局 :: 農林課,雇,15,286,0.05244755244755245
1941,府会事務局 :: 込王子職業紹介所,地方事務官,2,38,0.05263157894736842
1941,府会事務局 :: 込王子職業紹介所,所長,13,38,0.34210526315789475
1941,府会事務局 :: 込王子職業紹介所,雇,23,38,0.6052631578947368
1941,府会事務局 :: 道路課,兼,17,36,0.4722222222222222
1941,府会事務局 :: 道路課,土木雇,15,36,0.4166666666666667
1941,府会事務局 :: 道路課,書記,4,36,0.1111111111111111
1941,府会事務局 :: 還事講習所,農林技手,2,2,1
1941,府会事務局 :: 部農林課,地方事務官,3,48,0.0625
1941,府会事務局 :: 部農林課,地方技師,15,48,0.3125
1941,府会事務局 :: 部農林課,所長,30,48,0.625
1941,府会事務局 :: 郵澤部産業組合課,地方農林主事,5,5,1
1941,府会事務局 :: 金町分所,所長,1,7,0.14285714285714285
1941,府会事務局 :: 金町分所,職業主事補,6,7,0.8571428571428571
1941,府会事務局 :: 青梅土木出張所,兼,14,31,0.45161290322580644
1941,府会事務局 :: 青梅土木出張所,土木雇,15,31,0.4838709677419355
1941,府会事務局 :: 青梅土木出張所,所長,2,31,0.06451612903225806
1941,府会事務局 :: 青梅職業紹介所,職業主事補,2,3,0.6666666666666666
1941,府会事務局 :: 青梅職業紹介所,雇,1,3,0.3333333333333333
1941,府会事務局 :: 頒泣北多摩保健所,所長,3,3,1
1941,府会事務局 :: 願館出張所,所長,2,2,1
1941,府会事務局 :: 飯田橋税務出張所,巡視,1,31,0.03225806451612903
1941,府会事務局 :: 飯田橋税務出張所,書記,22,31,0.7096774193548387
1941,府会事務局 :: 飯田橋税務出張所,雇,8,31,0.25806451612903225
1941,府会事務局 :: 龜戸出張所,職業主事補,3,3,1
1941,教育局 :: 学校体育課,Unknown,21,31,0.6774193548387096
1941,教育局 :: 学校体育課,兼,3,31,0.0967741935483871
1941,教育局 :: 学校体育課,技手,1,31,0.03225806451612903
1941,教育局 :: 学校体育課,書記,5,31,0.16129032258064516
1941,教育局 :: 学校体育課,課長,1,31,0.03225806451612903
1941,教育局 :: 教育研究所,所長,1,21,0.047619047619047616
1941,教育局 :: 教育研究所,書記,7,21,0.3333333333333333
1941,教育局 :: 教育研究所,講師,6,21,0.2857142857142857
1941,教育局 :: 教育研究所,雇,7,21,0.3333333333333333
1941,教育局 :: 社会教育課,Unknown,8,22,0.36363636363636365
1941,教育局 :: 社会教育課,書記,13,22,0.5909090909090909
1941,教育局 :: 社会教育課,課長,1,22,0.045454545454545456
1941,教育局 :: 視学課,Unknown,1,29,0.034482758620689655
1941,教育局 :: 視学課,兼,22,29,0.7586206896551724
1941,教育局 :: 視学課,囑託員,1,29,0.034482758620689655
1941,教育局 :: 視学課,書記,2,29,0.06896551724137931
1941,教育局 :: 視学課,課長,1,29,0.034482758620689655
1941,教育局 :: 視学課,雇,2,29,0.06896551724137931
1941,教育局 :: 青年教育課,Unknown,10,25,0.4
1941,教育局 :: 青年教育課,囑託員,4,25,0.16
1941,教育局 :: 青年教育課,書記,8,25,0.32
1941,教育局 :: 青年教育課,雇,3,25,0.12
1941,水道局 :: 会計課,Unknown,5,28,0.17857142857142858
1941,水道局 :: 会計課,主事,1,28,0.03571428571428571
1941,水道局 :: 会計課,書記,13,28,0.4642857142857143
1941,水道局 :: 会計課,雇,9,28,0.32142857142857145
1941,水道局 :: 営業課,Unknown,32,40,0.8
1941,水道局 :: 営業課,書記,8,40,0.2
1941,水道局 :: 小室,技手,71,1146,0.06195462478184991
1941,水道局 :: 小室,書記,220,1146,0.19197207678883071
1941,水道局 :: 小室,雇,855,1146,0.7460732984293194
1941,水道局 :: 小臣浦合宿所,Unknown,2,2,1
1941,水道局 :: 市小昭浦合宿所,Unknown,2,2,1
1941,水道局 :: 擴張課,Unknown,12,104,0.11538461538461539
1941,水道局 :: 擴張課,主事,1,104,0.009615384615384616
1941,水道局 :: 擴張課,技師,1,104,0.009615384615384616
1941,水道局 :: 擴張課,技手,53,104,0.5096153846153846
1941,水道局 :: 擴張課,書記,37,104,0.3557692307692308
1941,水道局 :: 木場,Unknown,19,257,0.07392996108949416
1941,水道局 :: 木場,主事,1,257,0.0038910505836575876
1941,水道局 :: 木場,技手,101,257,0.39299610894941633
1941,水道局 :: 木場,書記,44,257,0.17120622568093385
1941,水道局 :: 木場,機關手,5,257,0.019455252918287938
1941,水道局 :: 木場,船長,4,257,0.01556420233463035
1941,水道局 :: 木場,藥劑員,1,257,0.0038910505836575876
1941,水道局 :: 木場,雇,82,257,0.31906614785992216
1941,水道局 :: 水源林事務所,技手,13,14,0.9285714285714286
1941,水道局 :: 水源林事務所,書記,1,14,0.07142857142857142
1941,水道局 :: 水課,Unknown,6,81,0.07407407407407407
1941,水道局 :: 水課,主事,1,81,0.012345679012345678
1941,水道局 :: 水課,囑託員,1,81,0.012345679012345678
1941,水道局 :: 水課,技師,1,81,0.012345679012345678
1941,水道局 :: 水課,技手,72,81,0.8888888888888888
1941,水道局 :: 給水課,Unknown,12,146,0.0821917808219178
1941,水道局 :: 給水課,技手,64,146,0.4383561643835616
1941,水道局 :: 給水課,書記,17,146,0.11643835616438356
1941,水道局 :: 給水課,課長,1,146,0.00684931506849315
1941,水道局 :: 給水課,雇,52,146,0.3561643835616438
1941,水道局 :: 計画課,Unknown,7,54,0.12962962962962962
1941,水道局 :: 計画課,主事,1,54,0.018518518518518517
1941,水道局 :: 計画課,技手,28,54,0.5185185185185185
1941,水道局 :: 計画課,書記,4,54,0.07407407407407407
1941,水道局 :: 計画課,雇,14,54,0.25925925925925924
1941,水道局 :: 道所合宿所,Unknown,3,73,0.0410958904109589
1941,水道局 :: 道所合宿所,技手,38,73,0.5205479452054794
1941,水道局 :: 道所合宿所,書記,4,73,0.0547945205479452
1941,水道局 :: 道所合宿所,雇,28,73,0.3835616438356164
1941,港湾局 :: エ事課,Unknown,6,77,0.07792207792207792
1941,港湾局 :: エ事課,技手,16,77,0.2077922077922078
1941,港湾局 :: エ事課,書記,6,77,0.07792207792207792
1941,港湾局 :: エ事課,機關手,39,77,0.5064935064935064
1941,港湾局 :: エ事課,船長,9,77,0.11688311688311688
1941,港湾局 :: エ事課,課長,1,77,0.012987012987012988
1941,港湾局 :: 庶務課,Unknown,4,31,0.12903225806451613
1941,港湾局 :: 庶務課,囑託員,1,31,0.03225806451612903
1941,港湾局 :: 庶務課,書記,11,31,0.3548387096774194
1941,港湾局 :: 庶務課,監視,14,31,0.45161290322580644
1941,港湾局 :: 庶務課,課長,1,31,0.03225806451612903
1941,港湾局 :: 港務所,Unknown,2,34,0.058823529411764705
1941,港湾局 :: 港務所,所長,1,34,0.029411764705882353
1941,港湾局 :: 港務所,技手,2,34,0.058823529411764705
1941,港湾局 :: 港務所,書記,6,34,0.17647058823529413
1941,港湾局 :: 港務所,機關手,18,34,0.5294117647058824
1941,港湾局 :: 港務所,船長,3,34,0.08823529411764706
1941,港湾局 :: 港務所,雇,2,34,0.058823529411764705
1941,港湾局 :: 経理課,Unknown,4,30,0.13333333333333333
1941,港湾局 :: 経理課,技手,1,30,0.03333333333333333
1941,港湾局 :: 経理課,書記,10,30,0.3333333333333333
1941,港湾局 :: 経理課,監視,2,30,0.06666666666666667
1941,港湾局 :: 経理課,雇,13,30,0.43333333333333335
1941,港湾局 :: 臨時飛行場建設事務所,Unknown,4,18,0.2222222222222222
1941,港湾局 :: 臨時飛行場建設事務所,所長,1,18,0.05555555555555555
1941,港湾局 :: 臨時飛行場建設事務所,技師,1,18,0.05555555555555555
1941,港湾局 :: 臨時飛行場建設事務所,技手,4,18,0.2222222222222222
1941,港湾局 :: 臨時飛行場建設事務所,書記,8,18,0.4444444444444444
1941,港湾局 :: 計晝課,Unknown,5,27,0.18518518518518517
1941,港湾局 :: 計晝課,技手,7,27,0.25925925925925924
1941,港湾局 :: 計晝課,書記,3,27,0.1111111111111111
1941,港湾局 :: 計晝課,雇,12,27,0.4444444444444444
1941,経済局 :: C管理課,Unknown,4,37,0.10810810810810811
1941,経済局 :: C管理課,技手,3,37,0.08108108108108109
1941,経済局 :: C管理課,書記,10,37,0.2702702702702703
1941,経済局 :: C管理課,雇,20,37,0.5405405405405406
1941,経済局 :: 商エ課,Unknown,19,77,0.24675324675324675
1941,経済局 :: 商エ課,主事,1,77,0.012987012987012988
1941,経済局 :: 商エ課,技師,1,77,0.012987012987012988
1941,経済局 :: 商エ課,技手,8,77,0.1038961038961039
1941,経済局 :: 商エ課,書記,26,77,0.33766233766233766
1941,経済局 :: 商エ課,雇,22,77,0.2857142857142857
1941,経済局 :: 庶務課,Unknown,3,32,0.09375
1941,経済局 :: 庶務課,囑託員,2,32,0.0625
1941,経済局 :: 庶務課,書記,26,32,0.8125
1941,経済局 :: 庶務課,課長,1,32,0.03125
1941,経済局 :: 業務課,Unknown,7,51,0.13725490196078433
1941,経済局 :: 業務課,技手,11,51,0.21568627450980393
1941,経済局 :: 業務課,書記,15,51,0.29411764705882354
1941,経済局 :: 業務課,課長,1,51,0.0196078431372549
1941,経済局 :: 業務課,雇,17,51,0.3333333333333333
1941,経済局 :: 物價課,Unknown,1,36,0.027777777777777776
1941,経済局 :: 物價課,主事,1,36,0.027777777777777776
1941,経済局 :: 物價課,技手,8,36,0.2222222222222222
1941,経済局 :: 物價課,書記,26,36,0.7222222222222222
1941,経済局 :: 管理課,書記,3,5,0.6
1941,経済局 :: 管理課,雇,2,5,0.4
1941,経済局 :: 農漁課,Unknown,4,34,0.11764705882352941
1941,経済局 :: 農漁課,技師,1,34,0.029411764705882353
1941,経済局 :: 農漁課,技手,10,34,0.29411764705882354
1941,経済局 :: 農漁課,書記,5,34,0.14705882352941177
1941,経済局 :: 農漁課,雇,14,34,0.4117647058823529
1941,経済局 :: 配給課,Unknown,2,63,0.031746031746031744
1941,経済局 :: 配給課,囑託員,2,63,0.031746031746031744
1941,経済局 :: 配給課,技手,46,63,0.7301587301587301
1941,経済局 :: 配給課,書記,9,63,0.14285714285714285
1941,経済局 :: 配給課,雇,4,63,0.06349206349206349
1941,経済局 :: 金融課,Unknown,2,16,0.125
1941,経済局 :: 金融課,書記,11,16,0.6875
1941,経済局 :: 金融課,課長,1,16,0.0625
1941,経済局 :: 金融課,雇,2,16,0.125
1941,財務局 :: C会計課,Unknown,6,69,0.08695652173913043
1941,財務局 :: C会計課,主事,1,69,0.014492753623188406
1941,財務局 :: C会計課,兼,43,69,0.6231884057971014
1941,財務局 :: C会計課,局長,1,69,0.014492753623188406
1941,財務局 :: C会計課,書記,18,69,0.2608695652173913
1941,財務局 :: 主税課,Unknown,19,242,0.07851239669421488
1941,財務局 :: 主税課,兼,127,242,0.5247933884297521
1941,財務局 :: 主税課,技師,1,242,0.004132231404958678
1941,財務局 :: 主税課,技手,14,242,0.05785123966942149
1941,財務局 :: 主税課,書記,23,242,0.09504132231404959
1941,財務局 :: 主税課,課長,1,242,0.004132231404958678
1941,財務局 :: 主税課,雇,57,242,0.23553719008264462
1941,財務局 :: 主計課,Unknown,11,38,0.2894736842105263
1941,財務局 :: 主計課,主事,1,38,0.02631578947368421
1941,財務局 :: 主計課,書記,26,38,0.6842105263157895
1941,財務局 :: 向島区役所,Unknown,2,3,0.6666666666666666
1941,財務局 :: 向島区役所,區長,1,3,0.3333333333333333
1941,財務局 :: 品課,技手,4,35,0.11428571428571428
1941,財務局 :: 品課,雇,31,35,0.8857142857142857
1941,財務局 :: 営繕課,Unknown,6,67,0.08955223880597014
1941,財務局 :: 営繕課,囑託員,3,67,0.04477611940298507
1941,財務局 :: 営繕課,技手,56,67,0.835820895522388
1941,財務局 :: 営繕課,書記,2,67,0.029850746268656716
1941,財務局 :: 地理課,Unknown,15,169,0.08875739644970414
1941,財務局 :: 地理課,技手,99,169,0.5857988165680473
1941,財務局 :: 地理課,書記,54,169,0.31952662721893493
1941,財務局 :: 地理課,課長,1,169,0.005917159763313609
1941,財務局 :: 城東区役所,Unknown,4,156,0.02564102564102564
1941,財務局 :: 城東区役所,主事,1,156,0.00641025641025641
1941,財務局 :: 城東区役所,兼,61,156,0.391025641025641
1941,財務局 :: 城東区役所,區長,1,156,0.00641025641025641
1941,財務局 :: 城東区役所,囑託員,5,156,0.03205128205128205
1941,財務局 :: 城東区役所,書記,4,156,0.02564102564102564
1941,財務局 :: 城東区役所,雇,79,156,0.5064102564102564
1941,財務局 :: 城東区役所,體力指導員,1,156,0.00641025641025641
1941,財務局 :: 外所,Unknown,5,159,0.031446540880503145
1941,財務局 :: 外所,囑託員,3,159,0.018867924528301886
1941,財務局 :: 外所,書記,54,159,0.33962264150943394
1941,財務局 :: 外所,雇,95,159,0.5974842767295597
1941,財務局 :: 外所,體力指導員,2,159,0.012578616352201259
1941,財務局 :: 学校営緯課,Unknown,30,49,0.6122448979591837
1941,財務局 :: 学校営緯課,技手,17,49,0.3469387755102041
1941,財務局 :: 学校営緯課,書記,1,49,0.02040816326530612
1941,財務局 :: 学校営緯課,課長,1,49,0.02040816326530612
1941,財務局 :: 庶務課,Unknown,7,7,1
1941,財務局 :: 新宿派出所,囑託員,4,120,0.03333333333333333
1941,財務局 :: 新宿派出所,書記,49,120,0.4083333333333333
1941,財務局 :: 新宿派出所,雇,67,120,0.5583333333333333
1941,財務局 :: 江戸川区役所,Unknown,10,39,0.2564102564102564
1941,財務局 :: 江戸川区役所,書記,29,39,0.7435897435897436
1941,財務局 :: 用品課,Unknown,7,82,0.08536585365853659
1941,財務局 :: 用品課,技手,5,82,0.06097560975609756
1941,財務局 :: 用品課,書記,28,82,0.34146341463414637
1941,財務局 :: 用品課,課長,1,82,0.012195121951219513
1941,財務局 :: 用品課,雇,41,82,0.5
1941,財務局 :: 管理課,Unknown,6,29,0.20689655172413793
1941,財務局 :: 管理課,囑託員,1,29,0.034482758620689655
1941,財務局 :: 管理課,技手,5,29,0.1724137931034483
1941,財務局 :: 管理課,書記,8,29,0.27586206896551724
1941,財務局 :: 管理課,課長,1,29,0.034482758620689655
1941,財務局 :: 管理課,雇,8,29,0.27586206896551724
1941,財務局 :: 萬西派出所,兼,1,118,0.00847457627118644
1941,財務局 :: 萬西派出所,囑託員,3,118,0.025423728813559324
1941,財務局 :: 萬西派出所,書記,33,118,0.2796610169491525
1941,財務局 :: 萬西派出所,雇,78,118,0.6610169491525424
1941,財務局 :: 萬西派出所,體力指導員,3,118,0.025423728813559324
1941,財務局 :: 葛飾区役所,Unknown,8,15,0.5333333333333333
1941,財務局 :: 葛飾区役所,主事,1,15,0.06666666666666667
1941,財務局 :: 葛飾区役所,書記,6,15,0.4
1941,財務局 :: 裝置課,Unknown,6,37,0.16216216216216217
1941,財務局 :: 裝置課,技手,16,37,0.43243243243243246
1941,財務局 :: 裝置課,書記,1,37,0.02702702702702703
1941,財務局 :: 裝置課,雇,14,37,0.3783783783783784
1941,財務局 :: 調査課,Unknown,4,36,0.1111111111111111
1941,財務局 :: 調査課,囑託員,20,36,0.5555555555555556
1941,財務局 :: 調査課,課長,1,36,0.027777777777777776
1941,財務局 :: 調査課,雇,11,36,0.3055555555555556
1941,財務局 :: 議事課,Unknown,14,19,0.7368421052631579
1941,財務局 :: 議事課,囑託員,4,19,0.21052631578947367
1941,財務局 :: 議事課,課長,1,19,0.05263157894736842
1941,財務局 :: 購買課,Unknown,7,32,0.21875
1941,財務局 :: 購買課,主事,1,32,0.03125
1941,財務局 :: 購買課,技手,2,32,0.0625
1941,財務局 :: 購買課,書記,22,32,0.6875
1941,電気局 :: C牛込区役所,Unknown,5,33,0.15151515151515152
1941,電気局 :: C牛込区役所,主事,1,33,0.030303030303030304
1941,電気局 :: C牛込区役所,兼,21,33,0.6363636363636364
1941,電気局 :: C牛込区役所,區長,1,33,0.030303030303030304
1941,電気局 :: C牛込区役所,書記,5,33,0.15151515151515152
1941,電気局 :: C豊島区役所,Unknown,6,16,0.375
1941,電気局 :: C豊島区役所,區長,2,16,0.125
1941,電気局 :: C豊島区役所,書記,8,16,0.5
1941,電気局 :: 下谷区役所,Unknown,12,27,0.4444444444444444
1941,電気局 :: 下谷区役所,書記,15,27,0.5555555555555556
1941,電気局 :: 世田谷区役所,Unknown,9,9,1
1941,電気局 :: 中野区役所,Unknown,8,153,0.05228758169934641
1941,電気局 :: 中野区役所,主事,1,153,0.006535947712418301
1941,電気局 :: 中野区役所,兼,41,153,0.2679738562091503
1941,電気局 :: 中野区役所,囑託員,7,153,0.0457516339869281
1941,電気局 :: 中野区役所,技手,1,153,0.006535947712418301
1941,電気局 :: 中野区役所,書記,3,153,0.0196078431372549
1941,電気局 :: 中野区役所,雇,91,153,0.5947712418300654
1941,電気局 :: 中野区役所,體力指導員,1,153,0.006535947712418301
1941,電気局 :: 主所,Unknown,6,479,0.012526096033402923
1941,電気局 :: 主所,主事,1,479,0.0020876826722338203
1941,電気局 :: 主所,兼,55,479,0.11482254697286012
1941,電気局 :: 主所,囑託員,6,479,0.012526096033402923
1941,電気局 :: 主所,書記,167,479,0.348643006263048
1941,電気局 :: 主所,雇,239,479,0.4989561586638831
1941,電気局 :: 主所,體力指導員,5,479,0.010438413361169102
1941,電気局 :: 乘客課,Unknown,13,123,0.10569105691056911
1941,電気局 :: 乘客課,主事,1,123,0.008130081300813009
1941,電気局 :: 乘客課,囑託員,2,123,0.016260162601626018
1941,電気局 :: 乘客課,技師,1,123,0.008130081300813009
1941,電気局 :: 乘客課,技手,63,123,0.5121951219512195
1941,電気局 :: 乘客課,書記,32,123,0.2601626016260163
1941,電気局 :: 乘客課,課長,1,123,0.008130081300813009
1941,電気局 :: 乘客課,雇,10,123,0.08130081300813008
1941,電気局 :: 京橋区役所,Unknown,9,103,0.08737864077669903
1941,電気局 :: 京橋区役所,兼,59,103,0.5728155339805825
1941,電気局 :: 京橋区役所,書記,7,103,0.06796116504854369
1941,電気局 :: 京橋区役所,雇,28,103,0.27184466019417475
1941,電気局 :: 会計課,Unknown,7,85,0.08235294117647059
1941,電気局 :: 会計課,技手,7,85,0.08235294117647059
1941,電気局 :: 会計課,書記,34,85,0.4
1941,電気局 :: 会計課,雇,37,85,0.43529411764705883
1941,電気局 :: 保線課,Unknown,9,15,0.6
1941,電気局 :: 保線課,技師,1,15,0.06666666666666667
1941,電気局 :: 保線課,書記,5,15,0.3333333333333333
1941,電気局 :: 労務課,Unknown,5,58,0.08620689655172414
1941,電気局 :: 労務課,主事,1,58,0.017241379310344827
1941,電気局 :: 労務課,囑託員,2,58,0.034482758620689655
1941,電気局 :: 労務課,書記,36,58,0.6206896551724138
1941,電気局 :: 労務課,雇,14,58,0.2413793103448276
1941,電気局 :: 品川区役所,Unknown,5,87,0.05747126436781609
1941,電気局 :: 品川区役所,區長,1,87,0.011494252873563218
1941,電気局 :: 品川区役所,書記,57,87,0.6551724137931034
1941,電気局 :: 品川区役所,雇,23,87,0.26436781609195403
1941,電気局 :: 品川区役所,體力指導員,1,87,0.011494252873563218
1941,電気局 :: 四谷区役所,Unknown,8,73,0.1095890410958904
1941,電気局 :: 四谷区役所,主事,1,73,0.0136986301369863
1941,電気局 :: 四谷区役所,兼,32,73,0.4383561643835616
1941,電気局 :: 四谷区役所,書記,7,73,0.0958904109589041
1941,電気局 :: 四谷区役所,雇,23,73,0.3150684931506849
1941,電気局 :: 四谷区役所,體力指導員,2,73,0.0273972602739726
1941,電気局 :: 大場,兼,36,36,1
1941,電気局 :: 大森区役所,Unknown,11,15,0.7333333333333333
1941,電気局 :: 大森区役所,書記,4,15,0.26666666666666666
1941,電気局 :: 小石川区役所,Unknown,8,149,0.053691275167785234
1941,電気局 :: 小石川区役所,兼,1,149,0.006711409395973154
1941,電気局 :: 小石川区役所,區長,1,149,0.006711409395973154
1941,電気局 :: 小石川区役所,囑託員,2,149,0.013422818791946308
1941,電気局 :: 小石川区役所,書記,58,149,0.38926174496644295
1941,電気局 :: 小石川区役所,雇,79,149,0.5302013422818792
1941,電気局 :: 庶務課,Unknown,26,246,0.10569105691056911
1941,電気局 :: 庶務課,兼,1,246,0.0040650406504065045
1941,電気局 :: 庶務課,技手,11,246,0.044715447154471545
1941,電気局 :: 庶務課,書記,128,246,0.5203252032520326
1941,電気局 :: 庶務課,課長,3,246,0.012195121951219513
1941,電気局 :: 庶務課,雇,77,246,0.3130081300813008
1941,電気局 :: 戸所,技手,48,52,0.9230769230769231
1941,電気局 :: 戸所,書記,4,52,0.07692307692307693
1941,電気局 :: 技術課,Unknown,5,21,0.23809523809523808
1941,電気局 :: 技術課,技手,14,21,0.6666666666666666
1941,電気局 :: 技術課,書記,2,21,0.09523809523809523
1941,電気局 :: 日本橋区役所,Unknown,8,136,0.058823529411764705
1941,電気局 :: 日本橋区役所,兼,54,136,0.39705882352941174
1941,電気局 :: 日本橋区役所,書記,1,136,0.007352941176470588
1941,電気局 :: 日本橋区役所,雇,73,136,0.5367647058823529
1941,電気局 :: 時派出所,書記,3,3,1
1941,電気局 :: 本所区役所,Unknown,7,172,0.040697674418604654
1941,電気局 :: 本所区役所,主事,1,172,0.005813953488372093
1941,電気局 :: 本所区役所,兼,58,172,0.3372093023255814
1941,電気局 :: 本所区役所,囑託員,3,172,0.01744186046511628
1941,電気局 :: 本所区役所,書記,12,172,0.06976744186046512
1941,電気局 :: 本所区役所,雇,91,172,0.5290697674418605
1941,電気局 :: 本郷区役所,Unknown,8,141,0.05673758865248227
1941,電気局 :: 本郷区役所,區長,1,141,0.0070921985815602835
1941,電気局 :: 本郷区役所,囑託員,2,141,0.014184397163120567
1941,電気局 :: 本郷区役所,書記,56,141,0.3971631205673759
1941,電気局 :: 本郷区役所,雇,72,141,0.5106382978723404
1941,電気局 :: 本郷区役所,體力指導員,2,141,0.014184397163120567
1941,電気局 :: 杉並区役所,Unknown,8,119,0.06722689075630252
1941,電気局 :: 杉並区役所,兼,3,119,0.025210084033613446
1941,電気局 :: 杉並区役所,書記,57,119,0.4789915966386555
1941,電気局 :: 杉並区役所,雇,49,119,0.4117647058823529
1941,電気局 :: 杉並区役所,體力指導員,2,119,0.01680672268907563
1941,電気局 :: 浅草区役所,Unknown,4,210,0.01904761904761905
1941,電気局 :: 浅草区役所,書記,89,210,0.4238095238095238
1941,電気局 :: 浅草区役所,監視,1,210,0.004761904761904762
1941,電気局 :: 浅草区役所,雇,116,210,0.5523809523809524
1941,電気局 :: 淀橋区役所,Unknown,6,136,0.04411764705882353
1941,電気局 :: 淀橋区役所,主事,1,136,0.007352941176470588
1941,電気局 :: 淀橋区役所,兼,45,136,0.33088235294117646
1941,電気局 :: 淀橋区役所,囑託員,6,136,0.04411764705882353
1941,電気局 :: 淀橋区役所,書記,11,136,0.08088235294117647
1941,電気局 :: 淀橋区役所,社會書記,1,136,0.007352941176470588
1941,電気局 :: 淀橋区役所,體力指導員,66,136,0.4852941176470588
1941,電気局 :: 深川区役所,Unknown,11,157,0.07006369426751592
1941,電気局 :: 深川区役所,兼,55,157,0.3503184713375796
1941,電気局 :: 深川区役所,區長,1,157,0.006369426751592357
1941,電気局 :: 深川区役所,囑託員,1,157,0.006369426751592357
1941,電気局 :: 深川区役所,書記,11,157,0.07006369426751592
1941,電気局 :: 深川区役所,雇,78,157,0.4968152866242038
1941,電気局 :: 玉川派出所,書記,4,4,1
1941,電気局 :: 玉派出所,Unknown,7,340,0.020588235294117647
1941,電気局 :: 玉派出所,兼,59,340,0.17352941176470588
1941,電気局 :: 玉派出所,囑託員,9,340,0.026470588235294117
1941,電気局 :: 玉派出所,書記,71,340,0.2088235294117647
1941,電気局 :: 玉派出所,雇,191,340,0.5617647058823529
1941,電気局 :: 玉派出所,體力指導員,3,340,0.008823529411764706
1941,電気局 :: 王子区役所,Unknown,9,168,0.05357142857142857
1941,電気局 :: 王子区役所,主事,1,168,0.005952380952380952
1941,電気局 :: 王子区役所,兼,105,168,0.625
1941,電気局 :: 王子区役所,囑託員,5,168,0.02976190476190476
1941,電気局 :: 王子区役所,書記,46,168,0.27380952380952384
1941,電気局 :: 王子区役所,體力指導員,2,168,0.011904761904761904
1941,電気局 :: 目黒区役所,Unknown,4,50,0.08
1941,電気局 :: 目黒区役所,區長,1,50,0.02
1941,電気局 :: 目黒区役所,書記,45,50,0.9
1941,電気局 :: 石神井派出所,Unknown,3,4,0.75
1941,電気局 :: 石神井派出所,主事,1,4,0.25
1941,電気局 :: 研究課,Unknown,3,16,0.1875
1941,電気局 :: 研究課,技手,8,16,0.5
1941,電気局 :: 研究課,課長,1,16,0.0625
1941,電気局 :: 研究課,雇,4,16,0.25
1941,電気局 :: 砧派出所,書記,1,1,1
1941,電気局 :: 神田区役所,Unknown,6,152,0.039473684210526314
1941,電気局 :: 神田区役所,區長,1,152,0.006578947368421052
1941,電気局 :: 神田区役所,囑託員,2,152,0.013157894736842105
1941,電気局 :: 神田区役所,技手,6,152,0.039473684210526314
1941,電気局 :: 神田区役所,書記,70,152,0.4605263157894737
1941,電気局 :: 神田区役所,雇,67,152,0.4407894736842105
1941,電気局 :: 第一調整課,Unknown,4,23,0.17391304347826086
1941,電気局 :: 第一調整課,兼,6,23,0.2608695652173913
1941,電気局 :: 第一調整課,囑託員,3,23,0.13043478260869565
1941,電気局 :: 第一調整課,課長,1,23,0.043478260869565216
1941,電気局 :: 第一調整課,雇,9,23,0.391304347826087
1941,電気局 :: 第二調整課,Unknown,4,17,0.23529411764705882
1941,電気局 :: 第二調整課,書記,12,17,0.7058823529411765
1941,電気局 :: 第二調整課,課長,1,17,0.058823529411764705
1941,電気局 :: 経理課,Unknown,5,73,0.0684931506849315
1941,電気局 :: 経理課,技手,20,73,0.273972602739726
1941,電気局 :: 経理課,書記,26,73,0.3561643835616438
1941,電気局 :: 経理課,課長,1,73,0.0136986301369863
1941,電気局 :: 経理課,雇,21,73,0.2876712328767123
1941,電気局 :: 練馬派出所,兼,50,166,0.30120481927710846
1941,電気局 :: 練馬派出所,技手,1,166,0.006024096385542169
1941,電気局 :: 練馬派出所,書記,62,166,0.37349397590361444
1941,電気局 :: 練馬派出所,雇,50,166,0.30120481927710846
1941,電気局 :: 練馬派出所,體力指導員,3,166,0.018072289156626505
1941,電気局 :: 臨時電源調査課,Unknown,15,345,0.043478260869565216
1941,電気局 :: 臨時電源調査課,主事,3,345,0.008695652173913044
1941,電気局 :: 臨時電源調査課,囑託員,5,345,0.014492753623188406
1941,電気局 :: 臨時電源調査課,所長,3,345,0.008695652173913044
1941,電気局 :: 臨時電源調査課,技師,4,345,0.011594202898550725
1941,電気局 :: 臨時電源調査課,技手,122,345,0.3536231884057971
1941,電気局 :: 臨時電源調査課,書記,73,345,0.21159420289855072
1941,電気局 :: 臨時電源調査課,歯科,9,345,0.02608695652173913
1941,電気局 :: 臨時電源調査課,看護婦長,1,345,0.002898550724637681
1941,電気局 :: 臨時電源調査課,藥劑員,10,345,0.028985507246376812
1941,電気局 :: 臨時電源調査課,醫員,2,345,0.005797101449275362
1941,電気局 :: 臨時電源調査課,雇,98,345,0.28405797101449276
1941,電気局 :: 芝区役所,Unknown,6,6,1
1941,電気局 :: 荏原区役所,Unknown,7,141,0.04964539007092199
1941,電気局 :: 荏原区役所,兼,38,141,0.2695035460992908
1941,電気局 :: 荏原区役所,書記,12,141,0.0851063829787234
1941,電気局 :: 荏原区役所,雇,84,141,0.5957446808510638
1941,電気局 :: 荒川区役所,Unknown,9,9,1
1941,電気局 :: 蒲田区役所,區長,6,158,0.0379746835443038
1941,電気局 :: 蒲田区役所,囑託員,5,158,0.03164556962025317
1941,電気局 :: 蒲田区役所,書記,52,158,0.3291139240506329
1941,電気局 :: 蒲田区役所,體力指導員,95,158,0.6012658227848101
1941,電気局 :: 試験課,Unknown,3,16,0.1875
1941,電気局 :: 試験課,技師,1,16,0.0625
1941,電気局 :: 試験課,技手,4,16,0.25
1941,電気局 :: 試験課,書記,1,16,0.0625
1941,電気局 :: 試験課,課長,1,16,0.0625
1941,電気局 :: 試験課,雇,6,16,0.375
1941,電気局 :: 調布派出所,書記,2,2,1
1941,電気局 :: 赤坂区役所,Unknown,3,5,0.6
1941,電気局 :: 赤坂区役所,主事,1,5,0.2
1941,電気局 :: 赤坂区役所,區長,1,5,0.2
1941,電気局 :: 足立区役所,Unknown,4,64,0.0625
1941,電気局 :: 足立区役所,主事,1,64,0.015625
1941,電気局 :: 足立区役所,兼,21,64,0.328125
1941,電気局 :: 足立区役所,區長,1,64,0.015625
1941,電気局 :: 足立区役所,書記,37,64,0.578125
1941,電気局 :: 運転課,Unknown,3,66,0.045454545454545456
1941,電気局 :: 運転課,書記,55,66,0.8333333333333334
1941,電気局 :: 運転課,監督,1,66,0.015151515151515152
1941,電気局 :: 運転課,雇,7,66,0.10606060606060606
1941,電気局 :: 配線課,Unknown,9,61,0.14754098360655737
1941,電気局 :: 配線課,技手,23,61,0.3770491803278688
1941,電気局 :: 配線課,書記,9,61,0.14754098360655737
1941,電気局 :: 配線課,雇,20,61,0.32786885245901637
1941,電気局 :: 電力課,Unknown,3,5,0.6
1941,電気局 :: 電力課,主事,1,5,0.2
1941,電気局 :: 電力課,技師,1,5,0.2
1941,電気局 :: 電気研究所,囑託員,1,3,0.3333333333333333
1941,電気局 :: 電気研究所,所長,2,3,0.6666666666666666
1941,電気局 :: 麹町区役所,Unknown,5,27,0.18518518518518517
1941,電気局 :: 麹町区役所,兼,12,27,0.4444444444444444
1941,電気局 :: 麹町区役所,書記,10,27,0.37037037037037035
1941,電気局 :: 麻布区役所,Unknown,4,89,0.0449438202247191
1941,電気局 :: 麻布区役所,兼,49,89,0.550561797752809
1941,電気局 :: 麻布区役所,區長,1,89,0.011235955056179775
1941,電気局 :: 麻布区役所,書記,35,89,0.39325842696629215
1942,中央卸売市場 :: 管理課,Unknown,9,89,0.10112359550561797
1942,中央卸売市場 :: 管理課,主事,1,89,0.011235955056179775
1942,中央卸売市場 :: 管理課,技師,1,89,0.011235955056179775
1942,中央卸売市場 :: 管理課,技手,24,89,0.2696629213483146
1942,中央卸売市場 :: 管理課,書記,53,89,0.5955056179775281
1942,中央卸売市場 :: 管理課,課長,1,89,0.011235955056179775
1942,健民局 :: 上四谷小児保健所,藥劑員,48,76,0.631578947368421
1942,健民局 :: 上四谷小児保健所,醫員,6,76,0.07894736842105263
1942,健民局 :: 上四谷小児保健所,雇,22,76,0.2894736842105263
1942,健民局 :: 中部出張所,Unknown,24,258,0.09302325581395349
1942,健民局 :: 中部出張所,主事,1,258,0.003875968992248062
1942,健民局 :: 中部出張所,兼,9,258,0.03488372093023256
1942,健民局 :: 中部出張所,囑託員,5,258,0.01937984496124031
1942,健民局 :: 中部出張所,園長,2,258,0.007751937984496124
1942,健民局 :: 中部出張所,所長,4,258,0.015503875968992248
1942,健民局 :: 中部出張所,技師,4,258,0.015503875968992248
1942,健民局 :: 中部出張所,技手,26,258,0.10077519379844961
1942,健民局 :: 中部出張所,書記,31,258,0.12015503875968993
1942,健民局 :: 中部出張所,機關手,2,258,0.007751937984496124
1942,健民局 :: 中部出張所,歯科,3,258,0.011627906976744186
1942,健民局 :: 中部出張所,監視,27,258,0.10465116279069768
1942,健民局 :: 中部出張所,看護婦長,2,258,0.007751937984496124
1942,健民局 :: 中部出張所,藥劑員,12,258,0.046511627906976744
1942,健民局 :: 中部出張所,醫員,63,258,0.2441860465116279
1942,健民局 :: 中部出張所,雇,43,258,0.16666666666666666
1942,健民局 :: 体力課,Unknown,11,56,0.19642857142857142
1942,健民局 :: 体力課,主事,1,56,0.017857142857142856
1942,健民局 :: 体力課,兼,9,56,0.16071428571428573
1942,健民局 :: 体力課,技師,1,56,0.017857142857142856
1942,健民局 :: 体力課,書記,11,56,0.19642857142857142
1942,健民局 :: 体力課,課長,2,56,0.03571428571428571
1942,健民局 :: 体力課,講師,3,56,0.05357142857142857
1942,健民局 :: 体力課,雇,14,56,0.25
1942,健民局 :: 体力課,體力指導員,4,56,0.07142857142857142
1942,健民局 :: 医務課,所長,13,38,0.34210526315789475
1942,健民局 :: 医務課,技手,4,38,0.10526315789473684
1942,健民局 :: 医務課,看護婦長,1,38,0.02631578947368421
1942,健民局 :: 医務課,藥劑員,11,38,0.2894736842105263
1942,健民局 :: 医務課,醫員,9,38,0.23684210526315788
1942,健民局 :: 厚生課,Unknown,11,44,0.25
1942,健民局 :: 厚生課,書記,32,44,0.7272727272727273
1942,健民局 :: 厚生課,課長,1,44,0.022727272727272728
1942,健民局 :: 古石場,兼,37,238,0.15546218487394958
1942,健民局 :: 古石場,囑託員,3,238,0.012605042016806723
1942,健民局 :: 古石場,技手,126,238,0.5294117647058824
1942,健民局 :: 古石場,書記,23,238,0.09663865546218488
1942,健民局 :: 古石場,社會書記,4,238,0.01680672268907563
1942,健民局 :: 古石場,雇,45,238,0.18907563025210083
1942,健民局 :: 庶務課,Unknown,7,106,0.0660377358490566
1942,健民局 :: 庶務課,兼,2,106,0.018867924528301886
1942,健民局 :: 庶務課,技師,1,106,0.009433962264150943
1942,健民局 :: 庶務課,書記,61,106,0.5754716981132075
1942,健民局 :: 庶務課,課長,1,106,0.009433962264150943
1942,健民局 :: 庶務課,雇,33,106,0.3113207547169811
1942,健民局 :: 庶務課,體力指導員,1,106,0.009433962264150943
1942,健民局 :: 所,兼,55,143,0.38461538461538464
1942,健民局 :: 所,所長,2,143,0.013986013986013986
1942,健民局 :: 所,技手,11,143,0.07692307692307693
1942,健民局 :: 所,書記,63,143,0.4405594405594406
1942,健民局 :: 所,醫員,12,143,0.08391608391608392
1942,健民局 :: 技術課,Unknown,5,55,0.09090909090909091
1942,健民局 :: 技術課,技手,25,55,0.45454545454545453
1942,健民局 :: 技術課,書記,6,55,0.10909090909090909
1942,健民局 :: 技術課,雇,19,55,0.34545454545454546
1942,健民局 :: 教育局学校体育課,Unknown,4,26,0.15384615384615385
1942,健民局 :: 教育局学校体育課,技師,1,26,0.038461538461538464
1942,健民局 :: 教育局学校体育課,技手,2,26,0.07692307692307693
1942,健民局 :: 教育局学校体育課,書記,3,26,0.11538461538461539
1942,健民局 :: 教育局学校体育課,機關手,5,26,0.19230769230769232
1942,健民局 :: 教育局学校体育課,藥劑員,2,26,0.07692307692307693
1942,健民局 :: 教育局学校体育課,醫員,3,26,0.11538461538461539
1942,健民局 :: 教育局学校体育課,雇,6,26,0.23076923076923078
1942,健民局 :: 松戸療養所,看護婦長,1,1,1
1942,健民局 :: 機械工訓育所長兼機械工訓育所,Unknown,2,2,1
1942,健民局 :: 母子課,Unknown,8,51,0.1568627450980392
1942,健民局 :: 母子課,兼,18,51,0.35294117647058826
1942,健民局 :: 母子課,屬,9,51,0.17647058823529413
1942,健民局 :: 母子課,技師,1,51,0.0196078431372549
1942,健民局 :: 母子課,書記,10,51,0.19607843137254902
1942,健民局 :: 母子課,課長,1,51,0.0196078431372549
1942,健民局 :: 母子課,醫員,4,51,0.0784313725490196
1942,健民局 :: 管理課,Unknown,9,100,0.09
1942,健民局 :: 管理課,技手,10,100,0.1
1942,健民局 :: 管理課,書記,37,100,0.37
1942,健民局 :: 管理課,機關手,11,100,0.11
1942,健民局 :: 管理課,監視,30,100,0.3
1942,健民局 :: 管理課,雇,3,100,0.03
1942,健民局 :: 萬餘診寮所,兼,18,133,0.13533834586466165
1942,健民局 :: 萬餘診寮所,囑託員,3,133,0.022556390977443608
1942,健民局 :: 萬餘診寮所,所長,25,133,0.18796992481203006
1942,健民局 :: 萬餘診寮所,藥劑員,35,133,0.2631578947368421
1942,健民局 :: 萬餘診寮所,雇,52,133,0.39097744360902253
1942,健民局 :: 補導課,Unknown,4,12,0.3333333333333333
1942,健民局 :: 補導課,主事,1,12,0.08333333333333333
1942,健民局 :: 補導課,兼,7,12,0.5833333333333334
1942,健民局 :: 軍事援護課,Unknown,4,47,0.0851063829787234
1942,健民局 :: 軍事援護課,技手,4,47,0.0851063829787234
1942,健民局 :: 軍事援護課,書記,20,47,0.425531914893617
1942,健民局 :: 軍事援護課,課長,1,47,0.02127659574468085
1942,健民局 :: 軍事援護課,雇,18,47,0.3829787234042553
1942,健民局 :: 防疫課,Unknown,14,99,0.1414141414141414
1942,健民局 :: 防疫課,兼,15,99,0.15151515151515152
1942,健民局 :: 防疫課,技手,36,99,0.36363636363636365
1942,健民局 :: 防疫課,書記,2,99,0.020202020202020204
1942,健民局 :: 防疫課,醫員,7,99,0.0707070707070707
1942,健民局 :: 防疫課,雇,25,99,0.25252525252525254
1942,健民局 :: 馬場,囑託員,4,14,0.2857142857142857
1942,健民局 :: 馬場,雇,10,14,0.7142857142857143
1942,土木局 :: 庶務課,Unknown,6,68,0.08823529411764706
1942,土木局 :: 庶務課,技手,25,68,0.36764705882352944
1942,土木局 :: 庶務課,書記,37,68,0.5441176470588235
1942,土木局 :: 治水課,Unknown,18,137,0.13138686131386862
1942,土木局 :: 治水課,技手,54,137,0.39416058394160586
1942,土木局 :: 治水課,書記,14,137,0.10218978102189781
1942,土木局 :: 治水課,機關手,11,137,0.08029197080291971
1942,土木局 :: 治水課,監視,20,137,0.145985401459854
1942,土木局 :: 治水課,船長,19,137,0.1386861313868613
1942,土木局 :: 治水課,課長,1,137,0.0072992700729927005
1942,土木局 :: 道路建設課,Unknown,11,162,0.06790123456790123
1942,土木局 :: 道路建設課,技手,78,162,0.48148148148148145
1942,土木局 :: 道路建設課,書記,9,162,0.05555555555555555
1942,土木局 :: 道路建設課,課長,1,162,0.006172839506172839
1942,土木局 :: 道路建設課,雇,63,162,0.3888888888888889
1942,土木局 :: 道路管理課,Unknown,8,103,0.07766990291262135
1942,土木局 :: 道路管理課,主事,1,103,0.009708737864077669
1942,土木局 :: 道路管理課,技手,30,103,0.2912621359223301
1942,土木局 :: 道路管理課,書記,13,103,0.1262135922330097
1942,土木局 :: 道路管理課,監視,50,103,0.4854368932038835
1942,土木局 :: 道路管理課,課長,1,103,0.009708737864077669
1942,市会事務局 :: 庶務課,Unknown,9,11,0.8181818181818182
1942,市会事務局 :: 庶務課,囑託員,1,11,0.09090909090909091
1942,市会事務局 :: 庶務課,課長,1,11,0.09090909090909091
1942,市会事務局 :: 議事課,Unknown,18,208,0.08653846153846154
1942,市会事務局 :: 議事課,囑託員,32,208,0.15384615384615385
1942,市会事務局 :: 議事課,技師,1,208,0.004807692307692308
1942,市会事務局 :: 議事課,書記,104,208,0.5
1942,市会事務局 :: 議事課,課長,1,208,0.004807692307692308
1942,市会事務局 :: 議事課,醫員,6,208,0.028846153846153848
1942,市会事務局 :: 議事課,雇,46,208,0.22115384615384615
1942,戰時生活局 :: 動員課,Unknown,7,35,0.2
1942,戰時生活局 :: 動員課,書記,18,35,0.5142857142857142
1942,戰時生活局 :: 動員課,課長,1,35,0.02857142857142857
1942,戰時生活局 :: 動員課,雇,9,35,0.2571428571428571
1942,戰時生活局 :: 商工課,Unknown,9,9,1
1942,戰時生活局 :: 庶務課,Unknown,3,53,0.05660377358490566
1942,戰時生活局 :: 庶務課,主事,1,53,0.018867924528301886
1942,戰時生活局 :: 庶務課,書記,34,53,0.6415094339622641
1942,戰時生活局 :: 庶務課,課長,1,53,0.018867924528301886
1942,戰時生活局 :: 庶務課,雇,14,53,0.2641509433962264
1942,戰時生活局 :: 物價課,Unknown,7,59,0.11864406779661017
1942,戰時生活局 :: 物價課,技手,45,59,0.7627118644067796
1942,戰時生活局 :: 物價課,書記,7,59,0.11864406779661017
1942,戰時生活局 :: 町会課,Unknown,22,45,0.4888888888888889
1942,戰時生活局 :: 町会課,囑託員,1,45,0.022222222222222223
1942,戰時生活局 :: 町会課,書記,10,45,0.2222222222222222
1942,戰時生活局 :: 町会課,課長,1,45,0.022222222222222223
1942,戰時生活局 :: 町会課,雇,11,45,0.24444444444444444
1942,戰時生活局 :: 貯蓄奬勵課,Unknown,3,13,0.23076923076923078
1942,戰時生活局 :: 貯蓄奬勵課,書記,6,13,0.46153846153846156
1942,戰時生活局 :: 貯蓄奬勵課,課長,1,13,0.07692307692307693
1942,戰時生活局 :: 貯蓄奬勵課,雇,3,13,0.23076923076923078
1942,戰時生活局 :: 農漁課,Unknown,12,56,0.21428571428571427
1942,戰時生活局 :: 農漁課,主事,1,56,0.017857142857142856
1942,戰時生活局 :: 農漁課,囑託員,4,56,0.07142857142857142
1942,戰時生活局 :: 農漁課,技手,14,56,0.25
1942,戰時生活局 :: 農漁課,書記,10,56,0.17857142857142858
1942,戰時生活局 :: 農漁課,雇,15,56,0.26785714285714285
1942,戰時生活局 :: 配給第一課,Unknown,6,39,0.15384615384615385
1942,戰時生活局 :: 配給第一課,技手,7,39,0.1794871794871795
1942,戰時生活局 :: 配給第一課,書記,18,39,0.46153846153846156
1942,戰時生活局 :: 配給第一課,課長,1,39,0.02564102564102564
1942,戰時生活局 :: 配給第一課,雇,7,39,0.1794871794871795
1942,戰時生活局 :: 配給第二課,Unknown,7,50,0.14
1942,戰時生活局 :: 配給第二課,技手,6,50,0.12
1942,戰時生活局 :: 配給第二課,書記,30,50,0.6
1942,戰時生活局 :: 配給第二課,雇,7,50,0.14
1942,教育局 :: 中等教育課,Unknown,13,40,0.325
1942,教育局 :: 中等教育課,囑託員,11,40,0.275
1942,教育局 :: 中等教育課,書記,11,40,0.275
1942,教育局 :: 中等教育課,課長,1,40,0.025
1942,教育局 :: 中等教育課,雇,4,40,0.1
1942,教育局 :: 学校体育課,Unknown,21,36,0.5833333333333334
1942,教育局 :: 学校体育課,兼,3,36,0.08333333333333333
1942,教育局 :: 学校体育課,書記,6,36,0.16666666666666666
1942,教育局 :: 学校体育課,講師,6,36,0.16666666666666666
1942,教育局 :: 学校施設課,Unknown,28,47,0.5957446808510638
1942,教育局 :: 学校施設課,囑託員,1,47,0.02127659574468085
1942,教育局 :: 学校施設課,技手,1,47,0.02127659574468085
1942,教育局 :: 学校施設課,書記,9,47,0.19148936170212766
1942,教育局 :: 学校施設課,課長,1,47,0.02127659574468085
1942,教育局 :: 学校施設課,雇,7,47,0.14893617021276595
1942,教育局 :: 庶務課,Unknown,10,113,0.08849557522123894
1942,教育局 :: 庶務課,技師,1,113,0.008849557522123894
1942,教育局 :: 庶務課,技手,8,113,0.07079646017699115
1942,教育局 :: 庶務課,書記,43,113,0.3805309734513274
1942,教育局 :: 庶務課,課長,1,113,0.008849557522123894
1942,教育局 :: 庶務課,雇,50,113,0.4424778761061947
1942,教育局 :: 教化課,Unknown,3,16,0.1875
1942,教育局 :: 教化課,囑託員,2,16,0.125
1942,教育局 :: 教化課,書記,8,16,0.5
1942,教育局 :: 教化課,課長,1,16,0.0625
1942,教育局 :: 教化課,雇,2,16,0.125
1942,教育局 :: 教育研究所,Unknown,6,85,0.07058823529411765
1942,教育局 :: 教育研究所,主事,1,85,0.011764705882352941
1942,教育局 :: 教育研究所,局長,1,85,0.011764705882352941
1942,教育局 :: 教育研究所,書記,39,85,0.4588235294117647
1942,教育局 :: 教育研究所,講師,6,85,0.07058823529411765
1942,教育局 :: 教育研究所,雇,32,85,0.3764705882352941
1942,教育局 :: 施設課,Unknown,7,57,0.12280701754385964
1942,教育局 :: 施設課,囑託員,1,57,0.017543859649122806
1942,教育局 :: 施設課,技手,14,57,0.24561403508771928
1942,教育局 :: 施設課,書記,6,57,0.10526315789473684
1942,教育局 :: 施設課,課長,1,57,0.017543859649122806
1942,教育局 :: 施設課,雇,28,57,0.49122807017543857
1942,教育局 :: 訓練課,Unknown,19,86,0.22093023255813954
1942,教育局 :: 訓練課,囑託員,8,86,0.09302325581395349
1942,教育局 :: 訓練課,技手,9,86,0.10465116279069768
1942,教育局 :: 訓練課,書記,28,86,0.32558139534883723
1942,教育局 :: 訓練課,雇,22,86,0.2558139534883721
1942,教育局 :: 資材課,Unknown,15,168,0.08928571428571429
1942,教育局 :: 資材課,囑託員,1,168,0.005952380952380952
1942,教育局 :: 資材課,技手,47,168,0.27976190476190477
1942,教育局 :: 資材課,書記,32,168,0.19047619047619047
1942,教育局 :: 資材課,課長,1,168,0.005952380952380952
1942,教育局 :: 資材課,雇,72,168,0.42857142857142855
1942,水道局 :: 小母浦合宿所,Unknown,1,31,0.03225806451612903
1942,水道局 :: 小母浦合宿所,書記,14,31,0.45161290322580644
1942,水道局 :: 小母浦合宿所,藥劑員,2,31,0.06451612903225806
1942,水道局 :: 小母浦合宿所,課長,1,31,0.03225806451612903
1942,水道局 :: 小母浦合宿所,雇,13,31,0.41935483870967744
1942,水道局 :: 小留浦合宿所,Unknown,1,81,0.012345679012345678
1942,水道局 :: 小留浦合宿所,技手,43,81,0.5308641975308642
1942,水道局 :: 小留浦合宿所,書記,8,81,0.09876543209876543
1942,水道局 :: 小留浦合宿所,雇,29,81,0.35802469135802467
1942,水道局 :: 小留浦金活所,Unknown,1,1,1
1942,水道局 :: 庶務課,Unknown,2,15,0.13333333333333333
1942,水道局 :: 庶務課,技手,6,15,0.4
1942,水道局 :: 庶務課,書記,6,15,0.4
1942,水道局 :: 庶務課,課長,1,15,0.06666666666666667
1942,水道局 :: 所,Unknown,7,7,1
1942,水道局 :: 技術課,Unknown,7,52,0.1346153846153846
1942,水道局 :: 技術課,技手,32,52,0.6153846153846154
1942,水道局 :: 技術課,雇,13,52,0.25
1942,水道局 :: 擴張課,Unknown,6,106,0.05660377358490566
1942,水道局 :: 擴張課,技手,59,106,0.5566037735849056
1942,水道局 :: 擴張課,書記,40,106,0.37735849056603776
1942,水道局 :: 擴張課,課長,1,106,0.009433962264150943
1942,水道局 :: 水源林事務所,Unknown,4,22,0.18181818181818182
1942,水道局 :: 水源林事務所,所長,2,22,0.09090909090909091
1942,水道局 :: 水源林事務所,技師,1,22,0.045454545454545456
1942,水道局 :: 水源林事務所,技手,14,22,0.6363636363636364
1942,水道局 :: 水源林事務所,書記,1,22,0.045454545454545456
1942,水道局 :: 水課,Unknown,10,85,0.11764705882352941
1942,水道局 :: 水課,主事,1,85,0.011764705882352941
1942,水道局 :: 水課,技師,1,85,0.011764705882352941
1942,水道局 :: 水課,技手,5,85,0.058823529411764705
1942,水道局 :: 水課,雇,68,85,0.8
1942,水道局 :: 給水課,Unknown,17,178,0.09550561797752809
1942,水道局 :: 給水課,技手,76,178,0.42696629213483145
1942,水道局 :: 給水課,書記,17,178,0.09550561797752809
1942,水道局 :: 給水課,課長,1,178,0.0056179775280898875
1942,水道局 :: 給水課,雇,67,178,0.37640449438202245
1942,港湾局 :: 会計課,Unknown,15,23,0.6521739130434783
1942,港湾局 :: 会計課,雇,8,23,0.34782608695652173
1942,港湾局 :: 営業課,Unknown,6,7,0.8571428571428571
1942,港湾局 :: 営業課,課長,1,7,0.14285714285714285
1942,港湾局 :: 庶務課,Unknown,32,141,0.22695035460992907
1942,港湾局 :: 庶務課,技手,4,141,0.028368794326241134
1942,港湾局 :: 庶務課,書記,42,141,0.2978723404255319
1942,港湾局 :: 庶務課,監視,38,141,0.2695035460992908
1942,港湾局 :: 庶務課,課長,2,141,0.014184397163120567
1942,港湾局 :: 庶務課,雇,23,141,0.16312056737588654
1942,港湾局 :: 港務所,Unknown,1,41,0.024390243902439025
1942,港湾局 :: 港務所,局長,1,41,0.024390243902439025
1942,港湾局 :: 港務所,所長,3,41,0.07317073170731707
1942,港湾局 :: 港務所,技師,1,41,0.024390243902439025
1942,港湾局 :: 港務所,技手,4,41,0.0975609756097561
1942,港湾局 :: 港務所,書記,8,41,0.1951219512195122
1942,港湾局 :: 港務所,機關手,2,41,0.04878048780487805
1942,港湾局 :: 港務所,監視,2,41,0.04878048780487805
1942,港湾局 :: 港務所,船長,1,41,0.024390243902439025
1942,港湾局 :: 港務所,雇,18,41,0.43902439024390244
1942,港湾局 :: 築港課,Unknown,22,147,0.14965986394557823
1942,港湾局 :: 築港課,主事,1,147,0.006802721088435374
1942,港湾局 :: 築港課,技師,1,147,0.006802721088435374
1942,港湾局 :: 築港課,技手,30,147,0.20408163265306123
1942,港湾局 :: 築港課,書記,10,147,0.06802721088435375
1942,港湾局 :: 築港課,機關手,74,147,0.5034013605442177
1942,港湾局 :: 築港課,船長,8,147,0.05442176870748299
1942,港湾局 :: 築港課,課長,1,147,0.006802721088435374
1942,経理局 :: 会計課,Unknown,9,69,0.13043478260869565
1942,経理局 :: 会計課,書記,41,69,0.5942028985507246
1942,経理局 :: 会計課,雇,19,69,0.2753623188405797
1942,経理局 :: 収納課,Unknown,6,179,0.0335195530726257
1942,経理局 :: 収納課,主事,1,179,0.00558659217877095
1942,経理局 :: 収納課,兼,112,179,0.6256983240223464
1942,経理局 :: 収納課,技手,47,179,0.26256983240223464
1942,経理局 :: 収納課,書記,12,179,0.0670391061452514
1942,経理局 :: 収納課,課長,1,179,0.00558659217877095
1942,経理局 :: 向島区役所,Unknown,7,159,0.0440251572327044
1942,経理局 :: 向島区役所,區長,1,159,0.006289308176100629
1942,経理局 :: 向島区役所,囑託員,5,159,0.031446540880503145
1942,経理局 :: 向島区役所,書記,58,159,0.36477987421383645
1942,経理局 :: 向島区役所,雇,87,159,0.5471698113207547
1942,経理局 :: 向島区役所,體力指導員,1,159,0.006289308176100629
1942,経理局 :: 営繕課,Unknown,7,99,0.0707070707070707
1942,経理局 :: 営繕課,技手,58,99,0.5858585858585859
1942,経理局 :: 営繕課,書記,1,99,0.010101010101010102
1942,経理局 :: 営繕課,雇,33,99,0.3333333333333333
1942,経理局 :: 地理課,Unknown,9,188,0.047872340425531915
1942,経理局 :: 地理課,主事,1,188,0.005319148936170213
1942,経理局 :: 地理課,技師,1,188,0.005319148936170213
1942,経理局 :: 地理課,技手,30,188,0.1595744680851064
1942,経理局 :: 地理課,書記,76,188,0.40425531914893614
1942,経理局 :: 地理課,監視,71,188,0.3776595744680851
1942,経理局 :: 城東区役所,Unknown,5,162,0.030864197530864196
1942,経理局 :: 城東区役所,主事,1,162,0.006172839506172839
1942,経理局 :: 城東区役所,區長,1,162,0.006172839506172839
1942,経理局 :: 城東区役所,囑託員,5,162,0.030864197530864196
1942,経理局 :: 城東区役所,書記,69,162,0.42592592592592593
1942,経理局 :: 城東区役所,雇,79,162,0.4876543209876543
1942,経理局 :: 城東区役所,體力指導員,2,162,0.012345679012345678
1942,経理局 :: 学校営繕課,Unknown,26,174,0.14942528735632185
1942,経理局 :: 学校営繕課,囑託員,20,174,0.11494252873563218
1942,経理局 :: 学校営繕課,書記,127,174,0.7298850574712644
1942,経理局 :: 学校営繕課,課長,1,174,0.005747126436781609
1942,経理局 :: 板橋区役所,Unknown,7,172,0.040697674418604654
1942,経理局 :: 板橋区役所,兼,2,172,0.011627906976744186
1942,経理局 :: 板橋区役所,區長,1,172,0.005813953488372093
1942,経理局 :: 板橋区役所,書記,69,172,0.4011627906976744
1942,経理局 :: 板橋区役所,體力指導員,93,172,0.5406976744186046
1942,経理局 :: 用品課,Unknown,3,4,0.75
1942,経理局 :: 用品課,課長,1,4,0.25
1942,経理局 :: 管理課,Unknown,8,32,0.25
1942,経理局 :: 管理課,囑託員,1,32,0.03125
1942,経理局 :: 管理課,技師,1,32,0.03125
1942,経理局 :: 管理課,技手,8,32,0.25
1942,経理局 :: 管理課,書記,13,32,0.40625
1942,経理局 :: 管理課,課長,1,32,0.03125
1942,経理局 :: 荒川区役所,Unknown,9,70,0.12857142857142856
1942,経理局 :: 荒川区役所,書記,61,70,0.8714285714285714
1942,経理局 :: 葛飾区役所,Unknown,17,273,0.06227106227106227
1942,経理局 :: 葛飾区役所,兼,1,273,0.003663003663003663
1942,経理局 :: 葛飾区役所,區長,2,273,0.007326007326007326
1942,経理局 :: 葛飾区役所,囑託員,10,273,0.03663003663003663
1942,経理局 :: 葛飾区役所,書記,151,273,0.5531135531135531
1942,経理局 :: 葛飾区役所,雇,91,273,0.3333333333333333
1942,経理局 :: 葛飾区役所,體力指導員,1,273,0.003663003663003663
1942,経理局 :: 裝置課,Unknown,3,54,0.05555555555555555
1942,経理局 :: 裝置課,技手,27,54,0.5
1942,経理局 :: 裝置課,課長,1,54,0.018518518518518517
1942,経理局 :: 裝置課,雇,23,54,0.42592592592592593
1942,経理局 :: 豊島区役所,Unknown,15,378,0.03968253968253968
1942,経理局 :: 豊島区役所,主事,1,378,0.0026455026455026454
1942,経理局 :: 豊島区役所,區長,3,378,0.007936507936507936
1942,経理局 :: 豊島区役所,囑託員,3,378,0.007936507936507936
1942,経理局 :: 豊島区役所,技手,1,378,0.0026455026455026454
1942,経理局 :: 豊島区役所,書記,151,378,0.3994708994708995
1942,経理局 :: 豊島区役所,體力指導員,204,378,0.5396825396825397
1942,経理局 :: 買課,Unknown,5,75,0.06666666666666667
1942,経理局 :: 買課,技手,27,75,0.36
1942,経理局 :: 買課,書記,43,75,0.5733333333333334
1942,経理局 :: 購買課,Unknown,8,58,0.13793103448275862
1942,経理局 :: 購買課,書記,26,58,0.4482758620689655
1942,経理局 :: 購買課,課長,1,58,0.017241379310344827
1942,経理局 :: 購買課,雇,23,58,0.39655172413793105
1942,経理局 :: 足立区役所,區長,8,180,0.044444444444444446
1942,経理局 :: 足立区役所,囑託員,2,180,0.011111111111111112
1942,経理局 :: 足立区役所,書記,56,180,0.3111111111111111
1942,経理局 :: 足立区役所,雇,112,180,0.6222222222222222
1942,経理局 :: 足立区役所,體力指導員,2,180,0.011111111111111112
1942,電気局 :: 下谷区役所,Unknown,8,67,0.11940298507462686
1942,電気局 :: 下谷区役所,主事,1,67,0.014925373134328358
1942,電気局 :: 下谷区役所,囑託員,1,67,0.014925373134328358
1942,電気局 :: 下谷区役所,書記,57,67,0.8507462686567164
1942,電気局 :: 中野区役所,Unknown,9,177,0.05084745762711865
1942,電気局 :: 中野区役所,主事,1,177,0.005649717514124294
1942,電気局 :: 中野区役所,兼,70,177,0.3954802259887006
1942,電気局 :: 中野区役所,囑託員,1,177,0.005649717514124294
1942,電気局 :: 中野区役所,技手,94,177,0.5310734463276836
1942,電気局 :: 中野区役所,書記,2,177,0.011299435028248588
1942,電気局 :: 主計課,Unknown,3,18,0.16666666666666666
1942,電気局 :: 主計課,書記,10,18,0.5555555555555556
1942,電気局 :: 主計課,課長,1,18,0.05555555555555555
1942,電気局 :: 主計課,雇,4,18,0.2222222222222222
1942,電気局 :: 井場,兼,1,90,0.011111111111111112
1942,電気局 :: 井場,囑託員,3,90,0.03333333333333333
1942,電気局 :: 井場,書記,34,90,0.37777777777777777
1942,電気局 :: 井場,雇,52,90,0.5777777777777777
1942,電気局 :: 京橋区役所,Unknown,8,164,0.04878048780487805
1942,電気局 :: 京橋区役所,兼,1,164,0.006097560975609756
1942,電気局 :: 京橋区役所,區長,2,164,0.012195121951219513
1942,電気局 :: 京橋区役所,囑託員,2,164,0.012195121951219513
1942,電気局 :: 京橋区役所,書記,72,164,0.43902439024390244
1942,電気局 :: 京橋区役所,雇,79,164,0.4817073170731707
1942,電気局 :: 会計課,Unknown,9,89,0.10112359550561797
1942,電気局 :: 会計課,技手,7,89,0.07865168539325842
1942,電気局 :: 会計課,書記,39,89,0.43820224719101125
1942,電気局 :: 会計課,雇,34,89,0.38202247191011235
1942,電気局 :: 作業課,Unknown,4,174,0.022988505747126436
1942,電気局 :: 作業課,兼,6,174,0.034482758620689655
1942,電気局 :: 作業課,技師,1,174,0.005747126436781609
1942,電気局 :: 作業課,技手,16,174,0.09195402298850575
1942,電気局 :: 作業課,書記,21,174,0.1206896551724138
1942,電気局 :: 作業課,機關手,15,174,0.08620689655172414
1942,電気局 :: 作業課,清掃監督,7,174,0.040229885057471264
1942,電気局 :: 作業課,監視,92,174,0.5287356321839081
1942,電気局 :: 作業課,船長,11,174,0.06321839080459771
1942,電気局 :: 作業課,課長,1,174,0.005747126436781609
1942,電気局 :: 保線課,Unknown,19,88,0.2159090909090909
1942,電気局 :: 保線課,主事,1,88,0.011363636363636364
1942,電気局 :: 保線課,技師,1,88,0.011363636363636364
1942,電気局 :: 保線課,技手,63,88,0.7159090909090909
1942,電気局 :: 保線課,書記,4,88,0.045454545454545456
1942,電気局 :: 品川区役所,Unknown,7,48,0.14583333333333334
1942,電気局 :: 品川区役所,主事,1,48,0.020833333333333332
1942,電気局 :: 品川区役所,區長,2,48,0.041666666666666664
1942,電気局 :: 品川区役所,書記,38,48,0.7916666666666666
1942,電気局 :: 四谷区役所,Unknown,5,29,0.1724137931034483
1942,電気局 :: 四谷区役所,主事,1,29,0.034482758620689655
1942,電気局 :: 四谷区役所,區長,1,29,0.034482758620689655
1942,電気局 :: 四谷区役所,書記,22,29,0.7586206896551724
1942,電気局 :: 大場,囑託員,1,23,0.043478260869565216
1942,電気局 :: 大場,體力指導員,22,23,0.9565217391304348
1942,電気局 :: 大森区役所,Unknown,10,79,0.12658227848101267
1942,電気局 :: 大森区役所,主事,1,79,0.012658227848101266
1942,電気局 :: 大森区役所,區長,1,79,0.012658227848101266
1942,電気局 :: 大森区役所,書記,67,79,0.8481012658227848
1942,電気局 :: 島野木田岡只場,技手,19,45,0.4222222222222222
1942,電気局 :: 島野木田岡只場,書記,4,45,0.08888888888888889
1942,電気局 :: 島野木田岡只場,雇,22,45,0.4888888888888889
1942,電気局 :: 庶務課,Unknown,10,63,0.15873015873015872
1942,電気局 :: 庶務課,書記,52,63,0.8253968253968254
1942,電気局 :: 庶務課,課長,1,63,0.015873015873015872
1942,電気局 :: 日本橋区役所,Unknown,7,142,0.04929577464788732
1942,電気局 :: 日本橋区役所,技手,1,142,0.007042253521126761
1942,電気局 :: 日本橋区役所,書記,66,142,0.4647887323943662
1942,電気局 :: 日本橋区役所,雇,68,142,0.4788732394366197
1942,電気局 :: 本所区役所,Unknown,7,200,0.035
1942,電気局 :: 本所区役所,區長,2,200,0.01
1942,電気局 :: 本所区役所,囑託員,2,200,0.01
1942,電気局 :: 本所区役所,書記,90,200,0.45
1942,電気局 :: 本所区役所,體力指導員,99,200,0.495
1942,電気局 :: 本郷区役所,區長,1,1,1
1942,電気局 :: 浅区役所,Unknown,4,216,0.018518518518518517
1942,電気局 :: 浅区役所,區長,1,216,0.004629629629629629
1942,電気局 :: 浅区役所,囑託員,6,216,0.027777777777777776
1942,電気局 :: 浅区役所,書記,94,216,0.4351851851851852
1942,電気局 :: 浅区役所,雇,110,216,0.5092592592592593
1942,電気局 :: 浅区役所,體力指導員,1,216,0.004629629629629629
1942,電気局 :: 淀橋区役所,Unknown,5,159,0.031446540880503145
1942,電気局 :: 淀橋区役所,主事,1,159,0.006289308176100629
1942,電気局 :: 淀橋区役所,兼,71,159,0.44654088050314467
1942,電気局 :: 淀橋区役所,區長,1,159,0.006289308176100629
1942,電気局 :: 淀橋区役所,囑託員,6,159,0.03773584905660377
1942,電気局 :: 淀橋区役所,技手,3,159,0.018867924528301886
1942,電気局 :: 淀橋区役所,雇,72,159,0.4528301886792453
1942,電気局 :: 深川区役所,Unknown,10,150,0.06666666666666667
1942,電気局 :: 深川区役所,主事,1,150,0.006666666666666667
1942,電気局 :: 深川区役所,區長,2,150,0.013333333333333334
1942,電気局 :: 深川区役所,書記,87,150,0.58
1942,電気局 :: 深川区役所,體力指導員,50,150,0.3333333333333333
1942,電気局 :: 牛込区役所,Unknown,5,29,0.1724137931034483
1942,電気局 :: 牛込区役所,主事,1,29,0.034482758620689655
1942,電気局 :: 牛込区役所,區長,1,29,0.034482758620689655
1942,電気局 :: 牛込区役所,書記,22,29,0.7586206896551724
1942,電気局 :: 監理課,Unknown,8,94,0.0851063829787234
1942,電気局 :: 監理課,書記,20,94,0.2127659574468085
1942,電気局 :: 監理課,監視,65,94,0.6914893617021277
1942,電気局 :: 監理課,課長,1,94,0.010638297872340425
1942,電気局 :: 目黒区役所,Unknown,5,73,0.0684931506849315
1942,電気局 :: 目黒区役所,主事,1,73,0.0136986301369863
1942,電気局 :: 目黒区役所,區長,1,73,0.0136986301369863
1942,電気局 :: 目黒区役所,書記,66,73,0.9041095890410958
1942,電気局 :: 目黒電車営業所,Unknown,17,1303,0.013046815042210284
1942,電気局 :: 目黒電車営業所,主事,4,1303,0.0030698388334612432
1942,電気局 :: 目黒電車営業所,囑託員,1,1303,7.674597083653108e-4
1942,電気局 :: 目黒電車営業所,所長,47,1303,0.03607060629316961
1942,電気局 :: 目黒電車営業所,技師,1,1303,7.674597083653108e-4
1942,電気局 :: 目黒電車営業所,技手,422,1303,0.32386799693016116
1942,電気局 :: 目黒電車営業所,書記,175,1303,0.1343054489639294
1942,電気局 :: 目黒電車営業所,雇,636,1303,0.48810437452033767
1942,電気局 :: 研究課,Unknown,5,22,0.22727272727272727
1942,電気局 :: 研究課,技手,6,22,0.2727272727272727
1942,電気局 :: 研究課,課長,1,22,0.045454545454545456
1942,電気局 :: 研究課,雇,10,22,0.45454545454545453
1942,電気局 :: 砧派出所,Unknown,14,420,0.03333333333333333
1942,電気局 :: 砧派出所,主事,2,420,0.004761904761904762
1942,電気局 :: 砧派出所,兼,55,420,0.13095238095238096
1942,電気局 :: 砧派出所,區長,2,420,0.004761904761904762
1942,電気局 :: 砧派出所,囑託員,22,420,0.05238095238095238
1942,電気局 :: 砧派出所,書記,121,420,0.28809523809523807
1942,電気局 :: 砧派出所,雇,203,420,0.48333333333333334
1942,電気局 :: 砧派出所,體力指導員,1,420,0.002380952380952381
1942,電気局 :: 神田区役所,Unknown,7,34,0.20588235294117646
1942,電気局 :: 神田区役所,主事,1,34,0.029411764705882353
1942,電気局 :: 神田区役所,兼,22,34,0.6470588235294118
1942,電気局 :: 神田区役所,區長,1,34,0.029411764705882353
1942,電気局 :: 神田区役所,書記,3,34,0.08823529411764706
1942,電気局 :: 経理課,Unknown,5,69,0.07246376811594203
1942,電気局 :: 経理課,囑託員,2,69,0.028985507246376812
1942,電気局 :: 経理課,技手,18,69,0.2608695652173913
1942,電気局 :: 経理課,書記,26,69,0.37681159420289856
1942,電気局 :: 経理課,課長,1,69,0.014492753623188406
1942,電気局 :: 経理課,雇,17,69,0.2463768115942029
1942,電気局 :: 芝区役所,Unknown,7,188,0.03723404255319149
1942,電気局 :: 芝区役所,兼,3,188,0.015957446808510637
1942,電気局 :: 芝区役所,區長,2,188,0.010638297872340425
1942,電気局 :: 芝区役所,書記,80,188,0.425531914893617
1942,電気局 :: 芝区役所,監視,95,188,0.5053191489361702
1942,電気局 :: 芝区役所,體力指導員,1,188,0.005319148936170213
1942,電気局 :: 荏原区役所,Unknown,5,161,0.031055900621118012
1942,電気局 :: 荏原区役所,主事,1,161,0.006211180124223602
1942,電気局 :: 荏原区役所,區長,1,161,0.006211180124223602
1942,電気局 :: 荏原区役所,囑託員,5,161,0.031055900621118012
1942,電気局 :: 荏原区役所,技手,82,161,0.5093167701863354
1942,電気局 :: 荏原区役所,書記,65,161,0.40372670807453415
1942,電気局 :: 荏原区役所,體力指導員,2,161,0.012422360248447204
1942,電気局 :: 蒲田区役所,Unknown,7,177,0.03954802259887006
1942,電気局 :: 蒲田区役所,兼,85,177,0.480225988700565
1942,電気局 :: 蒲田区役所,區長,1,177,0.005649717514124294
1942,電気局 :: 蒲田区役所,収納書記,2,177,0.011299435028248588
1942,電気局 :: 蒲田区役所,囑託員,4,177,0.022598870056497175
1942,電気局 :: 蒲田区役所,書記,61,177,0.3446327683615819
1942,電気局 :: 蒲田区役所,雇,17,177,0.096045197740113
1942,電気局 :: 親切課,Unknown,5,38,0.13157894736842105
1942,電気局 :: 親切課,囑託員,1,38,0.02631578947368421
1942,電気局 :: 親切課,書記,17,38,0.4473684210526316
1942,電気局 :: 親切課,課長,1,38,0.02631578947368421
1942,電気局 :: 親切課,雇,14,38,0.3684210526315789
1942,電気局 :: 計画課,Unknown,8,100,0.08
1942,電気局 :: 計画課,主事,2,100,0.02
1942,電気局 :: 計画課,技手,3,100,0.03
1942,電気局 :: 計画課,書記,14,100,0.14
1942,電気局 :: 計画課,清掃監督,5,100,0.05
1942,電気局 :: 計画課,監視,52,100,0.52
1942,電気局 :: 計画課,課長,1,100,0.01
1942,電気局 :: 計画課,雇,15,100,0.15
1942,電気局 :: 試験課,Unknown,2,28,0.07142857142857142
1942,電気局 :: 試験課,主事,1,28,0.03571428571428571
1942,電気局 :: 試験課,技師,2,28,0.07142857142857142
1942,電気局 :: 試験課,技手,7,28,0.25
1942,電気局 :: 試験課,書記,2,28,0.07142857142857142
1942,電気局 :: 試験課,雇,14,28,0.5
1942,電気局 :: 調査課,Unknown,11,83,0.13253012048192772
1942,電気局 :: 調査課,主事,2,83,0.024096385542168676
1942,電気局 :: 調査課,兼,2,83,0.024096385542168676
1942,電気局 :: 調査課,囑託員,5,83,0.060240963855421686
1942,電気局 :: 調査課,所長,2,83,0.024096385542168676
1942,電気局 :: 調査課,技手,6,83,0.07228915662650602
1942,電気局 :: 調査課,書記,29,83,0.3493975903614458
1942,電気局 :: 調査課,雇,26,83,0.3132530120481928
1942,電気局 :: 赤坂区役所,Unknown,2,7,0.2857142857142857
1942,電気局 :: 赤坂区役所,區長,5,7,0.7142857142857143
1942,電気局 :: 車輛課,Unknown,11,65,0.16923076923076924
1942,電気局 :: 車輛課,主事,1,65,0.015384615384615385
1942,電気局 :: 車輛課,技手,45,65,0.6923076923076923
1942,電気局 :: 車輛課,書記,8,65,0.12307692307692308
1942,電気局 :: 運転課,Unknown,7,45,0.15555555555555556
1942,電気局 :: 運転課,書記,25,45,0.5555555555555556
1942,電気局 :: 運転課,課長,1,45,0.022222222222222223
1942,電気局 :: 運転課,雇,12,45,0.26666666666666666
1942,電気局 :: 電力課,Unknown,6,7,0.8571428571428571
1942,電気局 :: 電力課,課長,1,7,0.14285714285714285
1942,電気局 :: 電気研究所,Unknown,6,23,0.2608695652173913
1942,電気局 :: 電気研究所,主事,1,23,0.043478260869565216
1942,電気局 :: 電気研究所,所長,2,23,0.08695652173913043
1942,電気局 :: 電気研究所,技手,2,23,0.08695652173913043
1942,電気局 :: 電気研究所,書記,6,23,0.2608695652173913
1942,電気局 :: 電気研究所,雇,6,23,0.2608695652173913
1942,電気局 :: 麹町区役所,Unknown,10,15,0.6666666666666666
1942,電気局 :: 麹町区役所,區長,1,15,0.06666666666666667
1942,電気局 :: 麹町区役所,書記,4,15,0.26666666666666666
1942,電気局 :: 麻布区役所,Unknown,4,118,0.03389830508474576
1942,電気局 :: 麻布区役所,主事,1,118,0.00847457627118644
1942,電気局 :: 麻布区役所,區長,1,118,0.00847457627118644
1942,電気局 :: 麻布区役所,書記,112,118,0.9491525423728814
1942,養育院 :: 会計課,Unknown,3,32,0.09375
1942,養育院 :: 会計課,主事,1,32,0.03125
1942,養育院 :: 会計課,技手,2,32,0.0625
1942,養育院 :: 会計課,教諭,9,32,0.28125
1942,養育院 :: 会計課,書記,11,32,0.34375
1942,養育院 :: 会計課,雇,6,32,0.1875
1942,養育院 :: 医務課,Unknown,3,28,0.10714285714285714
1942,養育院 :: 医務課,囑託員,1,28,0.03571428571428571
1942,養育院 :: 医務課,技手,1,28,0.03571428571428571
1942,養育院 :: 医務課,書記,1,28,0.03571428571428571
1942,養育院 :: 医務課,藥劑員,5,28,0.17857142857142858
1942,養育院 :: 医務課,課長,1,28,0.03571428571428571
1942,養育院 :: 医務課,醫員,14,28,0.5
1942,養育院 :: 医務課,雇,2,28,0.07142857142857142
1942,養育院 :: 庶務課,Unknown,1,21,0.047619047619047616
1942,養育院 :: 庶務課,技手,3,21,0.14285714285714285
1942,養育院 :: 庶務課,書記,10,21,0.47619047619047616
1942,養育院 :: 庶務課,雇,7,21,0.3333333333333333
1942,養育院 :: 監護課,Unknown,3,16,0.1875
1942,養育院 :: 監護課,書記,8,16,0.5
1942,養育院 :: 監護課,課長,1,16,0.0625
1942,養育院 :: 監護課,雇,4,16,0.25
1943,中央卸売市場 :: 各区役所,Unknown,1,1,1
1943,中央卸売市場 :: 庶務課,局長,1,1,1
1943,中央卸売市場 :: 新聞記者室,Unknown,5,5,1
1943,中央卸売市場 :: 議事課,Unknown,3,3,1
1943,中央卸売市場 :: 電話事務所,Unknown,1,1,1
1943,健民局 :: 上中屋署,技手,92,93,0.989247311827957
1943,健民局 :: 上中屋署,部長,1,93,0.010752688172043012
1943,健民局 :: 中所,Unknown,50,266,0.18796992481203006
1943,健民局 :: 中所,主事,7,266,0.02631578947368421
1943,健民局 :: 中所,兼,1,266,0.0037593984962406013
1943,健民局 :: 中所,囑託員,1,266,0.0037593984962406013
1943,健民局 :: 中所,技師,5,266,0.018796992481203006
1943,健民局 :: 中所,技手,7,266,0.02631578947368421
1943,健民局 :: 中所,書記,31,266,0.11654135338345864
1943,健民局 :: 中所,機關手,8,266,0.03007518796992481
1943,健民局 :: 中所,歯科,15,266,0.05639097744360902
1943,健民局 :: 中所,看護婦長,8,266,0.03007518796992481
1943,健民局 :: 中所,藥劑員,29,266,0.10902255639097744
1943,健民局 :: 中所,醫員,84,266,0.3157894736842105
1943,健民局 :: 中所,雇,20,266,0.07518796992481203
1943,健民局 :: 会計課,Unknown,2,31,0.06451612903225806
1943,健民局 :: 会計課,主事,2,31,0.06451612903225806
1943,健民局 :: 会計課,技手,1,31,0.03225806451612903
1943,健民局 :: 会計課,教諭,7,31,0.22580645161290322
1943,健民局 :: 会計課,書記,14,31,0.45161290322580644
1943,健民局 :: 会計課,雇,5,31,0.16129032258064516
1943,健民局 :: 体力課,Unknown,11,53,0.20754716981132076
1943,健民局 :: 体力課,兼,8,53,0.1509433962264151
1943,健民局 :: 体力課,書記,11,53,0.20754716981132076
1943,健民局 :: 体力課,課長,2,53,0.03773584905660377
1943,健民局 :: 体力課,講師,3,53,0.05660377358490566
1943,健民局 :: 体力課,雇,15,53,0.2830188679245283
1943,健民局 :: 体力課,體力指導員,3,53,0.05660377358490566
1943,健民局 :: 健民局母子課,Unknown,2,23,0.08695652173913043
1943,健民局 :: 健民局母子課,技師,1,23,0.043478260869565216
1943,健民局 :: 健民局母子課,技手,1,23,0.043478260869565216
1943,健民局 :: 健民局母子課,書記,3,23,0.13043478260869565
1943,健民局 :: 健民局母子課,機關手,6,23,0.2608695652173913
1943,健民局 :: 健民局母子課,醫員,4,23,0.17391304347826086
1943,健民局 :: 健民局母子課,雇,6,23,0.2608695652173913
1943,健民局 :: 医務課,Unknown,17,69,0.2463768115942029
1943,健民局 :: 医務課,技手,5,69,0.07246376811594203
1943,健民局 :: 医務課,書記,1,69,0.014492753623188406
1943,健民局 :: 医務課,看護婦長,3,69,0.043478260869565216
1943,健民局 :: 医務課,藥劑員,12,69,0.17391304347826086
1943,健民局 :: 医務課,課長,1,69,0.014492753623188406
1943,健民局 :: 医務課,醫員,29,69,0.42028985507246375
1943,健民局 :: 医務課,雇,1,69,0.014492753623188406
1943,健民局 :: 千部出張所,Unknown,21,174,0.1206896551724138
1943,健民局 :: 千部出張所,主事,1,174,0.005747126436781609
1943,健民局 :: 千部出張所,囑託員,3,174,0.017241379310344827
1943,健民局 :: 千部出張所,園長,2,174,0.011494252873563218
1943,健民局 :: 千部出張所,所長,6,174,0.034482758620689655
1943,健民局 :: 千部出張所,技師,3,174,0.017241379310344827
1943,健民局 :: 千部出張所,技手,31,174,0.1781609195402299
1943,健民局 :: 千部出張所,書記,16,174,0.09195402298850575
1943,健民局 :: 千部出張所,機關手,2,174,0.011494252873563218
1943,健民局 :: 千部出張所,歯科,4,174,0.022988505747126436
1943,健民局 :: 千部出張所,監視,22,174,0.12643678160919541
1943,健民局 :: 千部出張所,看護婦長,2,174,0.011494252873563218
1943,健民局 :: 千部出張所,藥劑員,9,174,0.05172413793103448
1943,健民局 :: 千部出張所,醫員,18,174,0.10344827586206896
1943,健民局 :: 千部出張所,雇,34,174,0.19540229885057472
1943,健民局 :: 厚生課,Unknown,14,166,0.08433734939759036
1943,健民局 :: 厚生課,書記,151,166,0.9096385542168675
1943,健民局 :: 厚生課,課長,1,166,0.006024096385542169
1943,健民局 :: 古石場,技手,69,87,0.7931034482758621
1943,健民局 :: 古石場,書記,15,87,0.1724137931034483
1943,健民局 :: 古石場,社會書記,3,87,0.034482758620689655
1943,健民局 :: 庶務課,Unknown,8,49,0.16326530612244897
1943,健民局 :: 庶務課,技師,1,49,0.02040816326530612
1943,健民局 :: 庶務課,技手,3,49,0.061224489795918366
1943,健民局 :: 庶務課,書記,30,49,0.6122448979591837
1943,健民局 :: 庶務課,課長,1,49,0.02040816326530612
1943,健民局 :: 庶務課,雇,6,49,0.12244897959183673
1943,健民局 :: 所,兼,62,240,0.25833333333333336
1943,健民局 :: 所,囑託員,4,240,0.016666666666666666
1943,健民局 :: 所,所長,24,240,0.1
1943,健民局 :: 所,技手,26,240,0.10833333333333334
1943,健民局 :: 所,書記,51,240,0.2125
1943,健民局 :: 所,看護婦長,47,240,0.19583333333333333
1943,健民局 :: 所,藥劑員,26,240,0.10833333333333334
1943,健民局 :: 技術課,Unknown,5,54,0.09259259259259259
1943,健民局 :: 技術課,書記,30,54,0.5555555555555556
1943,健民局 :: 技術課,雇,19,54,0.35185185185185186
1943,健民局 :: 松戸療養所,所長,1,1,1
1943,健民局 :: 機械工訓育所長兼機械工訓育所,Unknown,2,39,0.05128205128205128
1943,健民局 :: 機械工訓育所長兼機械工訓育所,兼,31,39,0.7948717948717948
1943,健民局 :: 機械工訓育所長兼機械工訓育所,技手,3,39,0.07692307692307693
1943,健民局 :: 機械工訓育所長兼機械工訓育所,書記,3,39,0.07692307692307693
1943,健民局 :: 母子課,Unknown,6,134,0.04477611940298507
1943,健民局 :: 母子課,兼,25,134,0.1865671641791045
1943,健民局 :: 母子課,囑託員,2,134,0.014925373134328358
1943,健民局 :: 母子課,書記,20,134,0.14925373134328357
1943,健民局 :: 母子課,藥劑員,46,134,0.34328358208955223
1943,健民局 :: 母子課,課長,1,134,0.007462686567164179
1943,健民局 :: 母子課,醫員,10,134,0.07462686567164178
1943,健民局 :: 母子課,雇,24,134,0.1791044776119403
1943,健民局 :: 監護課,Unknown,3,15,0.2
1943,健民局 :: 監護課,書記,7,15,0.4666666666666667
1943,健民局 :: 監護課,課長,1,15,0.06666666666666667
1943,健民局 :: 監護課,雇,4,15,0.26666666666666666
1943,健民局 :: 管理課,Unknown,8,84,0.09523809523809523
1943,健民局 :: 管理課,主事,1,84,0.011904761904761904
1943,健民局 :: 管理課,技手,11,84,0.13095238095238096
1943,健民局 :: 管理課,書記,27,84,0.32142857142857145
1943,健民局 :: 管理課,機關手,9,84,0.10714285714285714
1943,健民局 :: 管理課,監視,4,84,0.047619047619047616
1943,健民局 :: 管理課,雇,24,84,0.2857142857142857
1943,健民局 :: 衛生試験所,所長,2,2,1
1943,健民局 :: 補導課,Unknown,11,11,1
1943,健民局 :: 軍事援護課,Unknown,22,45,0.4888888888888889
1943,健民局 :: 軍事援護課,技手,4,45,0.08888888888888889
1943,健民局 :: 軍事援護課,課長,1,45,0.022222222222222223
1943,健民局 :: 軍事援護課,雇,18,45,0.4
1943,健民局 :: 防疫課,Unknown,12,70,0.17142857142857143
1943,健民局 :: 防疫課,兼,1,70,0.014285714285714285
1943,健民局 :: 防疫課,書記,24,70,0.34285714285714286
1943,健民局 :: 防疫課,機關手,22,70,0.3142857142857143
1943,健民局 :: 防疫課,課長,1,70,0.014285714285714285
1943,健民局 :: 防疫課,醫員,10,70,0.14285714285714285
1943,健民局 :: 馬場,雇,13,13,1
1943,土木局 :: 庶務課,Unknown,9,64,0.140625
1943,土木局 :: 庶務課,技手,23,64,0.359375
1943,土木局 :: 庶務課,書記,32,64,0.5
1943,土木局 :: 江戸川区出張所,所長,1,12,0.08333333333333333
1943,土木局 :: 江戸川区出張所,技手,3,12,0.25
1943,土木局 :: 江戸川区出張所,雇,8,12,0.6666666666666666
1943,土木局 :: 治水課,Unknown,15,123,0.12195121951219512
1943,土木局 :: 治水課,技師,1,123,0.008130081300813009
1943,土木局 :: 治水課,技手,61,123,0.4959349593495935
1943,土木局 :: 治水課,書記,13,123,0.10569105691056911
1943,土木局 :: 治水課,監視,6,123,0.04878048780487805
1943,土木局 :: 治水課,船長,26,123,0.21138211382113822
1943,土木局 :: 治水課,課長,1,123,0.008130081300813009
1943,土木局 :: 道路建設課,Unknown,11,148,0.07432432432432433
1943,土木局 :: 道路建設課,技手,129,148,0.8716216216216216
1943,土木局 :: 道路建設課,書記,7,148,0.0472972972972973
1943,土木局 :: 道路建設課,課長,1,148,0.006756756756756757
1943,土木局 :: 道路管理課,Unknown,6,105,0.05714285714285714
1943,土木局 :: 道路管理課,技手,84,105,0.8
1943,土木局 :: 道路管理課,書記,14,105,0.13333333333333333
1943,土木局 :: 道路管理課,課長,1,105,0.009523809523809525
1943,市会事務局 :: 大和三八〇富署,Unknown,330,330,1
1943,市会事務局 :: 庶務課,囑託員,12,12,1
1943,市会事務局 :: 橋場,Unknown,412,412,1
1943,市会事務局 :: 福室,Unknown,43,43,1
1943,市会事務局 :: 茅場,Unknown,115,275,0.41818181818181815
1943,市会事務局 :: 茅場,書記,160,275,0.5818181818181818
1943,市会事務局 :: 議事課,Unknown,22,225,0.09777777777777778
1943,市会事務局 :: 議事課,囑託員,27,225,0.12
1943,市会事務局 :: 議事課,技師,1,225,0.0044444444444444444
1943,市会事務局 :: 議事課,書記,49,225,0.21777777777777776
1943,市会事務局 :: 議事課,課長,1,225,0.0044444444444444444
1943,市会事務局 :: 議事課,醫員,6,225,0.02666666666666667
1943,市会事務局 :: 議事課,雇,119,225,0.5288888888888889
1943,戰時生活局 :: 動員課,Unknown,6,35,0.17142857142857143
1943,戰時生活局 :: 動員課,書記,19,35,0.5428571428571428
1943,戰時生活局 :: 動員課,課長,1,35,0.02857142857142857
1943,戰時生活局 :: 動員課,雇,9,35,0.2571428571428571
1943,戰時生活局 :: 商工課,Unknown,21,77,0.2727272727272727
1943,戰時生活局 :: 商工課,技手,23,77,0.2987012987012987
1943,戰時生活局 :: 商工課,書記,33,77,0.42857142857142855
1943,戰時生活局 :: 庶務課,Unknown,3,30,0.1
1943,戰時生活局 :: 庶務課,書記,26,30,0.8666666666666667
1943,戰時生活局 :: 庶務課,課長,1,30,0.03333333333333333
1943,戰時生活局 :: 物價課,Unknown,6,18,0.3333333333333333
1943,戰時生活局 :: 物價課,技手,6,18,0.3333333333333333
1943,戰時生活局 :: 物價課,書記,5,18,0.2777777777777778
1943,戰時生活局 :: 物價課,課長,1,18,0.05555555555555555
1943,戰時生活局 :: 町会課,Unknown,25,44,0.5681818181818182
1943,戰時生活局 :: 町会課,書記,18,44,0.4090909090909091
1943,戰時生活局 :: 町会課,課長,1,44,0.022727272727272728
1943,戰時生活局 :: 管理課,Unknown,11,81,0.13580246913580246
1943,戰時生活局 :: 管理課,技師,1,81,0.012345679012345678
1943,戰時生活局 :: 管理課,技手,31,81,0.38271604938271603
1943,戰時生活局 :: 管理課,書記,37,81,0.4567901234567901
1943,戰時生活局 :: 管理課,課長,1,81,0.012345679012345678
1943,戰時生活局 :: 貯薄奬勵課,Unknown,2,12,0.16666666666666666
1943,戰時生活局 :: 貯薄奬勵課,書記,7,12,0.5833333333333334
1943,戰時生活局 :: 貯薄奬勵課,課長,1,12,0.08333333333333333
1943,戰時生活局 :: 貯薄奬勵課,雇,2,12,0.16666666666666666
1943,戰時生活局 :: 農漁課,Unknown,13,54,0.24074074074074073
1943,戰時生活局 :: 農漁課,囑託員,4,54,0.07407407407407407
1943,戰時生活局 :: 農漁課,技手,13,54,0.24074074074074073
1943,戰時生活局 :: 農漁課,書記,9,54,0.16666666666666666
1943,戰時生活局 :: 農漁課,課長,1,54,0.018518518518518517
1943,戰時生活局 :: 農漁課,部長,1,54,0.018518518518518517
1943,戰時生活局 :: 農漁課,雇,13,54,0.24074074074074073
1943,戰時生活局 :: 配給第一課,Unknown,3,35,0.08571428571428572
1943,戰時生活局 :: 配給第一課,技手,3,35,0.08571428571428572
1943,戰時生活局 :: 配給第一課,書記,18,35,0.5142857142857142
1943,戰時生活局 :: 配給第一課,課長,1,35,0.02857142857142857
1943,戰時生活局 :: 配給第一課,雇,10,35,0.2857142857142857
1943,戰時生活局 :: 配給第二課,Unknown,2,44,0.045454545454545456
1943,戰時生活局 :: 配給第二課,技手,4,44,0.09090909090909091
1943,戰時生活局 :: 配給第二課,書記,32,44,0.7272727272727273
1943,戰時生活局 :: 配給第二課,雇,6,44,0.13636363636363635
1943,教育局 :: 中等教育課,Unknown,11,38,0.2894736842105263
1943,教育局 :: 中等教育課,囑託員,12,38,0.3157894736842105
1943,教育局 :: 中等教育課,書記,10,38,0.2631578947368421
1943,教育局 :: 中等教育課,課長,1,38,0.02631578947368421
1943,教育局 :: 中等教育課,雇,4,38,0.10526315789473684
1943,教育局 :: 保線課,監督,4,4,1
1943,教育局 :: 学校体育課,Unknown,20,38,0.5263157894736842
1943,教育局 :: 学校体育課,兼,2,38,0.05263157894736842
1943,教育局 :: 学校体育課,書記,6,38,0.15789473684210525
1943,教育局 :: 学校体育課,課長,2,38,0.05263157894736842
1943,教育局 :: 学校体育課,講師,7,38,0.18421052631578946
1943,教育局 :: 学校体育課,醫員,1,38,0.02631578947368421
1943,教育局 :: 学校施設課,Unknown,6,19,0.3157894736842105
1943,教育局 :: 学校施設課,技手,1,19,0.05263157894736842
1943,教育局 :: 学校施設課,書記,8,19,0.42105263157894735
1943,教育局 :: 学校施設課,課長,1,19,0.05263157894736842
1943,教育局 :: 学校施設課,雇,3,19,0.15789473684210525
1943,教育局 :: 庶務課,Unknown,15,140,0.10714285714285714
1943,教育局 :: 庶務課,囑託員,1,140,0.007142857142857143
1943,教育局 :: 庶務課,技手,14,140,0.1
1943,教育局 :: 庶務課,書記,63,140,0.45
1943,教育局 :: 庶務課,課長,1,140,0.007142857142857143
1943,教育局 :: 庶務課,雇,46,140,0.32857142857142857
1943,教育局 :: 教化課,Unknown,4,16,0.25
1943,教育局 :: 教化課,囑託員,3,16,0.1875
1943,教育局 :: 教化課,書記,7,16,0.4375
1943,教育局 :: 教化課,課長,1,16,0.0625
1943,教育局 :: 教化課,雇,1,16,0.0625
1943,教育局 :: 教育研究所,Unknown,7,90,0.07777777777777778
1943,教育局 :: 教育研究所,主事,1,90,0.011111111111111112
1943,教育局 :: 教育研究所,局長,2,90,0.022222222222222223
1943,教育局 :: 教育研究所,書記,70,90,0.7777777777777778
1943,教育局 :: 教育研究所,講師,5,90,0.05555555555555555
1943,教育局 :: 教育研究所,雇,5,90,0.05555555555555555
1943,教育局 :: 施設課,Unknown,17,213,0.07981220657276995
1943,教育局 :: 施設課,技手,56,213,0.26291079812206575
1943,教育局 :: 施設課,書記,56,213,0.26291079812206575
1943,教育局 :: 施設課,課長,2,213,0.009389671361502348
1943,教育局 :: 施設課,雇,82,213,0.38497652582159625
1943,教育局 :: 詞練課,Unknown,15,78,0.19230769230769232
1943,教育局 :: 詞練課,囑託員,7,78,0.08974358974358974
1943,教育局 :: 詞練課,技手,31,78,0.3974358974358974
1943,教育局 :: 詞練課,書記,25,78,0.32051282051282054
1943,水道局 :: 下谷区役所,書記,2,2,1
1943,水道局 :: 収納課,Unknown,2,2,1
1943,水道局 :: 可籍兵事課・財務課,書記,1,1,1
1943,水道局 :: 審議室,Unknown,1,1,1
1943,水道局 :: 小智海合宿所,Unknown,1,40,0.025
1943,水道局 :: 小智海合宿所,技手,2,40,0.05
1943,水道局 :: 小智海合宿所,書記,23,40,0.575
1943,水道局 :: 小智海合宿所,藥劑員,1,40,0.025
1943,水道局 :: 小智海合宿所,課長,1,40,0.025
1943,水道局 :: 小智海合宿所,雇,12,40,0.3
1943,水道局 :: 小習酒合病所,Unknown,1,1,1
1943,水道局 :: 工務課,書記,3,3,1
1943,水道局 :: 幸場,技手,91,511,0.1780821917808219
1943,水道局 :: 幸場,書記,210,511,0.410958904109589
1943,水道局 :: 幸場,雇,210,511,0.410958904109589
1943,水道局 :: 庶務課,Unknown,2,15,0.13333333333333333
1943,水道局 :: 庶務課,主事,1,15,0.06666666666666667
1943,水道局 :: 庶務課,技手,1,15,0.06666666666666667
1943,水道局 :: 庶務課,書記,6,15,0.4
1943,水道局 :: 庶務課,雇,5,15,0.3333333333333333
1943,水道局 :: 所,Unknown,6,91,0.06593406593406594
1943,水道局 :: 所,技手,49,91,0.5384615384615384
1943,水道局 :: 所,書記,6,91,0.06593406593406594
1943,水道局 :: 所,雇,30,91,0.32967032967032966
1943,水道局 :: 技術課,Unknown,7,44,0.1590909090909091
1943,水道局 :: 技術課,技手,36,44,0.8181818181818182
1943,水道局 :: 技術課,課長,1,44,0.022727272727272728
1943,水道局 :: 擴張課,Unknown,4,5,0.8
1943,水道局 :: 擴張課,課長,1,5,0.2
1943,水道局 :: 水源林事務所,Unknown,5,25,0.2
1943,水道局 :: 水源林事務所,主事,1,25,0.04
1943,水道局 :: 水源林事務所,所長,3,25,0.12
1943,水道局 :: 水源林事務所,技師,1,25,0.04
1943,水道局 :: 水源林事務所,技手,8,25,0.32
1943,水道局 :: 水源林事務所,書記,1,25,0.04
1943,水道局 :: 水源林事務所,雇,6,25,0.24
1943,水道局 :: 王子区役所,書記,1,1,1
1943,水道局 :: 給水課,Unknown,14,122,0.11475409836065574
1943,水道局 :: 給水課,技手,78,122,0.639344262295082
1943,水道局 :: 給水課,書記,18,122,0.14754098360655737
1943,水道局 :: 給水課,課長,1,122,0.00819672131147541
1943,水道局 :: 給水課,雇,11,122,0.09016393442622951
1943,水道局 :: 長書仕役書役書室,Unknown,1,1,1
1943,港湾局 :: 会計課,Unknown,3,24,0.125
1943,港湾局 :: 会計課,書記,21,24,0.875
1943,港湾局 :: 営業課,Unknown,27,33,0.8181818181818182
1943,港湾局 :: 営業課,書記,5,33,0.15151515151515152
1943,港湾局 :: 営業課,課長,1,33,0.030303030303030304
1943,港湾局 :: 小室,書記,37,37,1
1943,港湾局 :: 庶務課,Unknown,35,137,0.25547445255474455
1943,港湾局 :: 庶務課,囑託員,2,137,0.014598540145985401
1943,港湾局 :: 庶務課,局長,1,137,0.0072992700729927005
1943,港湾局 :: 庶務課,技手,3,137,0.021897810218978103
1943,港湾局 :: 庶務課,書記,41,137,0.29927007299270075
1943,港湾局 :: 庶務課,課長,2,137,0.014598540145985401
1943,港湾局 :: 庶務課,雇,53,137,0.38686131386861317
1943,港湾局 :: 港務所,Unknown,1,40,0.025
1943,港湾局 :: 港務所,所長,2,40,0.05
1943,港湾局 :: 港務所,技師,1,40,0.025
1943,港湾局 :: 港務所,技手,4,40,0.1
1943,港湾局 :: 港務所,書記,8,40,0.2
1943,港湾局 :: 港務所,機關手,2,40,0.05
1943,港湾局 :: 港務所,監視,1,40,0.025
1943,港湾局 :: 港務所,船長,1,40,0.025
1943,港湾局 :: 港務所,雇,20,40,0.5
1943,港湾局 :: 築港課,Unknown,17,156,0.10897435897435898
1943,港湾局 :: 築港課,技手,27,156,0.17307692307692307
1943,港湾局 :: 築港課,書記,20,156,0.1282051282051282
1943,港湾局 :: 築港課,機關手,18,156,0.11538461538461539
1943,港湾局 :: 築港課,船長,10,156,0.0641025641025641
1943,港湾局 :: 築港課,課長,2,156,0.01282051282051282
1943,港湾局 :: 築港課,雇,62,156,0.3974358974358974
1943,港湾局 :: 長室部掛掛室室室室室,局長,1,1,1
1943,経理局 :: 収納課,Unknown,8,134,0.05970149253731343
1943,経理局 :: 収納課,技手,46,134,0.34328358208955223
1943,経理局 :: 収納課,書記,79,134,0.5895522388059702
1943,経理局 :: 収納課,課長,1,134,0.007462686567164179
1943,経理局 :: 向島区役所,Unknown,7,324,0.021604938271604937
1943,経理局 :: 向島区役所,主事,1,324,0.0030864197530864196
1943,経理局 :: 向島区役所,區長,7,324,0.021604938271604937
1943,経理局 :: 向島区役所,囑託員,10,324,0.030864197530864196
1943,経理局 :: 向島区役所,書記,129,324,0.39814814814814814
1943,経理局 :: 向島区役所,雇,168,324,0.5185185185185185
1943,経理局 :: 向島区役所,體力指導員,2,324,0.006172839506172839
1943,経理局 :: 営繕課,Unknown,9,67,0.13432835820895522
1943,経理局 :: 営繕課,技手,24,67,0.3582089552238806
1943,経理局 :: 営繕課,書記,1,67,0.014925373134328358
1943,経理局 :: 営繕課,雇,33,67,0.4925373134328358
1943,経理局 :: 地理課,Unknown,8,152,0.05263157894736842
1943,経理局 :: 地理課,兼,1,152,0.006578947368421052
1943,経理局 :: 地理課,技師,1,152,0.006578947368421052
1943,経理局 :: 地理課,技手,67,152,0.4407894736842105
1943,経理局 :: 地理課,書記,74,152,0.4868421052631579
1943,経理局 :: 地理課,課長,1,152,0.006578947368421052
1943,経理局 :: 学校警繕課,Unknown,29,39,0.7435897435897436
1943,経理局 :: 学校警繕課,技手,8,39,0.20512820512820512
1943,経理局 :: 学校警繕課,書記,1,39,0.02564102564102564
1943,経理局 :: 学校警繕課,課長,1,39,0.02564102564102564
1943,経理局 :: 書理課,Unknown,8,29,0.27586206896551724
1943,経理局 :: 書理課,書記,12,29,0.41379310344827586
1943,経理局 :: 書理課,課長,1,29,0.034482758620689655
1943,経理局 :: 書理課,雇,8,29,0.27586206896551724
1943,経理局 :: 書計課,Unknown,7,67,0.1044776119402985
1943,経理局 :: 書計課,書記,60,67,0.8955223880597015
1943,経理局 :: 杉並区役所,Unknown,14,567,0.024691358024691357
1943,経理局 :: 杉並区役所,主事,2,567,0.003527336860670194
1943,経理局 :: 杉並区役所,兼,109,567,0.19223985890652556
1943,経理局 :: 杉並区役所,區長,8,567,0.014109347442680775
1943,経理局 :: 杉並区役所,囑託員,14,567,0.024691358024691357
1943,経理局 :: 杉並区役所,技手,5,567,0.008818342151675485
1943,経理局 :: 杉並区役所,書記,212,567,0.37389770723104054
1943,経理局 :: 杉並区役所,體力指導員,203,567,0.35802469135802467
1943,経理局 :: 用品課,Unknown,10,82,0.12195121951219512
1943,経理局 :: 用品課,技手,15,82,0.18292682926829268
1943,経理局 :: 用品課,書記,35,82,0.4268292682926829
1943,経理局 :: 用品課,課長,1,82,0.012195121951219513
1943,経理局 :: 用品課,雇,21,82,0.25609756097560976
1943,経理局 :: 茅場,書記,4,4,1
1943,経理局 :: 荒川区役所,Unknown,17,369,0.04607046070460705
1943,経理局 :: 荒川区役所,主事,2,369,0.005420054200542005
1943,経理局 :: 荒川区役所,兼,18,369,0.04878048780487805
1943,経理局 :: 荒川区役所,囑託員,6,369,0.016260162601626018
1943,経理局 :: 荒川区役所,技手,3,369,0.008130081300813009
1943,経理局 :: 荒川区役所,書記,167,369,0.45257452574525747
1943,経理局 :: 荒川区役所,雇,154,369,0.4173441734417344
1943,経理局 :: 荒川区役所,體力指導員,2,369,0.005420054200542005
1943,経理局 :: 葛飾区役所,Unknown,7,236,0.029661016949152543
1943,経理局 :: 葛飾区役所,主事,1,236,0.00423728813559322
1943,経理局 :: 葛飾区役所,兼,61,236,0.2584745762711864
1943,経理局 :: 葛飾区役所,區長,10,236,0.0423728813559322
1943,経理局 :: 葛飾区役所,書記,133,236,0.5635593220338984
1943,経理局 :: 葛飾区役所,雇,23,236,0.09745762711864407
1943,経理局 :: 葛飾区役所,體力指導員,1,236,0.00423728813559322
1943,経理局 :: 購買課,Unknown,8,52,0.15384615384615385
1943,経理局 :: 購買課,書記,20,52,0.38461538461538464
1943,経理局 :: 購買課,課長,1,52,0.019230769230769232
1943,経理局 :: 購買課,雇,23,52,0.4423076923076923
1943,経理局 :: 足立区役所,區長,8,243,0.03292181069958848
1943,経理局 :: 足立区役所,囑託員,2,243,0.00823045267489712
1943,経理局 :: 足立区役所,書記,68,243,0.27983539094650206
1943,経理局 :: 足立区役所,雇,163,243,0.6707818930041153
1943,経理局 :: 足立区役所,體力指導員,2,243,0.00823045267489712
1943,経理局 :: 軍事援護課,書記,12,12,1
1943,電気局 :: 下谷区役所,Unknown,8,55,0.14545454545454545
1943,電気局 :: 下谷区役所,主事,1,55,0.01818181818181818
1943,電気局 :: 下谷区役所,區長,2,55,0.03636363636363636
1943,電気局 :: 下谷区役所,書記,44,55,0.8
1943,電気局 :: 中野区役所,Unknown,5,154,0.032467532467532464
1943,電気局 :: 中野区役所,主事,1,154,0.006493506493506494
1943,電気局 :: 中野区役所,囑託員,1,154,0.006493506493506494
1943,電気局 :: 中野区役所,技手,2,154,0.012987012987012988
1943,電気局 :: 中野区役所,書記,54,154,0.35064935064935066
1943,電気局 :: 中野区役所,雇,91,154,0.5909090909090909
1943,電気局 :: 主計課,Unknown,3,19,0.15789473684210525
1943,電気局 :: 主計課,書記,13,19,0.6842105263157895
1943,電気局 :: 主計課,雇,3,19,0.15789473684210525
1943,電気局 :: 京橋区役所,Unknown,10,162,0.06172839506172839
1943,電気局 :: 京橋区役所,囑託員,3,162,0.018518518518518517
1943,電気局 :: 京橋区役所,書記,68,162,0.41975308641975306
1943,電気局 :: 京橋区役所,體力指導員,81,162,0.5
1943,電気局 :: 会計課,Unknown,8,84,0.09523809523809523
1943,電気局 :: 会計課,技手,11,84,0.13095238095238096
1943,電気局 :: 会計課,書記,30,84,0.35714285714285715
1943,電気局 :: 会計課,雇,35,84,0.4166666666666667
1943,電気局 :: 作業課,Unknown,4,168,0.023809523809523808
1943,電気局 :: 作業課,主事,1,168,0.005952380952380952
1943,電気局 :: 作業課,兼,4,168,0.023809523809523808
1943,電気局 :: 作業課,技手,18,168,0.10714285714285714
1943,電気局 :: 作業課,書記,18,168,0.10714285714285714
1943,電気局 :: 作業課,機關手,16,168,0.09523809523809523
1943,電気局 :: 作業課,清掃監督,5,168,0.02976190476190476
1943,電気局 :: 作業課,監視,50,168,0.2976190476190476
1943,電気局 :: 作業課,船長,14,168,0.08333333333333333
1943,電気局 :: 作業課,雇,38,168,0.2261904761904762
1943,電気局 :: 保線課,Unknown,11,81,0.13580246913580246
1943,電気局 :: 保線課,技手,62,81,0.7654320987654321
1943,電気局 :: 保線課,書記,7,81,0.08641975308641975
1943,電気局 :: 保線課,課長,1,81,0.012345679012345678
1943,電気局 :: 労務課,Unknown,7,70,0.1
1943,電気局 :: 労務課,書記,37,70,0.5285714285714286
1943,電気局 :: 労務課,課長,1,70,0.014285714285714285
1943,電気局 :: 労務課,醫員,25,70,0.35714285714285715
1943,電気局 :: 品川区役所,Unknown,7,44,0.1590909090909091
1943,電気局 :: 品川区役所,主事,1,44,0.022727272727272728
1943,電気局 :: 品川区役所,區長,1,44,0.022727272727272728
1943,電気局 :: 品川区役所,書記,35,44,0.7954545454545454
1943,電気局 :: 大場,囑託員,1,27,0.037037037037037035
1943,電気局 :: 大場,體力指導員,26,27,0.9629629629629629
1943,電気局 :: 大森区役所,Unknown,10,15,0.6666666666666666
1943,電気局 :: 大森区役所,主事,1,15,0.06666666666666667
1943,電気局 :: 大森区役所,區長,1,15,0.06666666666666667
1943,電気局 :: 大森区役所,書記,3,15,0.2
1943,電気局 :: 小石川区役所,兼,3,114,0.02631578947368421
1943,電気局 :: 小石川区役所,區長,10,114,0.08771929824561403
1943,電気局 :: 小石川区役所,技手,1,114,0.008771929824561403
1943,電気局 :: 小石川区役所,書記,58,114,0.5087719298245614
1943,電気局 :: 小石川区役所,雇,41,114,0.35964912280701755
1943,電気局 :: 小石川区役所,體力指導員,1,114,0.008771929824561403
1943,電気局 :: 日本橋区役所,Unknown,5,137,0.0364963503649635
1943,電気局 :: 日本橋区役所,主事,1,137,0.0072992700729927005
1943,電気局 :: 日本橋区役所,技手,1,137,0.0072992700729927005
1943,電気局 :: 日本橋区役所,書記,62,137,0.45255474452554745
1943,電気局 :: 日本橋区役所,雇,68,137,0.49635036496350365
1943,電気局 :: 本所区役所,Unknown,9,207,0.043478260869565216
1943,電気局 :: 本所区役所,主事,1,207,0.004830917874396135
1943,電気局 :: 本所区役所,兼,98,207,0.47342995169082125
1943,電気局 :: 本所区役所,區長,1,207,0.004830917874396135
1943,電気局 :: 本所区役所,囑託員,2,207,0.00966183574879227
1943,電気局 :: 本所区役所,技手,3,207,0.014492753623188406
1943,電気局 :: 本所区役所,書記,93,207,0.4492753623188406
1943,電気局 :: 本郷区役所,區長,1,1,1
1943,電気局 :: 淀橋区役所,Unknown,6,146,0.0410958904109589
1943,電気局 :: 淀橋区役所,區長,2,146,0.0136986301369863
1943,電気局 :: 淀橋区役所,囑託員,6,146,0.0410958904109589
1943,電気局 :: 淀橋区役所,書記,61,146,0.4178082191780822
1943,電気局 :: 淀橋区役所,雇,71,146,0.4863013698630137
1943,電気局 :: 深川区役所,Unknown,10,142,0.07042253521126761
1943,電気局 :: 深川区役所,區長,1,142,0.007042253521126761
1943,電気局 :: 深川区役所,書記,76,142,0.5352112676056338
1943,電気局 :: 深川区役所,體力指導員,55,142,0.3873239436619718
1943,電気局 :: 牛込区役所,Unknown,5,128,0.0390625
1943,電気局 :: 牛込区役所,主事,1,128,0.0078125
1943,電気局 :: 牛込区役所,區長,1,128,0.0078125
1943,電気局 :: 牛込区役所,囑託員,2,128,0.015625
1943,電気局 :: 牛込区役所,技手,62,128,0.484375
1943,電気局 :: 牛込区役所,書記,56,128,0.4375
1943,電気局 :: 牛込区役所,體力指導員,1,128,0.0078125
1943,電気局 :: 監督課,Unknown,2,60,0.03333333333333333
1943,電気局 :: 監督課,書記,42,60,0.7
1943,電気局 :: 監督課,監督,2,60,0.03333333333333333
1943,電気局 :: 監督課,課長,1,60,0.016666666666666666
1943,電気局 :: 監督課,雇,13,60,0.21666666666666667
1943,電気局 :: 目黒区役所,Unknown,5,59,0.0847457627118644
1943,電気局 :: 目黒区役所,區長,1,59,0.01694915254237288
1943,電気局 :: 目黒区役所,書記,53,59,0.8983050847457628
1943,電気局 :: 研究課,Unknown,5,20,0.25
1943,電気局 :: 研究課,技手,5,20,0.25
1943,電気局 :: 研究課,課長,1,20,0.05
1943,電気局 :: 研究課,雇,9,20,0.45
1943,電気局 :: 砧派出所,Unknown,5,417,0.011990407673860911
1943,電気局 :: 砧派出所,主事,1,417,0.002398081534772182
1943,電気局 :: 砧派出所,兼,54,417,0.12949640287769784
1943,電気局 :: 砧派出所,區長,8,417,0.019184652278177457
1943,電気局 :: 砧派出所,収納書記,2,417,0.004796163069544364
1943,電気局 :: 砧派出所,囑託員,20,417,0.047961630695443645
1943,電気局 :: 砧派出所,技手,2,417,0.004796163069544364
1943,電気局 :: 砧派出所,書記,111,417,0.26618705035971224
1943,電気局 :: 砧派出所,雇,210,417,0.5035971223021583
1943,電気局 :: 砧派出所,體力指導員,4,417,0.009592326139088728
1943,電気局 :: 神田区役所,Unknown,6,35,0.17142857142857143
1943,電気局 :: 神田区役所,主事,1,35,0.02857142857142857
1943,電気局 :: 神田区役所,兼,27,35,0.7714285714285715
1943,電気局 :: 神田区役所,區長,1,35,0.02857142857142857
1943,電気局 :: 経理課,Unknown,3,73,0.0410958904109589
1943,電気局 :: 経理課,技師,1,73,0.0136986301369863
1943,電気局 :: 経理課,技手,20,73,0.273972602739726
1943,電気局 :: 経理課,書記,28,73,0.3835616438356164
1943,電気局 :: 経理課,課長,1,73,0.0136986301369863
1943,電気局 :: 経理課,雇,20,73,0.273972602739726
1943,電気局 :: 芝区役所,Unknown,9,189,0.047619047619047616
1943,電気局 :: 芝区役所,書記,83,189,0.43915343915343913
1943,電気局 :: 芝区役所,監視,1,189,0.005291005291005291
1943,電気局 :: 芝区役所,雇,95,189,0.5026455026455027
1943,電気局 :: 芝区役所,體力指導員,1,189,0.005291005291005291
1943,電気局 :: 荏原区役所,Unknown,7,11,0.6363636363636364
1943,電気局 :: 荏原区役所,主事,1,11,0.09090909090909091
1943,電気局 :: 荏原区役所,區長,1,11,0.09090909090909091
1943,電気局 :: 荏原区役所,書記,2,11,0.18181818181818182
1943,電気局 :: 蒲田区役所,Unknown,4,170,0.023529411764705882
1943,電気局 :: 蒲田区役所,區長,1,170,0.0058823529411764705
1943,電気局 :: 蒲田区役所,囑託員,5,170,0.029411764705882353
1943,電気局 :: 蒲田区役所,書記,160,170,0.9411764705882353
1943,電気局 :: 親切課,Unknown,6,38,0.15789473684210525
1943,電気局 :: 親切課,囑託員,1,38,0.02631578947368421
1943,電気局 :: 親切課,書記,16,38,0.42105263157894735
1943,電気局 :: 親切課,課長,1,38,0.02631578947368421
1943,電気局 :: 親切課,雇,14,38,0.3684210526315789
1943,電気局 :: 計画課,Unknown,12,594,0.020202020202020204
1943,電気局 :: 計画課,主事,8,594,0.013468013468013467
1943,電気局 :: 計画課,囑託員,4,594,0.006734006734006734
1943,電気局 :: 計画課,所長,4,594,0.006734006734006734
1943,電気局 :: 計画課,技手,4,594,0.006734006734006734
1943,電気局 :: 計画課,書記,54,594,0.09090909090909091
1943,電気局 :: 計画課,清掃監督,61,594,0.1026936026936027
1943,電気局 :: 計画課,監視,345,594,0.5808080808080808
1943,電気局 :: 計画課,部長,1,594,0.0016835016835016834
1943,電気局 :: 計画課,雇,101,594,0.17003367003367004
1943,電気局 :: 試験課,Unknown,2,23,0.08695652173913043
1943,電気局 :: 試験課,技師,1,23,0.043478260869565216
1943,電気局 :: 試験課,技手,6,23,0.2608695652173913
1943,電気局 :: 試験課,書記,1,23,0.043478260869565216
1943,電気局 :: 試験課,雇,13,23,0.5652173913043478
1943,電気局 :: 調査課,Unknown,20,144,0.1388888888888889
1943,電気局 :: 調査課,所長,3,144,0.020833333333333332
1943,電気局 :: 調査課,技手,27,144,0.1875
1943,電気局 :: 調査課,書記,83,144,0.5763888888888888
1943,電気局 :: 調査課,課長,2,144,0.013888888888888888
1943,電気局 :: 調査課,部長,1,144,0.006944444444444444
1943,電気局 :: 調査課,雇,8,144,0.05555555555555555
1943,電気局 :: 赤坂区役所,區長,6,6,1
1943,電気局 :: 車輛課,Unknown,9,44,0.20454545454545456
1943,電気局 :: 車輛課,主事,1,44,0.022727272727272728
1943,電気局 :: 車輛課,技手,26,44,0.5909090909090909
1943,電気局 :: 車輛課,書記,5,44,0.11363636363636363
1943,電気局 :: 車輛課,雇,3,44,0.06818181818181818
1943,電気局 :: 運転課,Unknown,8,54,0.14814814814814814
1943,電気局 :: 運転課,書記,28,54,0.5185185185185185
1943,電気局 :: 運転課,課長,1,54,0.018518518518518517
1943,電気局 :: 運転課,雇,17,54,0.3148148148148148
1943,電気局 :: 電力課,Unknown,46,1671,0.02752842609216038
1943,電気局 :: 電力課,主事,12,1671,0.00718132854578097
1943,電気局 :: 電力課,囑託員,6,1671,0.003590664272890485
1943,電気局 :: 電力課,所長,24,1671,0.01436265709156194
1943,電気局 :: 電力課,技師,7,1671,0.004189108318372232
1943,電気局 :: 電力課,技手,672,1671,0.4021543985637343
1943,電気局 :: 電力課,書記,245,1671,0.14661879114302812
1943,電気局 :: 電力課,看護婦長,8,1671,0.0047875523638539795
1943,電気局 :: 電力課,藥劑員,8,1671,0.0047875523638539795
1943,電気局 :: 電力課,醫員,25,1671,0.014961101137043686
1943,電気局 :: 電力課,雇,618,1671,0.36983842010771995
1943,電気局 :: 電気研究所,Unknown,7,20,0.35
1943,電気局 :: 電気研究所,所長,1,20,0.05
1943,電気局 :: 電気研究所,技手,2,20,0.1
1943,電気局 :: 電気研究所,書記,3,20,0.15
1943,電気局 :: 電気研究所,課長,1,20,0.05
1943,電気局 :: 電気研究所,雇,6,20,0.3
1943,電気局 :: 麹町区役所,Unknown,7,12,0.5833333333333334
1943,電気局 :: 麹町区役所,區長,1,12,0.08333333333333333
1943,電気局 :: 麹町区役所,技師,1,12,0.08333333333333333
1943,電気局 :: 麹町区役所,書記,3,12,0.25
1943,電気局 :: 麻布区役所,Unknown,5,108,0.046296296296296294
1943,電気局 :: 麻布区役所,主事,1,108,0.009259259259259259
1943,電気局 :: 麻布区役所,書記,102,108,0.9444444444444444
1944,交通局 :: 交通局保線課,主事補,1,14,0.07142857142857142
1944,交通局 :: 交通局保線課,所長理工技師,1,14,0.07142857142857142
1944,交通局 :: 交通局保線課,技手,3,14,0.21428571428571427
1944,交通局 :: 交通局保線課,技手補,6,14,0.42857142857142855
1944,交通局 :: 交通局保線課,理工技手,3,14,0.21428571428571427
1944,交通局 :: 交通局経理課,Unknown,23,156,0.14743589743589744
1944,交通局 :: 交通局経理課,主事,2,156,0.01282051282051282
1944,交通局 :: 交通局経理課,主事補,24,156,0.15384615384615385
1944,交通局 :: 交通局経理課,事務官,3,156,0.019230769230769232
1944,交通局 :: 交通局経理課,係長,2,156,0.01282051282051282
1944,交通局 :: 交通局経理課,技手,3,156,0.019230769230769232
1944,交通局 :: 交通局経理課,技手補,20,156,0.1282051282051282
1944,交通局 :: 交通局経理課,理工技手,51,156,0.3269230769230769
1944,交通局 :: 交通局経理課,雇,28,156,0.1794871794871795
1944,交通局 :: 交通局経理課運輪課,Unknown,13,119,0.1092436974789916
1944,交通局 :: 交通局経理課運輪課,主事補,103,119,0.865546218487395
1944,交通局 :: 交通局経理課運輪課,係長,3,119,0.025210084033613446
1944,交通局 :: 交通局車輛課,技手補,10,28,0.35714285714285715
1944,交通局 :: 交通局車輛課,理工技手,18,28,0.6428571428571429
1944,交通局 :: 交通局軍輛課保繰課,Unknown,1,14,0.07142857142857142
1944,交通局 :: 交通局軍輛課保繰課,係長,1,14,0.07142857142857142
1944,交通局 :: 交通局軍輛課保繰課,技手,3,14,0.21428571428571427
1944,交通局 :: 交通局軍輛課保繰課,技手補,3,14,0.21428571428571427
1944,交通局 :: 交通局軍輛課保繰課,理工技手,6,14,0.42857142857142855
1944,交通局 :: 交通局運輸課,主事補,58,74,0.7837837837837838
1944,交通局 :: 交通局運輸課,係長,2,74,0.02702702702702703
1944,交通局 :: 交通局運輸課,屬,4,74,0.05405405405405406
1944,交通局 :: 交通局運輸課,技手,1,74,0.013513513513513514
1944,交通局 :: 交通局運輸課,雇,9,74,0.12162162162162163
1944,交通局 :: 交通局運輸課車輛課,主事補,12,18,0.6666666666666666
1944,交通局 :: 交通局運輸課車輛課,技手補,4,18,0.2222222222222222
1944,交通局 :: 交通局運輸課車輛課,雇,2,18,0.1111111111111111
1944,交通局 :: 交通局電気課,Unknown,3,136,0.022058823529411766
1944,交通局 :: 交通局電気課,主事,1,136,0.007352941176470588
1944,交通局 :: 交通局電気課,係長,1,136,0.007352941176470588
1944,交通局 :: 交通局電気課,技師,1,136,0.007352941176470588
1944,交通局 :: 交通局電気課,技手,6,136,0.04411764705882353
1944,交通局 :: 交通局電気課,技手補,39,136,0.2867647058823529
1944,交通局 :: 交通局電気課,理工技手,85,136,0.625
1944,交通局 :: 交通局電気課水道局庶務課,技手補,18,18,1
1944,交通局 :: 保線課,Unknown,3,22,0.13636363636363635
1944,交通局 :: 保線課,係長,2,22,0.09090909090909091
1944,交通局 :: 保線課,技師,1,22,0.045454545454545456
1944,交通局 :: 保線課,技手,10,22,0.45454545454545453
1944,交通局 :: 保線課,理工技手,5,22,0.22727272727272727
1944,交通局 :: 保線課,課長技師,1,22,0.045454545454545456
1944,交通局 :: 兩国出張所,所長,1,8,0.125
1944,交通局 :: 兩国出張所,技手補,1,8,0.125
1944,交通局 :: 兩国出張所,理工技手,6,8,0.75
1944,交通局 :: 大門出張所,主事補,1,7,0.14285714285714285
1944,交通局 :: 大門出張所,所長,1,7,0.14285714285714285
1944,交通局 :: 大門出張所,技手,1,7,0.14285714285714285
1944,交通局 :: 大門出張所,技手補,1,7,0.14285714285714285
1944,交通局 :: 大門出張所,理工技手,1,7,0.14285714285714285
1944,交通局 :: 大門出張所,雇,2,7,0.2857142857142857
1944,交通局 :: 尾久派出所,技手補,1,2,0.5
1944,交通局 :: 尾久派出所,理工技手,1,2,0.5
1944,交通局 :: 戸所,主事補,18,28,0.6428571428571429
1944,交通局 :: 戸所,技手,1,28,0.03571428571428571
1944,交通局 :: 戸所,理工技手,9,28,0.32142857142857145
1944,交通局 :: 教習所,Unknown,1,12,0.08333333333333333
1944,交通局 :: 教習所,主事,1,12,0.08333333333333333
1944,交通局 :: 教習所,主事補,4,12,0.3333333333333333
1944,交通局 :: 教習所,所長,1,12,0.08333333333333333
1944,交通局 :: 教習所,理工技手,5,12,0.4166666666666667
1944,交通局 :: 春日町出張所,主事補,2,11,0.18181818181818182
1944,交通局 :: 春日町出張所,所長理工技師,1,11,0.09090909090909091
1944,交通局 :: 春日町出張所,技手補,1,11,0.09090909090909091
1944,交通局 :: 春日町出張所,理工技手,7,11,0.6363636363636364
1944,交通局 :: 本郷出張所,所長心得,1,5,0.2
1944,交通局 :: 本郷出張所,技手補,2,5,0.4
1944,交通局 :: 本郷出張所,理工技手,2,5,0.4
1944,交通局 :: 浅草出張所,所長心得,2,6,0.3333333333333333
1944,交通局 :: 浅草出張所,技手補,1,6,0.16666666666666666
1944,交通局 :: 浅草出張所,理工技手,2,6,0.3333333333333333
1944,交通局 :: 浅草出張所,雇,1,6,0.16666666666666666
1944,交通局 :: 深川出張所,所長心得,1,8,0.125
1944,交通局 :: 深川出張所,技手,1,8,0.125
1944,交通局 :: 深川出張所,技手補,1,8,0.125
1944,交通局 :: 深川出張所,理工技手,4,8,0.5
1944,交通局 :: 深川出張所,雇,1,8,0.125
1944,交通局 :: 王子出張所,所長心得,1,9,0.1111111111111111
1944,交通局 :: 王子出張所,技手補,5,9,0.5555555555555556
1944,交通局 :: 王子出張所,理工技手,2,9,0.2222222222222222
1944,交通局 :: 王子出張所,雇,1,9,0.1111111111111111
1944,交通局 :: 経理課,Unknown,17,53,0.32075471698113206
1944,交通局 :: 経理課,主事,1,53,0.018867924528301886
1944,交通局 :: 経理課,主事補,6,53,0.11320754716981132
1944,交通局 :: 経理課,事務官,2,53,0.03773584905660377
1944,交通局 :: 経理課,係長,1,53,0.018867924528301886
1944,交通局 :: 経理課,屬,22,53,0.41509433962264153
1944,交通局 :: 経理課,技手補,3,53,0.05660377358490566
1944,交通局 :: 経理課,課長書記官,1,53,0.018867924528301886
1944,交通局 :: 芝浦出張所,技手補,1,2,0.5
1944,交通局 :: 芝浦出張所,理工技手,1,2,0.5
1944,交通局 :: 西室,技手補,4,9,0.4444444444444444
1944,交通局 :: 西室,理工技手,3,9,0.3333333333333333
1944,交通局 :: 西室,雇,2,9,0.2222222222222222
1944,交通局 :: 車輛課,主事補,3,11,0.2727272727272727
1944,交通局 :: 車輛課,技手,5,11,0.45454545454545453
1944,交通局 :: 車輛課,理工技手,2,11,0.18181818181818182
1944,交通局 :: 車輛課,課長技師,1,11,0.09090909090909091
1944,交通局 :: 運輸課,主事,1,6,0.16666666666666666
1944,交通局 :: 運輸課,事務官,1,6,0.16666666666666666
1944,交通局 :: 運輸課,係長,1,6,0.16666666666666666
1944,交通局 :: 運輸課,兼,2,6,0.3333333333333333
1944,交通局 :: 運輸課,課長書記官,1,6,0.16666666666666666
1944,交通局 :: 銀座出張所,所長,7,8,0.875
1944,交通局 :: 銀座出張所,技手補,1,8,0.125
1944,交通局 :: 電気課,Unknown,7,21,0.3333333333333333
1944,交通局 :: 電気課,主事補,6,21,0.2857142857142857
1944,交通局 :: 電気課,係長,1,21,0.047619047619047616
1944,交通局 :: 電気課,技師,1,21,0.047619047619047616
1944,交通局 :: 電気課,技手,5,21,0.23809523809523808
1944,交通局 :: 電気課,課長技師,1,21,0.047619047619047616
1944,交通局 :: 青山出張所,所長理工技師,1,4,0.25
1944,交通局 :: 青山出張所,理工技手,3,4,0.75
1944,教育局 :: 庶務課,主事補,35,92,0.3804347826086957
1944,教育局 :: 庶務課,事務官,10,92,0.10869565217391304
1944,教育局 :: 庶務課,係長,1,92,0.010869565217391304
1944,教育局 :: 庶務課,屬,35,92,0.3804347826086957
1944,教育局 :: 庶務課,課長書記官,1,92,0.010869565217391304
1944,教育局 :: 庶務課,雇,10,92,0.10869565217391304
1944,教育局 :: 教育第一課,Unknown,4,55,0.07272727272727272
1944,教育局 :: 教育第一課,主事,1,55,0.01818181818181818
1944,教育局 :: 教育第一課,主事補,14,55,0.2545454545454545
1944,教育局 :: 教育第一課,係長,22,55,0.4
1944,教育局 :: 教育第一課,屬,10,55,0.18181818181818182
1944,教育局 :: 教育第一課,課長書記官,1,55,0.01818181818181818
1944,教育局 :: 教育第一課,雇,3,55,0.05454545454545454
1944,教育局 :: 教育第二課,Unknown,3,37,0.08108108108108109
1944,教育局 :: 教育第二課,主事,1,37,0.02702702702702703
1944,教育局 :: 教育第二課,主事補,10,37,0.2702702702702703
1944,教育局 :: 教育第二課,事務官,6,37,0.16216216216216217
1944,教育局 :: 教育第二課,係長,3,37,0.08108108108108109
1944,教育局 :: 教育第二課,屬,13,37,0.35135135135135137
1944,教育局 :: 教育第二課,課長書記官,1,37,0.02702702702702703
1944,民生局 :: 三河島診療所,看護員,7,7,1
1944,民生局 :: 下谷児童健康指導所,保健婦,5,9,0.5555555555555556
1944,民生局 :: 下谷児童健康指導所,屬,2,9,0.2222222222222222
1944,民生局 :: 下谷児童健康指導所,雇,2,9,0.2222222222222222
1944,民生局 :: 五反田診療所,主事補,2,4,0.5
1944,民生局 :: 五反田診療所,所長,1,4,0.25
1944,民生局 :: 五反田診療所,看護婦,1,4,0.25
1944,民生局 :: 健民課,Unknown,17,81,0.20987654320987653
1944,民生局 :: 健民課,主事,1,81,0.012345679012345678
1944,民生局 :: 健民課,主事補,39,81,0.48148148148148145
1944,民生局 :: 健民課,事務官,2,81,0.024691358024691357
1944,民生局 :: 健民課,係長,2,81,0.024691358024691357
1944,民生局 :: 健民課,保健婦,2,81,0.024691358024691357
1944,民生局 :: 健民課,技師,1,81,0.012345679012345678
1944,民生局 :: 健民課,課長書記官,1,81,0.012345679012345678
1944,民生局 :: 健民課,雇,16,81,0.19753086419753085
1944,民生局 :: 共同住宅管理事務所,主事補,3,5,0.6
1944,民生局 :: 共同住宅管理事務所,係長,1,5,0.2
1944,民生局 :: 共同住宅管理事務所,雇,1,5,0.2
1944,民生局 :: 厚生課,主事補,80,144,0.5555555555555556
1944,民生局 :: 厚生課,事務官,46,144,0.3194444444444444
1944,民生局 :: 厚生課,係長,1,144,0.006944444444444444
1944,民生局 :: 厚生課,技手,2,144,0.013888888888888888
1944,民生局 :: 厚生課,産業技手,14,144,0.09722222222222222
1944,民生局 :: 厚生課,課長書記官,1,144,0.006944444444444444
1944,民生局 :: 厚生課健民課,主事補,29,54,0.5370370370370371
1944,民生局 :: 厚生課健民課,事務官,2,54,0.037037037037037035
1944,民生局 :: 厚生課健民課,係長,1,54,0.018518518518518517
1944,民生局 :: 厚生課健民課,保健婦,4,54,0.07407407407407407
1944,民生局 :: 厚生課健民課,屬,17,54,0.3148148148148148
1944,民生局 :: 厚生課健民課,技師,1,54,0.018518518518518517
1944,民生局 :: 小石川児童健康指導所,保健婦,4,4,1
1944,民生局 :: 振興課,Unknown,43,124,0.3467741935483871
1944,民生局 :: 振興課,主事,4,124,0.03225806451612903
1944,民生局 :: 振興課,主事補,44,124,0.3548387096774194
1944,民生局 :: 振興課,事務官,1,124,0.008064516129032258
1944,民生局 :: 振興課,係長,4,124,0.03225806451612903
1944,民生局 :: 振興課,屬,15,124,0.12096774193548387
1944,民生局 :: 振興課,理工技手,12,124,0.0967741935483871
1944,民生局 :: 振興課,課長書記官,1,124,0.008064516129032258
1944,民生局 :: 振興課厚生課,Unknown,6,25,0.24
1944,民生局 :: 振興課厚生課,雇,19,25,0.76
1944,民生局 :: 日暮里健康相談所,保健婦,3,4,0.75
1944,民生局 :: 日暮里健康相談所,所長,1,4,0.25
1944,民生局 :: 日本橋小児保健所,保健婦,4,7,0.5714285714285714
1944,民生局 :: 日本橋小児保健所,所長,3,7,0.42857142857142855
1944,民生局 :: 本郷健康相談所,主事補,2,8,0.25
1944,民生局 :: 本郷健康相談所,保健婦,4,8,0.5
1944,民生局 :: 本郷健康相談所,雇,2,8,0.25
1944,民生局 :: 東京都本所防疫所,保健婦,2,6,0.3333333333333333
1944,民生局 :: 東京都本所防疫所,所長,2,6,0.3333333333333333
1944,民生局 :: 東京都本所防疫所,技手補,1,6,0.16666666666666666
1944,民生局 :: 東京都本所防疫所,雇,1,6,0.16666666666666666
1944,民生局 :: 東京都荏原防疫所,保健婦,1,6,0.16666666666666666
1944,民生局 :: 東京都荏原防疫所,所長,2,6,0.3333333333333333
1944,民生局 :: 東京都荏原防疫所,技手,2,6,0.3333333333333333
1944,民生局 :: 東京都荏原防疫所,雇,1,6,0.16666666666666666
1944,民生局 :: 深川児童健康指導所,屬,8,9,0.8888888888888888
1944,民生局 :: 深川児童健康指導所,所長,1,9,0.1111111111111111
1944,民生局 :: 清掃課,主事補,35,204,0.1715686274509804
1944,民生局 :: 清掃課,事務官,14,204,0.06862745098039216
1944,民生局 :: 清掃課,係長,3,204,0.014705882352941176
1944,民生局 :: 清掃課,屬,2,204,0.00980392156862745
1944,民生局 :: 清掃課,巡視,2,204,0.00980392156862745
1944,民生局 :: 清掃課,所長,1,204,0.004901960784313725
1944,民生局 :: 清掃課,技手,3,204,0.014705882352941176
1944,民生局 :: 清掃課,技手補,33,204,0.16176470588235295
1944,民生局 :: 清掃課,監視,107,204,0.5245098039215687
1944,民生局 :: 清掃課,課長書記官,1,204,0.004901960784313725
1944,民生局 :: 清掃課,雇,3,204,0.014705882352941176
1944,民生局 :: 清日課,主事補,1,32,0.03125
1944,民生局 :: 清日課,技手補,7,32,0.21875
1944,民生局 :: 清日課,理工技手,6,32,0.1875
1944,民生局 :: 清日課,雇,18,32,0.5625
1944,民生局 :: 熱海第二健民修錬所,Unknown,4,87,0.04597701149425287
1944,民生局 :: 熱海第二健民修錬所,主事,1,87,0.011494252873563218
1944,民生局 :: 熱海第二健民修錬所,主事補,24,87,0.27586206896551724
1944,民生局 :: 熱海第二健民修錬所,係長,11,87,0.12643678160919541
1944,民生局 :: 熱海第二健民修錬所,屬,23,87,0.26436781609195403
1944,民生局 :: 熱海第二健民修錬所,技手,2,87,0.022988505747126436
1944,民生局 :: 熱海第二健民修錬所,技手補,5,87,0.05747126436781609
1944,民生局 :: 熱海第二健民修錬所,理工技手,1,87,0.011494252873563218
1944,民生局 :: 熱海第二健民修錬所,課長技師,1,87,0.011494252873563218
1944,民生局 :: 熱海第二健民修錬所,防疫監吏,1,87,0.011494252873563218
1944,民生局 :: 熱海第二健民修錬所,雇,14,87,0.16091954022988506
1944,民生局 :: 王子小児保健所,主事,1,37,0.02702702702702703
1944,民生局 :: 王子小児保健所,主事補,24,37,0.6486486486486487
1944,民生局 :: 王子小児保健所,事務官,3,37,0.08108108108108109
1944,民生局 :: 王子小児保健所,屬,8,37,0.21621621621621623
1944,民生局 :: 王子小児保健所,技師,1,37,0.02702702702702703
1944,民生局 :: 白山診療所,所長,1,15,0.06666666666666667
1944,民生局 :: 白山診療所,所長心得,1,15,0.06666666666666667
1944,民生局 :: 白山診療所,看護婦,13,15,0.8666666666666667
1944,民生局 :: 監理課,主事補,1,20,0.05
1944,民生局 :: 監理課,係長,18,20,0.9
1944,民生局 :: 監理課,課長書記官,1,20,0.05
1944,民生局 :: 神田児童健康指導所,保健婦,2,2,1
1944,民生局 :: 立川健康相談所,保健婦,8,10,0.8
1944,民生局 :: 立川健康相談所,所長,2,10,0.2
1944,民生局 :: 翳生課,Unknown,6,62,0.0967741935483871
1944,民生局 :: 翳生課,主事補,5,62,0.08064516129032258
1944,民生局 :: 翳生課,係長,1,62,0.016129032258064516
1944,民生局 :: 翳生課,保健婦,16,62,0.25806451612903225
1944,民生局 :: 翳生課,屬,13,62,0.20967741935483872
1944,民生局 :: 翳生課,技師,1,62,0.016129032258064516
1944,民生局 :: 翳生課,技手,2,62,0.03225806451612903
1944,民生局 :: 翳生課,技手補,5,62,0.08064516129032258
1944,民生局 :: 翳生課,看護婦,3,62,0.04838709677419355
1944,民生局 :: 翳生課,雇,10,62,0.16129032258064516
1944,民生局 :: 荏原診療所,看護員,6,6,1
1944,民生局 :: 葛飾児童健康指導所,主事補,7,22,0.3181818181818182
1944,民生局 :: 葛飾児童健康指導所,保健婦,3,22,0.13636363636363635
1944,民生局 :: 葛飾児童健康指導所,所長,1,22,0.045454545454545456
1944,民生局 :: 葛飾児童健康指導所,看護婦,9,22,0.4090909090909091
1944,民生局 :: 葛飾児童健康指導所,雇,2,22,0.09090909090909091
1944,民生局 :: 銀座診療所,所長,1,4,0.25
1944,民生局 :: 銀座診療所,看護婦,3,4,0.75
1944,民生局 :: 防疫課,Unknown,2,144,0.013888888888888888
1944,民生局 :: 防疫課,主事補,7,144,0.04861111111111111
1944,民生局 :: 防疫課,係長,2,144,0.013888888888888888
1944,民生局 :: 防疫課,保健婦,18,144,0.125
1944,民生局 :: 防疫課,兼,50,144,0.3472222222222222
1944,民生局 :: 防疫課,屬,15,144,0.10416666666666667
1944,民生局 :: 防疫課,巡視,11,144,0.0763888888888889
1944,民生局 :: 防疫課,技師,1,144,0.006944444444444444
1944,民生局 :: 防疫課,技手補,6,144,0.041666666666666664
1944,民生局 :: 防疫課,防疫監吏,19,144,0.13194444444444445
1944,民生局 :: 防疫課,雇,13,144,0.09027777777777778
1944,民生局 :: 隅田診療所,所長,7,29,0.2413793103448276
1944,民生局 :: 隅田診療所,看護婦,18,29,0.6206896551724138
1944,民生局 :: 隅田診療所,雇,4,29,0.13793103448275862
1944,民生局 :: 麻布児童健康指導所,保健婦,7,8,0.875
1944,民生局 :: 麻布児童健康指導所,雇,1,8,0.125
1944,水道局 :: 下水課,主事,1,24,0.041666666666666664
1944,水道局 :: 下水課,主事補,10,24,0.4166666666666667
1944,水道局 :: 下水課,係長,1,24,0.041666666666666664
1944,水道局 :: 下水課,屬,4,24,0.16666666666666666
1944,水道局 :: 下水課,理工技手,7,24,0.2916666666666667
1944,水道局 :: 下水課,課長技師,1,24,0.041666666666666664
1944,水道局 :: 丸ノ内出張所,主事補,1,5,0.2
1944,水道局 :: 丸ノ内出張所,技手,2,5,0.4
1944,水道局 :: 丸ノ内出張所,理工技手,2,5,0.4
1944,水道局 :: 工専課,Unknown,9,31,0.2903225806451613
1944,水道局 :: 工専課,主事補,7,31,0.22580645161290322
1944,水道局 :: 工専課,技手,3,31,0.0967741935483871
1944,水道局 :: 工専課,技手補,1,31,0.03225806451612903
1944,水道局 :: 工専課,理工技手,11,31,0.3548387096774194
1944,水道局 :: 庶務課,Unknown,13,24,0.5416666666666666
1944,水道局 :: 庶務課,主事補,6,24,0.25
1944,水道局 :: 庶務課,係長,1,24,0.041666666666666664
1944,水道局 :: 庶務課,課長書記官,1,24,0.041666666666666664
1944,水道局 :: 庶務課,雇,3,24,0.125
1944,水道局 :: 業務課,係長,3,6,0.5
1944,水道局 :: 業務課,屬,1,6,0.16666666666666666
1944,水道局 :: 業務課,書記,1,6,0.16666666666666666
1944,水道局 :: 業務課,理工技手,1,6,0.16666666666666666
1944,水道局 :: 水道局下水課,Unknown,1,38,0.02631578947368421
1944,水道局 :: 水道局下水課,巡視,1,38,0.02631578947368421
1944,水道局 :: 水道局下水課,技師,1,38,0.02631578947368421
1944,水道局 :: 水道局下水課,技手補,9,38,0.23684210526315788
1944,水道局 :: 水道局下水課,理工技手,26,38,0.6842105263157895
1944,水道局 :: 水道局工事課,主事補,6,35,0.17142857142857143
1944,水道局 :: 水道局工事課,係長,3,35,0.08571428571428572
1944,水道局 :: 水道局工事課,技手,4,35,0.11428571428571428
1944,水道局 :: 水道局工事課,技手補,7,35,0.2
1944,水道局 :: 水道局工事課,理工技手,13,35,0.37142857142857144
1944,水道局 :: 水道局工事課,雇,2,35,0.05714285714285714
1944,水道局 :: 水道局庶務課,主事補,12,63,0.19047619047619047
1944,水道局 :: 水道局庶務課,理工技手,38,63,0.6031746031746031
1944,水道局 :: 水道局庶務課,雇,13,63,0.20634920634920634
1944,水道局 :: 水道局庶務課業務課,主事補,14,26,0.5384615384615384
1944,水道局 :: 水道局庶務課業務課,屬,12,26,0.46153846153846156
1944,水道局 :: 水道局業務課,Unknown,1,50,0.02
1944,水道局 :: 水道局業務課,主事補,19,50,0.38
1944,水道局 :: 水道局業務課,技師,1,50,0.02
1944,水道局 :: 水道局業務課,技手,16,50,0.32
1944,水道局 :: 水道局業務課,技手補,1,50,0.02
1944,水道局 :: 水道局業務課,理工技手,12,50,0.24
1944,水道局 :: 水道局業務課給水課,理工技手,8,8,1
1944,水道局 :: 水道局給水課工事課,技手補,1,4,0.25
1944,水道局 :: 水道局給水課工事課,理工技手,2,4,0.5
1944,水道局 :: 水道局給水課工事課,雇,1,4,0.25
1944,水道局 :: 淀橋出張所,技手,2,11,0.18181818181818182
1944,水道局 :: 淀橋出張所,技手補,4,11,0.36363636363636365
1944,水道局 :: 淀橋出張所,理工技手,4,11,0.36363636363636365
1944,水道局 :: 淀橋出張所,雇,1,11,0.09090909090909091
1944,水道局 :: 第一出張所,主事補,1,12,0.08333333333333333
1944,水道局 :: 第一出張所,技手,1,12,0.08333333333333333
1944,水道局 :: 第一出張所,技手補,6,12,0.5
1944,水道局 :: 第一出張所,理工技手,4,12,0.3333333333333333
1944,水道局 :: 第三出張所,技手,1,1,1
1944,水道局 :: 第二出張所,屬,1,15,0.06666666666666667
1944,水道局 :: 第二出張所,技手,1,15,0.06666666666666667
1944,水道局 :: 第二出張所,技手補,5,15,0.3333333333333333
1944,水道局 :: 第二出張所,理工技手,8,15,0.5333333333333333
1944,水道局 :: 第四出張所,主事補,1,14,0.07142857142857142
1944,水道局 :: 第四出張所,技師,1,14,0.07142857142857142
1944,水道局 :: 第四出張所,技手,1,14,0.07142857142857142
1944,水道局 :: 第四出張所,技手補,4,14,0.2857142857142857
1944,水道局 :: 第四出張所,理工技手,7,14,0.5
1944,水道局 :: 給水課,主事補,5,44,0.11363636363636363
1944,水道局 :: 給水課,係長,5,44,0.11363636363636363
1944,水道局 :: 給水課,屬,1,44,0.022727272727272728
1944,水道局 :: 給水課,技手,4,44,0.09090909090909091
1944,水道局 :: 給水課,技手補,3,44,0.06818181818181818
1944,水道局 :: 給水課,理工技手,26,44,0.5909090909090909
1944,水道局 :: 西部田田課,Unknown,1,63,0.015873015873015872
1944,水道局 :: 西部田田課,主事補,4,63,0.06349206349206349
1944,水道局 :: 西部田田課,係長,3,63,0.047619047619047616
1944,水道局 :: 西部田田課,屬,1,63,0.015873015873015872
1944,水道局 :: 西部田田課,技手,16,63,0.25396825396825395
1944,水道局 :: 西部田田課,技手補,7,63,0.1111111111111111
1944,水道局 :: 西部田田課,理工技手,31,63,0.49206349206349204
1944,水道局 :: 龜戸出張所,技手,1,6,0.16666666666666666
1944,水道局 :: 龜戸出張所,技手補,1,6,0.16666666666666666
1944,水道局 :: 龜戸出張所,理工技手,4,6,0.6666666666666666
1944,港湾局 :: 工事課,Unknown,10,28,0.35714285714285715
1944,港湾局 :: 工事課,主事,1,28,0.03571428571428571
1944,港湾局 :: 工事課,主事補,6,28,0.21428571428571427
1944,港湾局 :: 工事課,技師,1,28,0.03571428571428571
1944,港湾局 :: 工事課,理工技手,9,28,0.32142857142857145
1944,港湾局 :: 工事課,課長技師,1,28,0.03571428571428571
1944,港湾局 :: 港湾局工事課,Unknown,1,59,0.01694915254237288
1944,港湾局 :: 港湾局工事課,主事補,2,59,0.03389830508474576
1944,港湾局 :: 港湾局工事課,係長,1,59,0.01694915254237288
1944,港湾局 :: 港湾局工事課,技手,3,59,0.05084745762711865
1944,港湾局 :: 港湾局工事課,技手補,17,59,0.288135593220339
1944,港湾局 :: 港湾局工事課,理工技手,35,59,0.5932203389830508
1944,港湾局 :: 経理課,Unknown,1,21,0.047619047619047616
1944,港湾局 :: 経理課,主事補,10,21,0.47619047619047616
1944,港湾局 :: 経理課,係長,3,21,0.14285714285714285
1944,港湾局 :: 経理課,屬,1,21,0.047619047619047616
1944,港湾局 :: 経理課,技手補,1,21,0.047619047619047616
1944,港湾局 :: 経理課,理工技手,5,21,0.23809523809523808
1944,経済局 :: 化学工業指導所,Unknown,1,3,0.3333333333333333
1944,経済局 :: 化学工業指導所,所長理工技師,1,3,0.3333333333333333
1944,経済局 :: 化学工業指導所,技師,1,3,0.3333333333333333
1944,経済局 :: 合〓山垣島山場,主事,1,71,0.014084507042253521
1944,経済局 :: 合〓山垣島山場,主事補,33,71,0.4647887323943662
1944,経済局 :: 合〓山垣島山場,事務官,11,71,0.15492957746478872
1944,経済局 :: 合〓山垣島山場,係長,1,71,0.014084507042253521
1944,経済局 :: 合〓山垣島山場,屬,12,71,0.16901408450704225
1944,経済局 :: 合〓山垣島山場,技師,1,71,0.014084507042253521
1944,経済局 :: 合〓山垣島山場,技手,2,71,0.028169014084507043
1944,経済局 :: 合〓山垣島山場,雇,10,71,0.14084507042253522
1944,経済局 :: 品川機械工業指導所,主事補,3,9,0.3333333333333333
1944,経済局 :: 品川機械工業指導所,技手補,2,9,0.2222222222222222
1944,経済局 :: 品川機械工業指導所,理工技手,4,9,0.4444444444444444
1944,経済局 :: 商工課,Unknown,3,152,0.019736842105263157
1944,経済局 :: 商工課,主事補,12,152,0.07894736842105263
1944,経済局 :: 商工課,事務官,2,152,0.013157894736842105
1944,経済局 :: 商工課,係長,2,152,0.013157894736842105
1944,経済局 :: 商工課,兼,1,152,0.006578947368421052
1944,経済局 :: 商工課,屬,27,152,0.17763157894736842
1944,経済局 :: 商工課,技師,3,152,0.019736842105263157
1944,経済局 :: 商工課,技手,39,152,0.2565789473684211
1944,経済局 :: 商工課,技手補,7,152,0.046052631578947366
1944,経済局 :: 商工課,書記,1,152,0.006578947368421052
1944,経済局 :: 商工課,産業技手,27,152,0.17763157894736842
1944,経済局 :: 商工課,課長書記官,1,152,0.006578947368421052
1944,経済局 :: 商工課,雇,27,152,0.17763157894736842
1944,経済局 :: 商工課農務課,技手補,6,6,1
1944,経済局 :: 家畜市場,場長,1,4,0.25
1944,経済局 :: 家畜市場,技手,1,4,0.25
1944,経済局 :: 家畜市場,産業技手,1,4,0.25
1944,経済局 :: 家畜市場,雇,1,4,0.25
1944,経済局 :: 島嶼産業指導所,屬,1,5,0.2
1944,経済局 :: 島嶼産業指導所,技手補,1,5,0.2
1944,経済局 :: 島嶼産業指導所,産業技手,2,5,0.4
1944,経済局 :: 島嶼産業指導所,雇,1,5,0.2
1944,経済局 :: 料課資材課,兼,3,8,0.375
1944,経済局 :: 料課資材課,雇,5,8,0.625
1944,経済局 :: 本所機械工業指導所,主事補,1,6,0.16666666666666666
1944,経済局 :: 本所機械工業指導所,所長理工技師,1,6,0.16666666666666666
1944,経済局 :: 本所機械工業指導所,技手,1,6,0.16666666666666666
1944,経済局 :: 本所機械工業指導所,技手補,2,6,0.3333333333333333
1944,経済局 :: 本所機械工業指導所,理工技手,1,6,0.16666666666666666
1944,経済局 :: 本所職業補導所,主事補,1,5,0.2
1944,経済局 :: 本所職業補導所,所長,1,5,0.2
1944,経済局 :: 本所職業補導所,技手,3,5,0.6
1944,経済局 :: 林務課,Unknown,1,51,0.0196078431372549
1944,経済局 :: 林務課,主事補,1,51,0.0196078431372549
1944,経済局 :: 林務課,係長,2,51,0.0392156862745098
1944,経済局 :: 林務課,屬,7,51,0.13725490196078433
1944,経済局 :: 林務課,技師,3,51,0.058823529411764705
1944,経済局 :: 林務課,技手,15,51,0.29411764705882354
1944,経済局 :: 林務課,技手補,7,51,0.13725490196078433
1944,経済局 :: 林務課,産業技手,7,51,0.13725490196078433
1944,経済局 :: 林務課,課長書記官,1,51,0.0196078431372549
1944,経済局 :: 林務課,雇,7,51,0.13725490196078433
1944,経済局 :: 林務課食料課,所長事務取扱,2,18,0.1111111111111111
1944,経済局 :: 林務課食料課,産業技手,16,18,0.8888888888888888
1944,経済局 :: 林産物検査所三宅支所,産業技手,22,22,1
1944,経済局 :: 林産物検査所大島支所,所長事務取扱,1,12,0.08333333333333333
1944,経済局 :: 林産物検査所大島支所,産業技手,11,12,0.9166666666666666
1944,経済局 :: 林産物検査所深川支所,技手,1,30,0.03333333333333333
1944,経済局 :: 林産物検査所深川支所,産業技手,29,30,0.9666666666666667
1944,経済局 :: 荏原機械工補導所,所長,1,6,0.16666666666666666
1944,経済局 :: 荏原機械工補導所,技手,1,6,0.16666666666666666
1944,経済局 :: 荏原機械工補導所,技手補,1,6,0.16666666666666666
1944,経済局 :: 荏原機械工補導所,雇,3,6,0.5
1944,経済局 :: 荒川機械工業指導所,主事補,1,3,0.3333333333333333
1944,経済局 :: 荒川機械工業指導所,技手補,1,3,0.3333333333333333
1944,経済局 :: 荒川機械工業指導所,理工技手,1,3,0.3333333333333333
1944,経済局 :: 蒲田機械工業指導所,技手,1,2,0.5
1944,経済局 :: 蒲田機械工業指導所,技手補,1,2,0.5
1944,経済局 :: 調査室,雇,7,7,1
1944,経済局 :: 資材課,主事補,2,45,0.044444444444444446
1944,経済局 :: 資材課,事務官,1,45,0.022222222222222223
1944,経済局 :: 資材課,屬,30,45,0.6666666666666666
1944,経済局 :: 資材課,技師,1,45,0.022222222222222223
1944,経済局 :: 資材課,技手,1,45,0.022222222222222223
1944,経済局 :: 資材課,雇,10,45,0.2222222222222222
1944,経済局 :: 資材課計画局庶務課,主事補,4,8,0.5
1944,経済局 :: 資材課計画局庶務課,屬,4,8,0.5
1944,経済局 :: 農務課,Unknown,16,94,0.1702127659574468
1944,経済局 :: 農務課,係長,2,94,0.02127659574468085
1944,経済局 :: 農務課,屬,2,94,0.02127659574468085
1944,経済局 :: 農務課,技手,32,94,0.3404255319148936
1944,経済局 :: 農務課,技手補,19,94,0.20212765957446807
1944,経済局 :: 農務課,産業技手,21,94,0.22340425531914893
1944,経済局 :: 農務課,課長書記官,1,94,0.010638297872340425
1944,経済局 :: 農務課,雇,1,94,0.010638297872340425
1944,経済局 :: 農務課林務課,Unknown,1,22,0.045454545454545456
1944,経済局 :: 農務課林務課,事務官,1,22,0.045454545454545456
1944,経済局 :: 農務課林務課,技師,1,22,0.045454545454545456
1944,経済局 :: 農務課林務課,技手,5,22,0.22727272727272727
1944,経済局 :: 農務課林務課,技手補,12,22,0.5454545454545454
1944,経済局 :: 農務課林務課,雇,2,22,0.09090909090909091
1944,経済局 :: 食料課,Unknown,1,52,0.019230769230769232
1944,経済局 :: 食料課,主事補,5,52,0.09615384615384616
1944,経済局 :: 食料課,事務官,2,52,0.038461538461538464
1944,経済局 :: 食料課,係長,1,52,0.019230769230769232
1944,経済局 :: 食料課,兼,14,52,0.2692307692307692
1944,経済局 :: 食料課,屬,7,52,0.1346153846153846
1944,経済局 :: 食料課,技手,3,52,0.057692307692307696
1944,経済局 :: 食料課,技手補,1,52,0.019230769230769232
1944,経済局 :: 食料課,産業技手,5,52,0.09615384615384616
1944,経済局 :: 食料課,課長書記官,1,52,0.019230769230769232
1944,経済局 :: 食料課,雇,12,52,0.23076923076923078
1944,経済局 :: 食糧検査所,兼,4,17,0.23529411764705882
1944,経済局 :: 食糧検査所,屬,1,17,0.058823529411764705
1944,経済局 :: 食糧検査所,所長,1,17,0.058823529411764705
1944,経済局 :: 食糧検査所,技手,3,17,0.17647058823529413
1944,経済局 :: 食糧検査所,技手補,1,17,0.058823529411764705
1944,経済局 :: 食糧検査所,産業技手,6,17,0.35294117647058826
1944,経済局 :: 食糧検査所,雇,1,17,0.058823529411764705
1944,経済局 :: 食糧検査所八王子支所,技手,1,3,0.3333333333333333
1944,経済局 :: 食糧検査所八王子支所,産業技手,2,3,0.6666666666666666
1944,経済局 :: 食糧検査所府中支所,兼,20,31,0.6451612903225806
1944,経済局 :: 食糧検査所府中支所,技手,3,31,0.0967741935483871
1944,経済局 :: 食糧検査所府中支所,産業技手,8,31,0.25806451612903225
1944,経済局 :: 食糧検査所東京支所,兼,13,20,0.65
1944,経済局 :: 食糧検査所東京支所,産業技手,4,20,0.2
1944,経済局 :: 食糧検査所東京支所,雇,3,20,0.15
1944,経済局 :: 食糧検査所青梅支所,兼,5,13,0.38461538461538464
1944,経済局 :: 食糧検査所青梅支所,技手,1,13,0.07692307692307693
1944,経済局 :: 食糧検査所青梅支所,産業技手,6,13,0.46153846153846156
1944,経済局 :: 食糧検査所青梅支所,雇,1,13,0.07692307692307693
1944,計画局 :: 事務所,技手補,3,9,0.3333333333333333
1944,計画局 :: 事務所,理工技手,3,9,0.3333333333333333
1944,計画局 :: 事務所,監視,1,9,0.1111111111111111
1944,計画局 :: 事務所,雇,2,9,0.2222222222222222
1944,計画局 :: 企画課,Unknown,30,242,0.12396694214876033
1944,計画局 :: 企画課,主事,1,242,0.004132231404958678
1944,計画局 :: 企画課,主事補,57,242,0.23553719008264462
1944,計画局 :: 企画課,係長,12,242,0.049586776859504134
1944,計画局 :: 企画課,屬,8,242,0.03305785123966942
1944,計画局 :: 企画課,技師,2,242,0.008264462809917356
1944,計画局 :: 企画課,技手,10,242,0.04132231404958678
1944,計画局 :: 企画課,技手補,40,242,0.1652892561983471
1944,計画局 :: 企画課,理工技手,68,242,0.2809917355371901
1944,計画局 :: 企画課,課長,1,242,0.004132231404958678
1944,計画局 :: 企画課,雇,13,242,0.05371900826446281
1944,計画局 :: 公園緑地課,Unknown,3,93,0.03225806451612903
1944,計画局 :: 公園緑地課,主事,1,93,0.010752688172043012
1944,計画局 :: 公園緑地課,主事補,19,93,0.20430107526881722
1944,計画局 :: 公園緑地課,係長,2,93,0.021505376344086023
1944,計画局 :: 公園緑地課,屬,9,93,0.0967741935483871
1944,計画局 :: 公園緑地課,技師,2,93,0.021505376344086023
1944,計画局 :: 公園緑地課,技手,11,93,0.11827956989247312
1944,計画局 :: 公園緑地課,技手補,26,93,0.27956989247311825
1944,計画局 :: 公園緑地課,理工技手,10,93,0.10752688172043011
1944,計画局 :: 公園緑地課,監視,10,93,0.10752688172043011
1944,計画局 :: 公園緑地課道路課,理工技手,1,1,1
1944,計画局 :: 営繕課,Unknown,25,194,0.12886597938144329
1944,計画局 :: 営繕課,主事,1,194,0.005154639175257732
1944,計画局 :: 営繕課,主事補,10,194,0.05154639175257732
1944,計画局 :: 営繕課,係長,6,194,0.030927835051546393
1944,計画局 :: 営繕課,屬,6,194,0.030927835051546393
1944,計画局 :: 営繕課,巡視,2,194,0.010309278350515464
1944,計画局 :: 営繕課,技師,2,194,0.010309278350515464
1944,計画局 :: 営繕課,技手,40,194,0.20618556701030927
1944,計画局 :: 営繕課,技手補,32,194,0.16494845360824742
1944,計画局 :: 営繕課,理工技手,63,194,0.3247422680412371
1944,計画局 :: 営繕課,課長技師,1,194,0.005154639175257732
1944,計画局 :: 営繕課,雇,6,194,0.030927835051546393
1944,計画局 :: 多磨墓地管理事務所,主事補,1,13,0.07692307692307693
1944,計画局 :: 多磨墓地管理事務所,技手,1,13,0.07692307692307693
1944,計画局 :: 多磨墓地管理事務所,技手補,1,13,0.07692307692307693
1944,計画局 :: 多磨墓地管理事務所,理工技手,9,13,0.6923076923076923
1944,計画局 :: 多磨墓地管理事務所,監視,1,13,0.07692307692307693
1944,計画局 :: 大島公園事務所,技手補,1,3,0.3333333333333333
1944,計画局 :: 大島公園事務所,理工技手,2,3,0.6666666666666666
1944,計画局 :: 庶務課,Unknown,5,123,0.04065040650406504
1944,計画局 :: 庶務課,主事,1,123,0.008130081300813009
1944,計画局 :: 庶務課,主事補,23,123,0.18699186991869918
1944,計画局 :: 庶務課,事務官,2,123,0.016260162601626018
1944,計画局 :: 庶務課,係長,1,123,0.008130081300813009
1944,計画局 :: 庶務課,局長,1,123,0.008130081300813009
1944,計画局 :: 庶務課,屬,20,123,0.16260162601626016
1944,計画局 :: 庶務課,巡視,22,123,0.17886178861788618
1944,計画局 :: 庶務課,技師,1,123,0.008130081300813009
1944,計画局 :: 庶務課,技手,7,123,0.056910569105691054
1944,計画局 :: 庶務課,技手補,8,123,0.06504065040650407
1944,計画局 :: 庶務課,理工技手,31,123,0.25203252032520324
1944,計画局 :: 庶務課,雇,1,123,0.008130081300813009
1944,計画局 :: 庶務課都市計画課,兼,3,11,0.2727272727272727
1944,計画局 :: 庶務課都市計画課,技手,2,11,0.18181818181818182
1944,計画局 :: 庶務課都市計画課,技手補,6,11,0.5454545454545454
1944,計画局 :: 河川課,Unknown,5,154,0.032467532467532464
1944,計画局 :: 河川課,主事補,7,154,0.045454545454545456
1944,計画局 :: 河川課,事務官,2,154,0.012987012987012988
1944,計画局 :: 河川課,係長,1,154,0.006493506493506494
1944,計画局 :: 河川課,屬,1,154,0.006493506493506494
1944,計画局 :: 河川課,技手,28,154,0.18181818181818182
1944,計画局 :: 河川課,技手補,70,154,0.45454545454545453
1944,計画局 :: 河川課,書記,9,154,0.05844155844155844
1944,計画局 :: 河川課,理工技手,4,154,0.025974025974025976
1944,計画局 :: 河川課,臨時,1,154,0.006493506493506494
1944,計画局 :: 河川課,課長技師,6,154,0.03896103896103896
1944,計画局 :: 河川課,雇,20,154,0.12987012987012986
1944,計画局 :: 瀝青混合所,主事補,1,8,0.125
1944,計画局 :: 瀝青混合所,巡視,1,8,0.125
1944,計画局 :: 瀝青混合所,理工技手,6,8,0.75
1944,計画局 :: 第一出張所,主事補,1,5,0.2
1944,計画局 :: 第一出張所,所長,1,5,0.2
1944,計画局 :: 第一出張所,技手補,1,5,0.2
1944,計画局 :: 第一出張所,理工技手,1,5,0.2
1944,計画局 :: 第一出張所,雇,1,5,0.2
1944,計画局 :: 第七出張所,主事補,1,17,0.058823529411764705
1944,計画局 :: 第七出張所,所長,1,17,0.058823529411764705
1944,計画局 :: 第七出張所,技手補,5,17,0.29411764705882354
1944,計画局 :: 第七出張所,理工技手,10,17,0.5882352941176471
1944,計画局 :: 第三出張所,技手補,1,1,1
1944,計画局 :: 第二出張所,所長,1,5,0.2
1944,計画局 :: 第二出張所,技手補,2,5,0.4
1944,計画局 :: 第二出張所,理工技手,2,5,0.4
1944,計画局 :: 第五出張所,主事補,1,6,0.16666666666666666
1944,計画局 :: 第五出張所,技手,1,6,0.16666666666666666
1944,計画局 :: 第五出張所,技手補,3,6,0.5
1944,計画局 :: 第五出張所,理工技手,1,6,0.16666666666666666
1944,計画局 :: 第八出張所,主事補,1,6,0.16666666666666666
1944,計画局 :: 第八出張所,所長,1,6,0.16666666666666666
1944,計画局 :: 第八出張所,技手補,1,6,0.16666666666666666
1944,計画局 :: 第八出張所,理工技手,2,6,0.3333333333333333
1944,計画局 :: 第八出張所,雇,1,6,0.16666666666666666
1944,計画局 :: 第六出張所,主事補,2,8,0.25
1944,計画局 :: 第六出張所,所長理工技師,1,8,0.125
1944,計画局 :: 第六出張所,技手,1,8,0.125
1944,計画局 :: 第六出張所,技手補,1,8,0.125
1944,計画局 :: 第六出張所,理工技手,2,8,0.25
1944,計画局 :: 第六出張所,雇,1,8,0.125
1944,計画局 :: 第四出張所,主事補,3,7,0.42857142857142855
1944,計画局 :: 第四出張所,所長理工技師,1,7,0.14285714285714285
1944,計画局 :: 第四出張所,技手補,2,7,0.2857142857142857
1944,計画局 :: 第四出張所,理工技手,1,7,0.14285714285714285
1944,計画局 :: 道路課,Unknown,4,115,0.034782608695652174
1944,計画局 :: 道路課,事務官,8,115,0.06956521739130435
1944,計画局 :: 道路課,係長,2,115,0.017391304347826087
1944,計画局 :: 道路課,屬,1,115,0.008695652173913044
1944,計画局 :: 道路課,技手,38,115,0.33043478260869563
1944,計画局 :: 道路課,技手補,18,115,0.1565217391304348
1944,計画局 :: 道路課,理工技手,27,115,0.23478260869565218
1944,計画局 :: 道路課,課長技師,1,115,0.008695652173913044
1944,計画局 :: 道路課,雇,16,115,0.1391304347826087
1944,計画局 :: 都市計画課,主事,1,30,0.03333333333333333
1944,計画局 :: 都市計画課,主事補,3,30,0.1
1944,計画局 :: 都市計画課,事務官,1,30,0.03333333333333333
1944,計画局 :: 都市計画課,係長,1,30,0.03333333333333333
1944,計画局 :: 都市計画課,兼,23,30,0.7666666666666667
1944,計画局 :: 都市計画課,課長書記官,1,30,0.03333333333333333
1944,計画局 :: 防火改修課,主事補,18,48,0.375
1944,計画局 :: 防火改修課,係長,8,48,0.16666666666666666
1944,計画局 :: 防火改修課,技手,9,48,0.1875
1944,計画局 :: 防火改修課,技手補,8,48,0.16666666666666666
1944,計画局 :: 防火改修課,理工技手,3,48,0.0625
1944,計画局 :: 防火改修課,課長技師,2,48,0.041666666666666664
1944,長官官房 :: 人事課,Unknown,11,48,0.22916666666666666
1944,長官官房 :: 人事課,主事,1,48,0.020833333333333332
1944,長官官房 :: 人事課,主事補,4,48,0.08333333333333333
1944,長官官房 :: 人事課,事務官,15,48,0.3125
1944,長官官房 :: 人事課,係長,1,48,0.020833333333333332
1944,長官官房 :: 人事課,課長書記官,1,48,0.020833333333333332
1944,長官官房 :: 人事課,雇,15,48,0.3125
1944,長官官房 :: 参事官室,主事補,3,9,0.3333333333333333
1944,長官官房 :: 参事官室,事務官,3,9,0.3333333333333333
1944,長官官房 :: 参事官室,看護婦,1,9,0.1111111111111111
1944,長官官房 :: 参事官室,雇,2,9,0.2222222222222222
1944,長官官房 :: 文書課,Unknown,12,202,0.0594059405940594
1944,長官官房 :: 文書課,主事,2,202,0.009900990099009901
1944,長官官房 :: 文書課,主事補,113,202,0.5594059405940595
1944,長官官房 :: 文書課,事務官,20,202,0.09900990099009901
1944,長官官房 :: 文書課,係長,37,202,0.18316831683168316
1944,長官官房 :: 文書課,屬,11,202,0.054455445544554455
1944,長官官房 :: 文書課,巡視,2,202,0.009900990099009901
1944,長官官房 :: 文書課,技手,1,202,0.0049504950495049506
1944,長官官房 :: 文書課,理工技手,1,202,0.0049504950495049506
1944,長官官房 :: 文書課,課長書記官,2,202,0.009900990099009901
1944,長官官房 :: 文書課,雇,1,202,0.0049504950495049506
1944,長官官房 :: 用度課,Unknown,18,173,0.10404624277456648
1944,長官官房 :: 用度課,主事,1,173,0.005780346820809248
1944,長官官房 :: 用度課,主事補,37,173,0.2138728323699422
1944,長官官房 :: 用度課,係長,3,173,0.017341040462427744
1944,長官官房 :: 用度課,巡視,9,173,0.05202312138728324
1944,長官官房 :: 用度課,技師,2,173,0.011560693641618497
1944,長官官房 :: 用度課,技手補,72,173,0.4161849710982659
1944,長官官房 :: 用度課,理工技手,20,173,0.11560693641618497
1944,長官官房 :: 用度課,課長書記官,1,173,0.005780346820809248
1944,長官官房 :: 用度課,雇,10,173,0.057803468208092484
1944,長官官房 :: 用度課考査課,理工技手,1,1,1
1944,長官官房 :: 考査課,Unknown,1,53,0.018867924528301886
1944,長官官房 :: 考査課,主事,2,53,0.03773584905660377
1944,長官官房 :: 考査課,主事補,29,53,0.5471698113207547
1944,長官官房 :: 考査課,事務官,10,53,0.18867924528301888
1944,長官官房 :: 考査課,係長,2,53,0.03773584905660377
1944,長官官房 :: 考査課,屬,8,53,0.1509433962264151
1944,長官官房 :: 考査課,課長書記官,1,53,0.018867924528301886
1944,長官官房 :: 財務課,Unknown,16,127,0.12598425196850394
1944,長官官房 :: 財務課,主事補,36,127,0.28346456692913385
1944,長官官房 :: 財務課,事務官,7,127,0.05511811023622047
1944,長官官房 :: 財務課,係長,5,127,0.03937007874015748
1944,長官官房 :: 財務課,屬,33,127,0.25984251968503935
1944,長官官房 :: 財務課,技手,2,127,0.015748031496062992
1944,長官官房 :: 財務課,理工技手,13,127,0.10236220472440945
1944,長官官房 :: 財務課,雇,15,127,0.11811023622047244
